url,google_verdict,verdict,expected_label,label_match,google_available,google_safe_browsing,model_prediction,model_status,model_confidence,google_flagged,reasoning,error,raw_json
http://codeforces.com,clean,blocked by model,,,True,{},PHISHING,0,59.677757263183594,False,Qty Dot Domain=1.0 (increases phishing risk) | Qty Tld Url=3.0 (increases phishing risk),,"{""google_available"": true, ""google_flagged"": false, ""google_safe_browsing"": {}, ""model_confidence"": 59.677757263183594, ""model_prediction"": ""PHISHING"", ""model_reasoning"": [{""feature"": ""Qty Dot Domain"", ""impact"": ""increases phishing risk"", ""shap_value"": 0.9897260665893555, ""value"": 1.0}, {""feature"": ""Qty Tld Url"", ""impact"": ""increases phishing risk"", ""shap_value"": 0.44281312823295593, ""value"": 3.0}], ""model_status"": 0, ""url"": ""http://codeforces.com""}"
http://diamondrelated.net,clean,blocked by model,,,True,{},PHISHING,0,62.1378173828125,False,Qty Dot Domain=1.0 (increases phishing risk) | Qty Tld Url=3.0 (increases phishing risk),,"{""google_available"": true, ""google_flagged"": false, ""google_safe_browsing"": {}, ""model_confidence"": 62.1378173828125, ""model_prediction"": ""PHISHING"", ""model_reasoning"": [{""feature"": ""Qty Dot Domain"", ""impact"": ""increases phishing risk"", ""shap_value"": 0.9429249167442322, ""value"": 1.0}, {""feature"": ""Qty Tld Url"", ""impact"": ""increases phishing risk"", ""shap_value"": 0.36093631386756897, ""value"": 3.0}], ""model_status"": 0, ""url"": ""http://diamondrelated.net""}"
http://diamonds4yuu.blogspot.bg,clean,blocked by model,,,True,{},PHISHING,0,89.03668975830078,False,Qty Tld Url=2.0 (increases phishing risk) | Qty Dot Domain=2.0 (decreases phishing risk),,"{""google_available"": true, ""google_flagged"": false, ""google_safe_browsing"": {}, ""model_confidence"": 89.03668975830078, ""model_prediction"": ""PHISHING"", ""model_reasoning"": [{""feature"": ""Qty Tld Url"", ""impact"": ""increases phishing risk"", ""shap_value"": 0.42643919587135315, ""value"": 2.0}, {""feature"": ""Qty Dot Domain"", ""impact"": ""decreases phishing risk"", ""shap_value"": -0.3075622022151947, ""value"": 2.0}], ""model_status"": 0, ""url"": ""http://diamonds4yuu.blogspot.bg""}"
http://diamonds4yuu.blogspot.co.ke,clean,blocked by model,,,True,{},PHISHING,0,60.291202545166016,False,Qty Tld Url=2.0 (increases phishing risk) | Domain Length=27.0 (increases phishing risk) | Qty Dot Domain=3.0 (decreases phishing risk),,"{""google_available"": true, ""google_flagged"": false, ""google_safe_browsing"": {}, ""model_confidence"": 60.291202545166016, ""model_prediction"": ""PHISHING"", ""model_reasoning"": [{""feature"": ""Qty Tld Url"", ""impact"": ""increases phishing risk"", ""shap_value"": 1.1518574953079224, ""value"": 2.0}, {""feature"": ""Domain Length"", ""impact"": ""increases phishing risk"", ""shap_value"": 0.5570436120033264, ""value"": 27.0}, {""feature"": ""Qty Dot Domain"", ""impact"": ""decreases phishing risk"", ""shap_value"": -0.5383526086807251, ""value"": 3.0}], ""model_status"": 0, ""url"": ""http://diamonds4yuu.blogspot.co.ke""}"
http://diamonds4yuu.blogspot.com,clean,allowed,,,True,{},Legitimate,1,62.42061996459961,False,Qty Vowels Domain=8.0 (increases phishing risk) | Qty Tld Url=3.0 (increases phishing risk),,"{""google_available"": true, ""google_flagged"": false, ""google_safe_browsing"": {}, ""model_confidence"": 62.42061996459961, ""model_prediction"": ""Legitimate"", ""model_reasoning"": [{""feature"": ""Qty Vowels Domain"", ""impact"": ""increases phishing risk"", ""shap_value"": 1.0515031814575195, ""value"": 8.0}, {""feature"": ""Qty Tld Url"", ""impact"": ""increases phishing risk"", ""shap_value"": 0.8458908796310425, ""value"": 3.0}], ""model_status"": 1, ""url"": ""http://diamonds4yuu.blogspot.com""}"
http://diamonds4yuu.blogspot.com.es,clean,blocked by model,,,True,{},PHISHING,0,66.93541717529297,False,Qty Tld Url=2.0 (increases phishing risk) | Qty Dot Domain=3.0 (decreases phishing risk) | Domain Length=28.0 (increases phishing risk),,"{""google_available"": true, ""google_flagged"": false, ""google_safe_browsing"": {}, ""model_confidence"": 66.93541717529297, ""model_prediction"": ""PHISHING"", ""model_reasoning"": [{""feature"": ""Qty Tld Url"", ""impact"": ""increases phishing risk"", ""shap_value"": 1.1609219312667847, ""value"": 2.0}, {""feature"": ""Qty Dot Domain"", ""impact"": ""decreases phishing risk"", ""shap_value"": -0.5424120426177979, ""value"": 3.0}, {""feature"": ""Domain Length"", ""impact"": ""increases phishing risk"", ""shap_value"": 0.47013232111930847, ""value"": 28.0}], ""model_status"": 0, ""url"": ""http://diamonds4yuu.blogspot.com.es""}"
http://diamonds4yuu.blogspot.com.ng,clean,blocked by model,,,True,{},PHISHING,0,58.970367431640625,False,Qty Tld Url=2.0 (increases phishing risk) | Qty Dot Domain=3.0 (decreases phishing risk) | Qty Vowels Domain=8.0 (increases phishing risk),,"{""google_available"": true, ""google_flagged"": false, ""google_safe_browsing"": {}, ""model_confidence"": 58.970367431640625, ""model_prediction"": ""PHISHING"", ""model_reasoning"": [{""feature"": ""Qty Tld Url"", ""impact"": ""increases phishing risk"", ""shap_value"": 1.1584261655807495, ""value"": 2.0}, {""feature"": ""Qty Dot Domain"", ""impact"": ""decreases phishing risk"", ""shap_value"": -0.4712947905063629, ""value"": 3.0}, {""feature"": ""Qty Vowels Domain"", ""impact"": ""increases phishing risk"", ""shap_value"": 0.4549921751022339, ""value"": 8.0}], ""model_status"": 0, ""url"": ""http://diamonds4yuu.blogspot.com.ng""}"
http://diamonds4yuu.blogspot.cz,clean,blocked by model,,,True,{},PHISHING,0,89.03668975830078,False,Qty Tld Url=2.0 (increases phishing risk) | Qty Dot Domain=2.0 (decreases phishing risk),,"{""google_available"": true, ""google_flagged"": false, ""google_safe_browsing"": {}, ""model_confidence"": 89.03668975830078, ""model_prediction"": ""PHISHING"", ""model_reasoning"": [{""feature"": ""Qty Tld Url"", ""impact"": ""increases phishing risk"", ""shap_value"": 0.42643919587135315, ""value"": 2.0}, {""feature"": ""Qty Dot Domain"", ""impact"": ""decreases phishing risk"", ""shap_value"": -0.3075622022151947, ""value"": 2.0}], ""model_status"": 0, ""url"": ""http://diamonds4yuu.blogspot.cz""}"
http://diamonds4yuu.blogspot.fi,clean,allowed,,,True,{},Legitimate,1,53.13538360595703,False,Qty Vowels Domain=8.0 (increases phishing risk) | Qty Tld Url=2.0 (increases phishing risk),,"{""google_available"": true, ""google_flagged"": false, ""google_safe_browsing"": {}, ""model_confidence"": 53.13538360595703, ""model_prediction"": ""Legitimate"", ""model_reasoning"": [{""feature"": ""Qty Vowels Domain"", ""impact"": ""increases phishing risk"", ""shap_value"": 0.9771952629089355, ""value"": 8.0}, {""feature"": ""Qty Tld Url"", ""impact"": ""increases phishing risk"", ""shap_value"": 0.7947012186050415, ""value"": 2.0}], ""model_status"": 1, ""url"": ""http://diamonds4yuu.blogspot.fi""}"
http://diamonds4yuu.blogspot.hk,clean,blocked by model,,,True,{},PHISHING,0,89.03668975830078,False,Qty Tld Url=2.0 (increases phishing risk) | Qty Dot Domain=2.0 (decreases phishing risk),,"{""google_available"": true, ""google_flagged"": false, ""google_safe_browsing"": {}, ""model_confidence"": 89.03668975830078, ""model_prediction"": ""PHISHING"", ""model_reasoning"": [{""feature"": ""Qty Tld Url"", ""impact"": ""increases phishing risk"", ""shap_value"": 0.42643919587135315, ""value"": 2.0}, {""feature"": ""Qty Dot Domain"", ""impact"": ""decreases phishing risk"", ""shap_value"": -0.3075622022151947, ""value"": 2.0}], ""model_status"": 0, ""url"": ""http://diamonds4yuu.blogspot.hk""}"
http://diamonds4yuu.blogspot.hr,clean,blocked by model,,,True,{},PHISHING,0,89.03668975830078,False,Qty Tld Url=2.0 (increases phishing risk) | Qty Dot Domain=2.0 (decreases phishing risk),,"{""google_available"": true, ""google_flagged"": false, ""google_safe_browsing"": {}, ""model_confidence"": 89.03668975830078, ""model_prediction"": ""PHISHING"", ""model_reasoning"": [{""feature"": ""Qty Tld Url"", ""impact"": ""increases phishing risk"", ""shap_value"": 0.42643919587135315, ""value"": 2.0}, {""feature"": ""Qty Dot Domain"", ""impact"": ""decreases phishing risk"", ""shap_value"": -0.3075622022151947, ""value"": 2.0}], ""model_status"": 0, ""url"": ""http://diamonds4yuu.blogspot.hr""}"
http://diamonds4yuu.blogspot.in,clean,allowed,,,True,{},Legitimate,1,53.13538360595703,False,Qty Vowels Domain=8.0 (increases phishing risk) | Qty Tld Url=2.0 (increases phishing risk),,"{""google_available"": true, ""google_flagged"": false, ""google_safe_browsing"": {}, ""model_confidence"": 53.13538360595703, ""model_prediction"": ""Legitimate"", ""model_reasoning"": [{""feature"": ""Qty Vowels Domain"", ""impact"": ""increases phishing risk"", ""shap_value"": 0.9771952629089355, ""value"": 8.0}, {""feature"": ""Qty Tld Url"", ""impact"": ""increases phishing risk"", ""shap_value"": 0.7947012186050415, ""value"": 2.0}], ""model_status"": 1, ""url"": ""http://diamonds4yuu.blogspot.in""}"
http://diamonds4yuu.blogspot.it,clean,allowed,,,True,{},Legitimate,1,53.13538360595703,False,Qty Vowels Domain=8.0 (increases phishing risk) | Qty Tld Url=2.0 (increases phishing risk),,"{""google_available"": true, ""google_flagged"": false, ""google_safe_browsing"": {}, ""model_confidence"": 53.13538360595703, ""model_prediction"": ""Legitimate"", ""model_reasoning"": [{""feature"": ""Qty Vowels Domain"", ""impact"": ""increases phishing risk"", ""shap_value"": 0.9771952629089355, ""value"": 8.0}, {""feature"": ""Qty Tld Url"", ""impact"": ""increases phishing risk"", ""shap_value"": 0.7947012186050415, ""value"": 2.0}], ""model_status"": 1, ""url"": ""http://diamonds4yuu.blogspot.it""}"
http://diamonds4yuu.blogspot.jp,clean,blocked by model,,,True,{},PHISHING,0,89.03668975830078,False,Qty Tld Url=2.0 (increases phishing risk) | Qty Dot Domain=2.0 (decreases phishing risk),,"{""google_available"": true, ""google_flagged"": false, ""google_safe_browsing"": {}, ""model_confidence"": 89.03668975830078, ""model_prediction"": ""PHISHING"", ""model_reasoning"": [{""feature"": ""Qty Tld Url"", ""impact"": ""increases phishing risk"", ""shap_value"": 0.42643919587135315, ""value"": 2.0}, {""feature"": ""Qty Dot Domain"", ""impact"": ""decreases phishing risk"", ""shap_value"": -0.3075622022151947, ""value"": 2.0}], ""model_status"": 0, ""url"": ""http://diamonds4yuu.blogspot.jp""}"
http://diamonds4yuu.blogspot.kr,clean,blocked by model,,,True,{},PHISHING,0,89.03668975830078,False,Qty Tld Url=2.0 (increases phishing risk) | Qty Dot Domain=2.0 (decreases phishing risk),,"{""google_available"": true, ""google_flagged"": false, ""google_safe_browsing"": {}, ""model_confidence"": 89.03668975830078, ""model_prediction"": ""PHISHING"", ""model_reasoning"": [{""feature"": ""Qty Tld Url"", ""impact"": ""increases phishing risk"", ""shap_value"": 0.42643919587135315, ""value"": 2.0}, {""feature"": ""Qty Dot Domain"", ""impact"": ""decreases phishing risk"", ""shap_value"": -0.3075622022151947, ""value"": 2.0}], ""model_status"": 0, ""url"": ""http://diamonds4yuu.blogspot.kr""}"
http://diamonds4yuu.blogspot.nl,clean,blocked by model,,,True,{},PHISHING,0,89.03668975830078,False,Qty Tld Url=2.0 (increases phishing risk) | Qty Dot Domain=2.0 (decreases phishing risk),,"{""google_available"": true, ""google_flagged"": false, ""google_safe_browsing"": {}, ""model_confidence"": 89.03668975830078, ""model_prediction"": ""PHISHING"", ""model_reasoning"": [{""feature"": ""Qty Tld Url"", ""impact"": ""increases phishing risk"", ""shap_value"": 0.42643919587135315, ""value"": 2.0}, {""feature"": ""Qty Dot Domain"", ""impact"": ""decreases phishing risk"", ""shap_value"": -0.3075622022151947, ""value"": 2.0}], ""model_status"": 0, ""url"": ""http://diamonds4yuu.blogspot.nl""}"
http://diamonds4yuu.blogspot.no,clean,allowed,,,True,{},Legitimate,1,53.13538360595703,False,Qty Vowels Domain=8.0 (increases phishing risk) | Qty Tld Url=2.0 (increases phishing risk),,"{""google_available"": true, ""google_flagged"": false, ""google_safe_browsing"": {}, ""model_confidence"": 53.13538360595703, ""model_prediction"": ""Legitimate"", ""model_reasoning"": [{""feature"": ""Qty Vowels Domain"", ""impact"": ""increases phishing risk"", ""shap_value"": 0.9771952629089355, ""value"": 8.0}, {""feature"": ""Qty Tld Url"", ""impact"": ""increases phishing risk"", ""shap_value"": 0.7947012186050415, ""value"": 2.0}], ""model_status"": 1, ""url"": ""http://diamonds4yuu.blogspot.no""}"
http://diamonds4yuu.blogspot.qa,clean,allowed,,,True,{},Legitimate,1,53.13538360595703,False,Qty Vowels Domain=8.0 (increases phishing risk) | Qty Tld Url=2.0 (increases phishing risk),,"{""google_available"": true, ""google_flagged"": false, ""google_safe_browsing"": {}, ""model_confidence"": 53.13538360595703, ""model_prediction"": ""Legitimate"", ""model_reasoning"": [{""feature"": ""Qty Vowels Domain"", ""impact"": ""increases phishing risk"", ""shap_value"": 0.9771952629089355, ""value"": 8.0}, {""feature"": ""Qty Tld Url"", ""impact"": ""increases phishing risk"", ""shap_value"": 0.7947012186050415, ""value"": 2.0}], ""model_status"": 1, ""url"": ""http://diamonds4yuu.blogspot.qa""}"
http://diamonds4yuu.blogspot.rs,clean,blocked by model,,,True,{},PHISHING,0,89.03668975830078,False,Qty Tld Url=2.0 (increases phishing risk) | Qty Dot Domain=2.0 (decreases phishing risk),,"{""google_available"": true, ""google_flagged"": false, ""google_safe_browsing"": {}, ""model_confidence"": 89.03668975830078, ""model_prediction"": ""PHISHING"", ""model_reasoning"": [{""feature"": ""Qty Tld Url"", ""impact"": ""increases phishing risk"", ""shap_value"": 0.42643919587135315, ""value"": 2.0}, {""feature"": ""Qty Dot Domain"", ""impact"": ""decreases phishing risk"", ""shap_value"": -0.3075622022151947, ""value"": 2.0}], ""model_status"": 0, ""url"": ""http://diamonds4yuu.blogspot.rs""}"
http://diamonds4yuu.blogspot.tw,clean,blocked by model,,,True,{},PHISHING,0,89.03668975830078,False,Qty Tld Url=2.0 (increases phishing risk) | Qty Dot Domain=2.0 (decreases phishing risk),,"{""google_available"": true, ""google_flagged"": false, ""google_safe_browsing"": {}, ""model_confidence"": 89.03668975830078, ""model_prediction"": ""PHISHING"", ""model_reasoning"": [{""feature"": ""Qty Tld Url"", ""impact"": ""increases phishing risk"", ""shap_value"": 0.42643919587135315, ""value"": 2.0}, {""feature"": ""Qty Dot Domain"", ""impact"": ""decreases phishing risk"", ""shap_value"": -0.3075622022151947, ""value"": 2.0}], ""model_status"": 0, ""url"": ""http://diamonds4yuu.blogspot.tw""}"
http://diamonds999.duckdns.org,clean,blocked by model,,,True,{},PHISHING,0,93.25393676757812,False,Qty Dot Domain=2.0 (decreases phishing risk) | Qty Tld Url=3.0 (increases phishing risk),,"{""google_available"": true, ""google_flagged"": false, ""google_safe_browsing"": {}, ""model_confidence"": 93.25393676757812, ""model_prediction"": ""PHISHING"", ""model_reasoning"": [{""feature"": ""Qty Dot Domain"", ""impact"": ""decreases phishing risk"", ""shap_value"": -0.3107070326805115, ""value"": 2.0}, {""feature"": ""Qty Tld Url"", ""impact"": ""increases phishing risk"", ""shap_value"": 0.2524827718734741, ""value"": 3.0}], ""model_status"": 0, ""url"": ""http://diamonds999.duckdns.org""}"
http://diamondschoolss.pages.dev,clean,allowed,,,True,{},Legitimate,1,62.42061996459961,False,Qty Vowels Domain=8.0 (increases phishing risk) | Qty Tld Url=3.0 (increases phishing risk),,"{""google_available"": true, ""google_flagged"": false, ""google_safe_browsing"": {}, ""model_confidence"": 62.42061996459961, ""model_prediction"": ""Legitimate"", ""model_reasoning"": [{""feature"": ""Qty Vowels Domain"", ""impact"": ""increases phishing risk"", ""shap_value"": 1.0515031814575195, ""value"": 8.0}, {""feature"": ""Qty Tld Url"", ""impact"": ""increases phishing risk"", ""shap_value"": 0.8458908796310425, ""value"": 3.0}], ""model_status"": 1, ""url"": ""http://diamondschoolss.pages.dev""}"
http://diamonds.event-redeem.com,clean,blocked by model,,,True,{},PHISHING,0,59.87445068359375,False,Qty Tld Url=3.0 (increases phishing risk) | Qty Hyphen Url=1.0 (increases phishing risk),,"{""google_available"": true, ""google_flagged"": false, ""google_safe_browsing"": {}, ""model_confidence"": 59.87445068359375, ""model_prediction"": ""PHISHING"", ""model_reasoning"": [{""feature"": ""Qty Tld Url"", ""impact"": ""increases phishing risk"", ""shap_value"": 0.8904193639755249, ""value"": 3.0}, {""feature"": ""Qty Hyphen Url"", ""impact"": ""increases phishing risk"", ""shap_value"": 0.3481551706790924, ""value"": 1.0}], ""model_status"": 0, ""url"": ""http://diamonds.event-redeem.com""}"
http://diamondsgift-mt.duckdns.org,clean,blocked by model,,,True,{},PHISHING,0,62.18049621582031,False,Domain Length=27.0 (increases phishing risk) | Qty Tld Url=3.0 (increases phishing risk) | Length Url=27.0 (increases phishing risk),,"{""google_available"": true, ""google_flagged"": false, ""google_safe_browsing"": {}, ""model_confidence"": 62.18049621582031, ""model_prediction"": ""PHISHING"", ""model_reasoning"": [{""feature"": ""Domain Length"", ""impact"": ""increases phishing risk"", ""shap_value"": 0.4859679341316223, ""value"": 27.0}, {""feature"": ""Qty Tld Url"", ""impact"": ""increases phishing risk"", ""shap_value"": 0.4840654134750366, ""value"": 3.0}, {""feature"": ""Length Url"", ""impact"": ""increases phishing risk"", ""shap_value"": 0.3325575292110443, ""value"": 27.0}], ""model_status"": 0, ""url"": ""http://diamondsgift-mt.duckdns.org""}"
http://diamonds-gratis-codashop.duckdns.org,clean,allowed,,,True,{},Legitimate,1,91.2133560180664,False,Length Url=36.0 (increases phishing risk) | Qty Vowels Domain=10.0 (increases phishing risk) | Qty Tld Url=3.0 (increases phishing risk),,"{""google_available"": true, ""google_flagged"": false, ""google_safe_browsing"": {}, ""model_confidence"": 91.2133560180664, ""model_prediction"": ""Legitimate"", ""model_reasoning"": [{""feature"": ""Length Url"", ""impact"": ""increases phishing risk"", ""shap_value"": 1.0708063840866089, ""value"": 36.0}, {""feature"": ""Qty Vowels Domain"", ""impact"": ""increases phishing risk"", ""shap_value"": 0.7498760223388672, ""value"": 10.0}, {""feature"": ""Qty Tld Url"", ""impact"": ""increases phishing risk"", ""shap_value"": 0.7343860864639282, ""value"": 3.0}], ""model_status"": 1, ""url"": ""http://diamonds-gratis-codashop.duckdns.org""}"
http://diamondshopee.com,clean,blocked by model,,,True,{},PHISHING,0,65.95339965820312,False,Qty Dot Domain=1.0 (increases phishing risk) | Qty Tld Url=3.0 (increases phishing risk),,"{""google_available"": true, ""google_flagged"": false, ""google_safe_browsing"": {}, ""model_confidence"": 65.95339965820312, ""model_prediction"": ""PHISHING"", ""model_reasoning"": [{""feature"": ""Qty Dot Domain"", ""impact"": ""increases phishing risk"", ""shap_value"": 1.023862361907959, ""value"": 1.0}, {""feature"": ""Qty Tld Url"", ""impact"": ""increases phishing risk"", ""shap_value"": 0.3902795910835266, ""value"": 3.0}], ""model_status"": 0, ""url"": ""http://diamondshopee.com""}"
http://diamondsndesign.com,clean,blocked by model,,,True,{},PHISHING,0,67.60105895996094,False,Qty Dot Domain=1.0 (increases phishing risk) | Qty Tld Url=3.0 (increases phishing risk),,"{""google_available"": true, ""google_flagged"": false, ""google_safe_browsing"": {}, ""model_confidence"": 67.60105895996094, ""model_prediction"": ""PHISHING"", ""model_reasoning"": [{""feature"": ""Qty Dot Domain"", ""impact"": ""increases phishing risk"", ""shap_value"": 0.9308356046676636, ""value"": 1.0}, {""feature"": ""Qty Tld Url"", ""impact"": ""increases phishing risk"", ""shap_value"": 0.38177770376205444, ""value"": 3.0}], ""model_status"": 0, ""url"": ""http://diamondsndesign.com""}"
http://diamondspesialeventterbatas.000webhostapp.com,clean,allowed,,,True,{},Legitimate,1,81.45136260986328,False,Domain Length=45.0 (increases phishing risk) | Length Url=45.0 (increases phishing risk) | Qty Tld Url=3.0 (increases phishing risk),,"{""google_available"": true, ""google_flagged"": false, ""google_safe_browsing"": {}, ""model_confidence"": 81.45136260986328, ""model_prediction"": ""Legitimate"", ""model_reasoning"": [{""feature"": ""Domain Length"", ""impact"": ""increases phishing risk"", ""shap_value"": 0.8925372958183289, ""value"": 45.0}, {""feature"": ""Length Url"", ""impact"": ""increases phishing risk"", ""shap_value"": 0.8896875977516174, ""value"": 45.0}, {""feature"": ""Qty Tld Url"", ""impact"": ""increases phishing risk"", ""shap_value"": 0.7991966605186462, ""value"": 3.0}], ""model_status"": 1, ""url"": ""http://diamondspesialeventterbatas.000webhostapp.com""}"
http://diamondteampeter.world,clean,blocked by model,,,True,{},PHISHING,0,73.59403228759766,False,Qty Tld Url=5.0 (increases phishing risk) | Qty Dot Domain=1.0 (increases phishing risk),,"{""google_available"": true, ""google_flagged"": false, ""google_safe_browsing"": {}, ""model_confidence"": 73.59403228759766, ""model_prediction"": ""PHISHING"", ""model_reasoning"": [{""feature"": ""Qty Tld Url"", ""impact"": ""increases phishing risk"", ""shap_value"": 0.6706541776657104, ""value"": 5.0}, {""feature"": ""Qty Dot Domain"", ""impact"": ""increases phishing risk"", ""shap_value"": 0.37095388770103455, ""value"": 1.0}], ""model_status"": 0, ""url"": ""http://diamondteampeter.world""}"
http://diamondtech.lt,clean,blocked by model,,,True,{},PHISHING,0,53.378822326660156,False,Qty Dot Domain=1.0 (increases phishing risk) | Qty Tld Url=2.0 (increases phishing risk),,"{""google_available"": true, ""google_flagged"": false, ""google_safe_browsing"": {}, ""model_confidence"": 53.378822326660156, ""model_prediction"": ""PHISHING"", ""model_reasoning"": [{""feature"": ""Qty Dot Domain"", ""impact"": ""increases phishing risk"", ""shap_value"": 1.0844541788101196, ""value"": 1.0}, {""feature"": ""Qty Tld Url"", ""impact"": ""increases phishing risk"", ""shap_value"": 0.45790866017341614, ""value"": 2.0}], ""model_status"": 0, ""url"": ""http://diamondtech.lt""}"
http://diamondwilson.com,clean,blocked by model,,,True,{},PHISHING,0,59.04195785522461,False,Qty Dot Domain=1.0 (increases phishing risk) | Qty Tld Url=3.0 (increases phishing risk),,"{""google_available"": true, ""google_flagged"": false, ""google_safe_browsing"": {}, ""model_confidence"": 59.04195785522461, ""model_prediction"": ""PHISHING"", ""model_reasoning"": [{""feature"": ""Qty Dot Domain"", ""impact"": ""increases phishing risk"", ""shap_value"": 1.0890852212905884, ""value"": 1.0}, {""feature"": ""Qty Tld Url"", ""impact"": ""increases phishing risk"", ""shap_value"": 0.34279024600982666, ""value"": 3.0}], ""model_status"": 0, ""url"": ""http://diamondwilson.com""}"
http://diamon-gratis89.duckdns.org,clean,blocked by model,,,True,{},PHISHING,0,72.9789810180664,False,Qty Tld Url=3.0 (increases phishing risk) | Qty Hyphen Url=1.0 (increases phishing risk),,"{""google_available"": true, ""google_flagged"": false, ""google_safe_browsing"": {}, ""model_confidence"": 72.9789810180664, ""model_prediction"": ""PHISHING"", ""model_reasoning"": [{""feature"": ""Qty Tld Url"", ""impact"": ""increases phishing risk"", ""shap_value"": 0.5623584389686584, ""value"": 3.0}, {""feature"": ""Qty Hyphen Url"", ""impact"": ""increases phishing risk"", ""shap_value"": 0.3515501618385315, ""value"": 1.0}], ""model_status"": 0, ""url"": ""http://diamon-gratis89.duckdns.org""}"
http://diamon-gratis-resmi-ff-topuptrbru.000webhostapp.com,clean,allowed,,,True,{},Legitimate,1,76.8110122680664,False,Length Url=51.0 (increases phishing risk) | Qty Tld Url=3.0 (increases phishing risk) | Domain Length=51.0 (increases phishing risk),,"{""google_available"": true, ""google_flagged"": false, ""google_safe_browsing"": {}, ""model_confidence"": 76.8110122680664, ""model_prediction"": ""Legitimate"", ""model_reasoning"": [{""feature"": ""Length Url"", ""impact"": ""increases phishing risk"", ""shap_value"": 1.1507771015167236, ""value"": 51.0}, {""feature"": ""Qty Tld Url"", ""impact"": ""increases phishing risk"", ""shap_value"": 0.725821852684021, ""value"": 3.0}, {""feature"": ""Domain Length"", ""impact"": ""increases phishing risk"", ""shap_value"": 0.6079976558685303, ""value"": 51.0}], ""model_status"": 1, ""url"": ""http://diamon-gratis-resmi-ff-topuptrbru.000webhostapp.com""}"
http://diamon-grts-999.duckdns.org,clean,allowed,,,True,{},Legitimate,1,53.87957763671875,False,Domain Length=27.0 (increases phishing risk) | Length Url=27.0 (increases phishing risk) | Qty Tld Url=3.0 (increases phishing risk),,"{""google_available"": true, ""google_flagged"": false, ""google_safe_browsing"": {}, ""model_confidence"": 53.87957763671875, ""model_prediction"": ""Legitimate"", ""model_reasoning"": [{""feature"": ""Domain Length"", ""impact"": ""increases phishing risk"", ""shap_value"": 0.9177845120429993, ""value"": 27.0}, {""feature"": ""Length Url"", ""impact"": ""increases phishing risk"", ""shap_value"": 0.4992520213127136, ""value"": 27.0}, {""feature"": ""Qty Tld Url"", ""impact"": ""increases phishing risk"", ""shap_value"": 0.39131051301956177, ""value"": 3.0}], ""model_status"": 1, ""url"": ""http://diamon-grts-999.duckdns.org""}"
http://diamonsfree.duckdns.org,clean,blocked by model,,,True,{},PHISHING,0,91.45160675048828,False,Qty Tld Url=3.0 (increases phishing risk) | Qty Dot Domain=2.0 (decreases phishing risk),,"{""google_available"": true, ""google_flagged"": false, ""google_safe_browsing"": {}, ""model_confidence"": 91.45160675048828, ""model_prediction"": ""PHISHING"", ""model_reasoning"": [{""feature"": ""Qty Tld Url"", ""impact"": ""increases phishing risk"", ""shap_value"": 0.44834068417549133, ""value"": 3.0}, {""feature"": ""Qty Dot Domain"", ""impact"": ""decreases phishing risk"", ""shap_value"": -0.2856503129005432, ""value"": 2.0}], ""model_status"": 0, ""url"": ""http://diamonsfree.duckdns.org""}"
http://diamstones.be,clean,blocked by model,,,True,{},PHISHING,0,59.02406692504883,False,Qty Dot Domain=1.0 (increases phishing risk) | Qty Tld Url=2.0 (increases phishing risk),,"{""google_available"": true, ""google_flagged"": false, ""google_safe_browsing"": {}, ""model_confidence"": 59.02406692504883, ""model_prediction"": ""PHISHING"", ""model_reasoning"": [{""feature"": ""Qty Dot Domain"", ""impact"": ""increases phishing risk"", ""shap_value"": 0.9448511004447937, ""value"": 1.0}, {""feature"": ""Qty Tld Url"", ""impact"": ""increases phishing risk"", ""shap_value"": 0.638353705406189, ""value"": 2.0}], ""model_status"": 0, ""url"": ""http://diamstones.be""}"
http://dianacannon.shop,flagged,blocked by Google Safe Browsing,,,True,"{""matches"": [{""cacheDuration"": ""300s"", ""platformType"": ""ANY_PLATFORM"", ""threat"": {""url"": ""http://dianacannon.shop""}, ""threatEntryType"": ""URL"", ""threatType"": ""SOCIAL_ENGINEERING""}]}",PHISHING,0,100.0,True,Flagged by Google Safe Browsing.,,"{""google_available"": true, ""google_flagged"": true, ""google_safe_browsing"": {""matches"": [{""cacheDuration"": ""300s"", ""platformType"": ""ANY_PLATFORM"", ""threat"": {""url"": ""http://dianacannon.shop""}, ""threatEntryType"": ""URL"", ""threatType"": ""SOCIAL_ENGINEERING""}]}, ""model_confidence"": 100.0, ""model_prediction"": ""PHISHING"", ""model_reasoning"": [""Flagged by Google Safe Browsing.""], ""model_status"": 0, ""url"": ""http://dianacannon.shop""}"
http://dianaclary.ws,clean,blocked by model,,,True,{},PHISHING,0,53.94972610473633,False,Qty Dot Domain=1.0 (increases phishing risk) | Qty Tld Url=2.0 (increases phishing risk),,"{""google_available"": true, ""google_flagged"": false, ""google_safe_browsing"": {}, ""model_confidence"": 53.94972610473633, ""model_prediction"": ""PHISHING"", ""model_reasoning"": [{""feature"": ""Qty Dot Domain"", ""impact"": ""increases phishing risk"", ""shap_value"": 0.9797619581222534, ""value"": 1.0}, {""feature"": ""Qty Tld Url"", ""impact"": ""increases phishing risk"", ""shap_value"": 0.6379356384277344, ""value"": 2.0}], ""model_status"": 0, ""url"": ""http://dianaclary.ws""}"
http://dianapotter-datingsex-snapfuck-group5511.netlify.app,clean,allowed,,,True,{},Legitimate,1,65.71147155761719,False,Length Url=52.0 (increases phishing risk) | Qty Tld Url=3.0 (increases phishing risk),,"{""google_available"": true, ""google_flagged"": false, ""google_safe_browsing"": {}, ""model_confidence"": 65.71147155761719, ""model_prediction"": ""Legitimate"", ""model_reasoning"": [{""feature"": ""Length Url"", ""impact"": ""increases phishing risk"", ""shap_value"": 0.9257736802101135, ""value"": 52.0}, {""feature"": ""Qty Tld Url"", ""impact"": ""increases phishing risk"", ""shap_value"": 0.6341267228126526, ""value"": 3.0}], ""model_status"": 1, ""url"": ""http://dianapotter-datingsex-snapfuck-group5511.netlify.app""}"
http://dianaserranorealestate.com,clean,allowed,,,True,{},Legitimate,1,64.36788177490234,False,Qty Tld Url=3.0 (increases phishing risk) | Qty Vowels Domain=12.0 (increases phishing risk),,"{""google_available"": true, ""google_flagged"": false, ""google_safe_browsing"": {}, ""model_confidence"": 64.36788177490234, ""model_prediction"": ""Legitimate"", ""model_reasoning"": [{""feature"": ""Qty Tld Url"", ""impact"": ""increases phishing risk"", ""shap_value"": 0.7734829783439636, ""value"": 3.0}, {""feature"": ""Qty Vowels Domain"", ""impact"": ""increases phishing risk"", ""shap_value"": 0.7286125421524048, ""value"": 12.0}], ""model_status"": 1, ""url"": ""http://dianaserranorealestate.com""}"
http://dianathompsons115.wixsite.com,clean,allowed,,,True,{},Legitimate,1,66.20433044433594,False,Qty Tld Url=3.0 (increases phishing risk) | Length Url=29.0 (increases phishing risk),,"{""google_available"": true, ""google_flagged"": false, ""google_safe_browsing"": {}, ""model_confidence"": 66.20433044433594, ""model_prediction"": ""Legitimate"", ""model_reasoning"": [{""feature"": ""Qty Tld Url"", ""impact"": ""increases phishing risk"", ""shap_value"": 1.4795299768447876, ""value"": 3.0}, {""feature"": ""Length Url"", ""impact"": ""increases phishing risk"", ""shap_value"": 0.2799520194530487, ""value"": 29.0}], ""model_status"": 1, ""url"": ""http://dianathompsons115.wixsite.com""}"
http://dianavcruz.github.io,clean,blocked by model,,,True,{},PHISHING,0,58.43323516845703,False,Qty Vowels Domain=8.0 (increases phishing risk) | Qty Tld Url=2.0 (increases phishing risk) | Length Url=20.0 (decreases phishing risk),,"{""google_available"": true, ""google_flagged"": false, ""google_safe_browsing"": {}, ""model_confidence"": 58.43323516845703, ""model_prediction"": ""PHISHING"", ""model_reasoning"": [{""feature"": ""Qty Vowels Domain"", ""impact"": ""increases phishing risk"", ""shap_value"": 1.0869475603103638, ""value"": 8.0}, {""feature"": ""Qty Tld Url"", ""impact"": ""increases phishing risk"", ""shap_value"": 0.8313374519348145, ""value"": 2.0}, {""feature"": ""Length Url"", ""impact"": ""decreases phishing risk"", ""shap_value"": -0.5933076739311218, ""value"": 20.0}], ""model_status"": 0, ""url"": ""http://dianavcruz.github.io""}"
http://dianbai.pilot45.com,clean,blocked by model,,,True,{},PHISHING,0,85.33930206298828,False,Qty Vowels Domain=7.0 (increases phishing risk) | Qty Tld Url=3.0 (increases phishing risk),,"{""google_available"": true, ""google_flagged"": false, ""google_safe_browsing"": {}, ""model_confidence"": 85.33930206298828, ""model_prediction"": ""PHISHING"", ""model_reasoning"": [{""feature"": ""Qty Vowels Domain"", ""impact"": ""increases phishing risk"", ""shap_value"": 0.35106581449508667, ""value"": 7.0}, {""feature"": ""Qty Tld Url"", ""impact"": ""increases phishing risk"", ""shap_value"": 0.3203382194042206, ""value"": 3.0}], ""model_status"": 0, ""url"": ""http://dianbai.pilot45.com""}"
http://diandrous-contempt.000webhostapp.com,clean,allowed,,,True,{},Legitimate,1,85.58184051513672,False,Qty Tld Url=3.0 (increases phishing risk) | Length Url=36.0 (increases phishing risk) | Qty Vowels Domain=10.0 (increases phishing risk),,"{""google_available"": true, ""google_flagged"": false, ""google_safe_browsing"": {}, ""model_confidence"": 85.58184051513672, ""model_prediction"": ""Legitimate"", ""model_reasoning"": [{""feature"": ""Qty Tld Url"", ""impact"": ""increases phishing risk"", ""shap_value"": 0.9741677641868591, ""value"": 3.0}, {""feature"": ""Length Url"", ""impact"": ""increases phishing risk"", ""shap_value"": 0.8978587985038757, ""value"": 36.0}, {""feature"": ""Qty Vowels Domain"", ""impact"": ""increases phishing risk"", ""shap_value"": 0.6218953728675842, ""value"": 10.0}], ""model_status"": 1, ""url"": ""http://diandrous-contempt.000webhostapp.com""}"
http://diandrous-trees.000webhostapp.com,clean,allowed,,,True,{},Legitimate,1,68.99478149414062,False,Qty Tld Url=3.0 (increases phishing risk) | Length Url=33.0 (increases phishing risk) | Qty Hyphen Url=1.0 (increases phishing risk),,"{""google_available"": true, ""google_flagged"": false, ""google_safe_browsing"": {}, ""model_confidence"": 68.99478149414062, ""model_prediction"": ""Legitimate"", ""model_reasoning"": [{""feature"": ""Qty Tld Url"", ""impact"": ""increases phishing risk"", ""shap_value"": 1.3960946798324585, ""value"": 3.0}, {""feature"": ""Length Url"", ""impact"": ""increases phishing risk"", ""shap_value"": 0.4171384274959564, ""value"": 33.0}, {""feature"": ""Qty Hyphen Url"", ""impact"": ""increases phishing risk"", ""shap_value"": 0.3873542845249176, ""value"": 1.0}], ""model_status"": 1, ""url"": ""http://diandrous-trees.000webhostapp.com""}"
http://diane236332.xyz,clean,allowed,,,True,{},Legitimate,1,54.051692962646484,False,Qty Dot Domain=1.0 (increases phishing risk) | Qty Tld Url=3.0 (increases phishing risk),,"{""google_available"": true, ""google_flagged"": false, ""google_safe_browsing"": {}, ""model_confidence"": 54.051692962646484, ""model_prediction"": ""Legitimate"", ""model_reasoning"": [{""feature"": ""Qty Dot Domain"", ""impact"": ""increases phishing risk"", ""shap_value"": 1.1984469890594482, ""value"": 1.0}, {""feature"": ""Qty Tld Url"", ""impact"": ""increases phishing risk"", ""shap_value"": 0.516229510307312, ""value"": 3.0}], ""model_status"": 1, ""url"": ""http://diane236332.xyz""}"
http://dianecadei8.wixsite.com,clean,allowed,,,True,{},Legitimate,1,75.42160034179688,False,Qty Vowels Domain=10.0 (increases phishing risk) | Qty Tld Url=3.0 (increases phishing risk),,"{""google_available"": true, ""google_flagged"": false, ""google_safe_browsing"": {}, ""model_confidence"": 75.42160034179688, ""model_prediction"": ""Legitimate"", ""model_reasoning"": [{""feature"": ""Qty Vowels Domain"", ""impact"": ""increases phishing risk"", ""shap_value"": 1.5852543115615845, ""value"": 10.0}, {""feature"": ""Qty Tld Url"", ""impact"": ""increases phishing risk"", ""shap_value"": 0.7379240393638611, ""value"": 3.0}], ""model_status"": 1, ""url"": ""http://dianecadei8.wixsite.com""}"
http://dianeegranger.github.io,flagged,blocked by Google Safe Browsing,,,True,"{""matches"": [{""cacheDuration"": ""300s"", ""platformType"": ""ANY_PLATFORM"", ""threat"": {""url"": ""http://dianeegranger.github.io""}, ""threatEntryType"": ""URL"", ""threatType"": ""SOCIAL_ENGINEERING""}]}",PHISHING,0,100.0,True,Flagged by Google Safe Browsing.,,"{""google_available"": true, ""google_flagged"": true, ""google_safe_browsing"": {""matches"": [{""cacheDuration"": ""300s"", ""platformType"": ""ANY_PLATFORM"", ""threat"": {""url"": ""http://dianeegranger.github.io""}, ""threatEntryType"": ""URL"", ""threatType"": ""SOCIAL_ENGINEERING""}]}, ""model_confidence"": 100.0, ""model_prediction"": ""PHISHING"", ""model_reasoning"": [""Flagged by Google Safe Browsing.""], ""model_status"": 0, ""url"": ""http://dianeegranger.github.io""}"
http://diane.g.bravusmentores.com,clean,blocked by model,,,True,{},PHISHING,0,73.36387634277344,False,Qty Tld Url=3.0 (increases phishing risk) | Qty Dot Domain=3.0 (decreases phishing risk) | Qty Dot Url=3.0 (decreases phishing risk),,"{""google_available"": true, ""google_flagged"": false, ""google_safe_browsing"": {}, ""model_confidence"": 73.36387634277344, ""model_prediction"": ""PHISHING"", ""model_reasoning"": [{""feature"": ""Qty Tld Url"", ""impact"": ""increases phishing risk"", ""shap_value"": 1.0363380908966064, ""value"": 3.0}, {""feature"": ""Qty Dot Domain"", ""impact"": ""decreases phishing risk"", ""shap_value"": -0.5494645833969116, ""value"": 3.0}, {""feature"": ""Qty Dot Url"", ""impact"": ""decreases phishing risk"", ""shap_value"": -0.34136348962783813, ""value"": 3.0}], ""model_status"": 0, ""url"": ""http://diane.g.bravusmentores.com""}"
http://dianelitchfield.ca,clean,blocked by model,,,True,{},PHISHING,0,62.1378173828125,False,Qty Dot Domain=1.0 (increases phishing risk) | Qty Tld Url=2.0 (increases phishing risk),,"{""google_available"": true, ""google_flagged"": false, ""google_safe_browsing"": {}, ""model_confidence"": 62.1378173828125, ""model_prediction"": ""PHISHING"", ""model_reasoning"": [{""feature"": ""Qty Dot Domain"", ""impact"": ""increases phishing risk"", ""shap_value"": 0.9429249167442322, ""value"": 1.0}, {""feature"": ""Qty Tld Url"", ""impact"": ""increases phishing risk"", ""shap_value"": 0.36093631386756897, ""value"": 2.0}], ""model_status"": 0, ""url"": ""http://dianelitchfield.ca""}"
http://dianeticadobrasil.com.br,clean,blocked by model,,,True,{},PHISHING,0,69.87261199951172,False,Qty Tld Url=2.0 (increases phishing risk) | Qty Vowels Domain=9.0 (increases phishing risk),,"{""google_available"": true, ""google_flagged"": false, ""google_safe_browsing"": {}, ""model_confidence"": 69.87261199951172, ""model_prediction"": ""PHISHING"", ""model_reasoning"": [{""feature"": ""Qty Tld Url"", ""impact"": ""increases phishing risk"", ""shap_value"": 0.8992069363594055, ""value"": 2.0}, {""feature"": ""Qty Vowels Domain"", ""impact"": ""increases phishing risk"", ""shap_value"": 0.3335171043872833, ""value"": 9.0}], ""model_status"": 0, ""url"": ""http://dianeticadobrasil.com.br""}"
http://diani.ml,clean,blocked by model,,,True,{},PHISHING,0,86.58300018310547,False,Length Url=8.0 (decreases phishing risk) | Qty Dot Domain=1.0 (increases phishing risk) | Qty Tld Url=2.0 (increases phishing risk),,"{""google_available"": true, ""google_flagged"": false, ""google_safe_browsing"": {}, ""model_confidence"": 86.58300018310547, ""model_prediction"": ""PHISHING"", ""model_reasoning"": [{""feature"": ""Length Url"", ""impact"": ""decreases phishing risk"", ""shap_value"": -0.9254837036132812, ""value"": 8.0}, {""feature"": ""Qty Dot Domain"", ""impact"": ""increases phishing risk"", ""shap_value"": 0.838349461555481, ""value"": 1.0}, {""feature"": ""Qty Tld Url"", ""impact"": ""increases phishing risk"", ""shap_value"": 0.638972282409668, ""value"": 2.0}], ""model_status"": 0, ""url"": ""http://diani.ml""}"
http://dianjrpxcubmdvzqspeahkntanhavsucjhcr-dot-cedar-code-289917.nn.r.appspot.com,clean,allowed,,,True,{},Legitimate,1,98.73609924316406,False,Length Url=75.0 (increases phishing risk) | Domain Length=75.0 (increases phishing risk) | Qty Vowels Domain=16.0 (increases phishing risk),,"{""google_available"": true, ""google_flagged"": false, ""google_safe_browsing"": {}, ""model_confidence"": 98.73609924316406, ""model_prediction"": ""Legitimate"", ""model_reasoning"": [{""feature"": ""Length Url"", ""impact"": ""increases phishing risk"", ""shap_value"": 2.9285478591918945, ""value"": 75.0}, {""feature"": ""Domain Length"", ""impact"": ""increases phishing risk"", ""shap_value"": 1.1224943399429321, ""value"": 75.0}, {""feature"": ""Qty Vowels Domain"", ""impact"": ""increases phishing risk"", ""shap_value"": 1.0289963483810425, ""value"": 16.0}], ""model_status"": 1, ""url"": ""http://dianjrpxcubmdvzqspeahkntanhavsucjhcr-dot-cedar-code-289917.nn.r.appspot.com""}"
http://diankeplaza.com,clean,blocked by model,,,True,{},PHISHING,0,67.64944458007812,False,Qty Dot Domain=1.0 (increases phishing risk) | Qty Tld Url=3.0 (increases phishing risk) | Length Url=15.0 (decreases phishing risk),,"{""google_available"": true, ""google_flagged"": false, ""google_safe_browsing"": {}, ""model_confidence"": 67.64944458007812, ""model_prediction"": ""PHISHING"", ""model_reasoning"": [{""feature"": ""Qty Dot Domain"", ""impact"": ""increases phishing risk"", ""shap_value"": 0.9262968897819519, ""value"": 1.0}, {""feature"": ""Qty Tld Url"", ""impact"": ""increases phishing risk"", ""shap_value"": 0.5170401334762573, ""value"": 3.0}, {""feature"": ""Length Url"", ""impact"": ""decreases phishing risk"", ""shap_value"": -0.4769231379032135, ""value"": 15.0}], ""model_status"": 0, ""url"": ""http://diankeplaza.com""}"
http://dianlifashion.shop,clean,blocked by model,,,True,{},PHISHING,0,62.1378173828125,False,Qty Dot Domain=1.0 (increases phishing risk) | Qty Tld Url=4.0 (increases phishing risk),,"{""google_available"": true, ""google_flagged"": false, ""google_safe_browsing"": {}, ""model_confidence"": 62.1378173828125, ""model_prediction"": ""PHISHING"", ""model_reasoning"": [{""feature"": ""Qty Dot Domain"", ""impact"": ""increases phishing risk"", ""shap_value"": 0.9429249167442322, ""value"": 1.0}, {""feature"": ""Qty Tld Url"", ""impact"": ""increases phishing risk"", ""shap_value"": 0.36093631386756897, ""value"": 4.0}], ""model_status"": 0, ""url"": ""http://dianlifashion.shop""}"
http://dianmanek.org,clean,blocked by model,,,True,{},PHISHING,0,59.02406692504883,False,Qty Dot Domain=1.0 (increases phishing risk) | Qty Tld Url=3.0 (increases phishing risk),,"{""google_available"": true, ""google_flagged"": false, ""google_safe_browsing"": {}, ""model_confidence"": 59.02406692504883, ""model_prediction"": ""PHISHING"", ""model_reasoning"": [{""feature"": ""Qty Dot Domain"", ""impact"": ""increases phishing risk"", ""shap_value"": 0.9448511004447937, ""value"": 1.0}, {""feature"": ""Qty Tld Url"", ""impact"": ""increases phishing risk"", ""shap_value"": 0.638353705406189, ""value"": 3.0}], ""model_status"": 0, ""url"": ""http://dianmanek.org""}"
http://diannehuntsmith.com,clean,blocked by model,,,True,{},PHISHING,0,67.60105895996094,False,Qty Dot Domain=1.0 (increases phishing risk) | Qty Tld Url=3.0 (increases phishing risk),,"{""google_available"": true, ""google_flagged"": false, ""google_safe_browsing"": {}, ""model_confidence"": 67.60105895996094, ""model_prediction"": ""PHISHING"", ""model_reasoning"": [{""feature"": ""Qty Dot Domain"", ""impact"": ""increases phishing risk"", ""shap_value"": 0.9308356046676636, ""value"": 1.0}, {""feature"": ""Qty Tld Url"", ""impact"": ""increases phishing risk"", ""shap_value"": 0.38177770376205444, ""value"": 3.0}], ""model_status"": 0, ""url"": ""http://diannehuntsmith.com""}"
http://diannep.com,clean,blocked by model,,,True,{},PHISHING,0,71.91250610351562,False,Qty Dot Domain=1.0 (increases phishing risk) | Length Url=11.0 (decreases phishing risk) | Qty Tld Url=3.0 (increases phishing risk),,"{""google_available"": true, ""google_flagged"": false, ""google_safe_browsing"": {}, ""model_confidence"": 71.91250610351562, ""model_prediction"": ""PHISHING"", ""model_reasoning"": [{""feature"": ""Qty Dot Domain"", ""impact"": ""increases phishing risk"", ""shap_value"": 0.936519205570221, ""value"": 1.0}, {""feature"": ""Length Url"", ""impact"": ""decreases phishing risk"", ""shap_value"": -0.7293173670768738, ""value"": 11.0}, {""feature"": ""Qty Tld Url"", ""impact"": ""increases phishing risk"", ""shap_value"": 0.6518204808235168, ""value"": 3.0}], ""model_status"": 0, ""url"": ""http://diannep.com""}"
http://dianons.com,clean,blocked by model,,,True,{},PHISHING,0,71.91250610351562,False,Qty Dot Domain=1.0 (increases phishing risk) | Length Url=11.0 (decreases phishing risk) | Qty Tld Url=3.0 (increases phishing risk),,"{""google_available"": true, ""google_flagged"": false, ""google_safe_browsing"": {}, ""model_confidence"": 71.91250610351562, ""model_prediction"": ""PHISHING"", ""model_reasoning"": [{""feature"": ""Qty Dot Domain"", ""impact"": ""increases phishing risk"", ""shap_value"": 0.936519205570221, ""value"": 1.0}, {""feature"": ""Length Url"", ""impact"": ""decreases phishing risk"", ""shap_value"": -0.7293173670768738, ""value"": 11.0}, {""feature"": ""Qty Tld Url"", ""impact"": ""increases phishing risk"", ""shap_value"": 0.6518204808235168, ""value"": 3.0}], ""model_status"": 0, ""url"": ""http://dianons.com""}"
http://dianshang999.vip,flagged,blocked by Google Safe Browsing,,,True,"{""matches"": [{""cacheDuration"": ""300s"", ""platformType"": ""ANY_PLATFORM"", ""threat"": {""url"": ""http://dianshang999.vip""}, ""threatEntryType"": ""URL"", ""threatType"": ""SOCIAL_ENGINEERING""}]}",PHISHING,0,100.0,True,Flagged by Google Safe Browsing.,,"{""google_available"": true, ""google_flagged"": true, ""google_safe_browsing"": {""matches"": [{""cacheDuration"": ""300s"", ""platformType"": ""ANY_PLATFORM"", ""threat"": {""url"": ""http://dianshang999.vip""}, ""threatEntryType"": ""URL"", ""threatType"": ""SOCIAL_ENGINEERING""}]}, ""model_confidence"": 100.0, ""model_prediction"": ""PHISHING"", ""model_reasoning"": [""Flagged by Google Safe Browsing.""], ""model_status"": 0, ""url"": ""http://dianshang999.vip""}"
http://dianshjs.com,clean,blocked by model,,,True,{},PHISHING,0,55.176795959472656,False,Qty Dot Domain=1.0 (increases phishing risk) | Qty Tld Url=3.0 (increases phishing risk) | Length Url=12.0 (decreases phishing risk),,"{""google_available"": true, ""google_flagged"": false, ""google_safe_browsing"": {}, ""model_confidence"": 55.176795959472656, ""model_prediction"": ""PHISHING"", ""model_reasoning"": [{""feature"": ""Qty Dot Domain"", ""impact"": ""increases phishing risk"", ""shap_value"": 1.1199488639831543, ""value"": 1.0}, {""feature"": ""Qty Tld Url"", ""impact"": ""increases phishing risk"", ""shap_value"": 0.6455448269844055, ""value"": 3.0}, {""feature"": ""Length Url"", ""impact"": ""decreases phishing risk"", ""shap_value"": -0.5415404438972473, ""value"": 12.0}], ""model_status"": 0, ""url"": ""http://dianshjs.com""}"
http://dianumero1paranossoamor-mae.com,clean,allowed,,,True,{},Legitimate,1,66.2145004272461,False,Qty Tld Url=3.0 (increases phishing risk) | Qty Hyphen Url=1.0 (increases phishing risk) | Qty Vowels Domain=14.0 (increases phishing risk),,"{""google_available"": true, ""google_flagged"": false, ""google_safe_browsing"": {}, ""model_confidence"": 66.2145004272461, ""model_prediction"": ""Legitimate"", ""model_reasoning"": [{""feature"": ""Qty Tld Url"", ""impact"": ""increases phishing risk"", ""shap_value"": 0.9093806147575378, ""value"": 3.0}, {""feature"": ""Qty Hyphen Url"", ""impact"": ""increases phishing risk"", ""shap_value"": 0.6127234101295471, ""value"": 1.0}, {""feature"": ""Qty Vowels Domain"", ""impact"": ""increases phishing risk"", ""shap_value"": 0.5654096603393555, ""value"": 14.0}], ""model_status"": 1, ""url"": ""http://dianumero1paranossoamor-mae.com""}"
http://dianxiekeji.com,clean,blocked by model,,,True,{},PHISHING,0,74.40110778808594,False,Qty Dot Domain=1.0 (increases phishing risk) | Qty Tld Url=3.0 (increases phishing risk) | Length Url=15.0 (decreases phishing risk),,"{""google_available"": true, ""google_flagged"": false, ""google_safe_browsing"": {}, ""model_confidence"": 74.40110778808594, ""model_prediction"": ""PHISHING"", ""model_reasoning"": [{""feature"": ""Qty Dot Domain"", ""impact"": ""increases phishing risk"", ""shap_value"": 0.9305440783500671, ""value"": 1.0}, {""feature"": ""Qty Tld Url"", ""impact"": ""increases phishing risk"", ""shap_value"": 0.5363495945930481, ""value"": 3.0}, {""feature"": ""Length Url"", ""impact"": ""decreases phishing risk"", ""shap_value"": -0.5291174054145813, ""value"": 15.0}], ""model_status"": 0, ""url"": ""http://dianxiekeji.com""}"
http://dianyixueyuan.com.cn,flagged,blocked by Google Safe Browsing,,,True,"{""matches"": [{""cacheDuration"": ""300s"", ""platformType"": ""ANY_PLATFORM"", ""threat"": {""url"": ""http://dianyixueyuan.com.cn""}, ""threatEntryType"": ""URL"", ""threatType"": ""SOCIAL_ENGINEERING""}]}",PHISHING,0,100.0,True,Flagged by Google Safe Browsing.,,"{""google_available"": true, ""google_flagged"": true, ""google_safe_browsing"": {""matches"": [{""cacheDuration"": ""300s"", ""platformType"": ""ANY_PLATFORM"", ""threat"": {""url"": ""http://dianyixueyuan.com.cn""}, ""threatEntryType"": ""URL"", ""threatType"": ""SOCIAL_ENGINEERING""}]}, ""model_confidence"": 100.0, ""model_prediction"": ""PHISHING"", ""model_reasoning"": [""Flagged by Google Safe Browsing.""], ""model_status"": 0, ""url"": ""http://dianyixueyuan.com.cn""}"
http://diaponte.com,clean,blocked by model,,,True,{},PHISHING,0,69.9379653930664,False,Qty Dot Domain=1.0 (increases phishing risk) | Qty Tld Url=3.0 (increases phishing risk) | Length Url=12.0 (decreases phishing risk),,"{""google_available"": true, ""google_flagged"": false, ""google_safe_browsing"": {}, ""model_confidence"": 69.9379653930664, ""model_prediction"": ""PHISHING"", ""model_reasoning"": [{""feature"": ""Qty Dot Domain"", ""impact"": ""increases phishing risk"", ""shap_value"": 0.9567753076553345, ""value"": 1.0}, {""feature"": ""Qty Tld Url"", ""impact"": ""increases phishing risk"", ""shap_value"": 0.6444292068481445, ""value"": 3.0}, {""feature"": ""Length Url"", ""impact"": ""decreases phishing risk"", ""shap_value"": -0.6247010827064514, ""value"": 12.0}], ""model_status"": 0, ""url"": ""http://diaponte.com""}"
http://diapost-govin.sbs,clean,allowed,,,True,{},Legitimate,1,54.7464714050293,False,Qty Dot Domain=1.0 (increases phishing risk) | Qty Hyphen Url=1.0 (increases phishing risk),,"{""google_available"": true, ""google_flagged"": false, ""google_safe_browsing"": {}, ""model_confidence"": 54.7464714050293, ""model_prediction"": ""Legitimate"", ""model_reasoning"": [{""feature"": ""Qty Dot Domain"", ""impact"": ""increases phishing risk"", ""shap_value"": 1.2902075052261353, ""value"": 1.0}, {""feature"": ""Qty Hyphen Url"", ""impact"": ""increases phishing risk"", ""shap_value"": 0.4658673405647278, ""value"": 1.0}], ""model_status"": 1, ""url"": ""http://diapost-govin.sbs""}"
http://diapower.com,clean,blocked by model,,,True,{},PHISHING,0,69.9379653930664,False,Qty Dot Domain=1.0 (increases phishing risk) | Qty Tld Url=3.0 (increases phishing risk) | Length Url=12.0 (decreases phishing risk),,"{""google_available"": true, ""google_flagged"": false, ""google_safe_browsing"": {}, ""model_confidence"": 69.9379653930664, ""model_prediction"": ""PHISHING"", ""model_reasoning"": [{""feature"": ""Qty Dot Domain"", ""impact"": ""increases phishing risk"", ""shap_value"": 0.9567753076553345, ""value"": 1.0}, {""feature"": ""Qty Tld Url"", ""impact"": ""increases phishing risk"", ""shap_value"": 0.6444292068481445, ""value"": 3.0}, {""feature"": ""Length Url"", ""impact"": ""decreases phishing risk"", ""shap_value"": -0.6247010827064514, ""value"": 12.0}], ""model_status"": 0, ""url"": ""http://diapower.com""}"
http://diaraltamer.com,clean,blocked by model,,,True,{},PHISHING,0,67.64944458007812,False,Qty Dot Domain=1.0 (increases phishing risk) | Qty Tld Url=3.0 (increases phishing risk) | Length Url=15.0 (decreases phishing risk),,"{""google_available"": true, ""google_flagged"": false, ""google_safe_browsing"": {}, ""model_confidence"": 67.64944458007812, ""model_prediction"": ""PHISHING"", ""model_reasoning"": [{""feature"": ""Qty Dot Domain"", ""impact"": ""increases phishing risk"", ""shap_value"": 0.9262968897819519, ""value"": 1.0}, {""feature"": ""Qty Tld Url"", ""impact"": ""increases phishing risk"", ""shap_value"": 0.5170401334762573, ""value"": 3.0}, {""feature"": ""Length Url"", ""impact"": ""decreases phishing risk"", ""shap_value"": -0.4769231379032135, ""value"": 15.0}], ""model_status"": 0, ""url"": ""http://diaraltamer.com""}"
http://diarbofxsrzxenevgzbkupklcu-dot-project2-297402.rj.r.appspot.com,clean,allowed,,,True,{},Legitimate,1,97.74051666259766,False,Length Url=63.0 (increases phishing risk) | Domain Length=63.0 (increases phishing risk) | Qty Tld Url=3.0 (increases phishing risk),,"{""google_available"": true, ""google_flagged"": false, ""google_safe_browsing"": {}, ""model_confidence"": 97.74051666259766, ""model_prediction"": ""Legitimate"", ""model_reasoning"": [{""feature"": ""Length Url"", ""impact"": ""increases phishing risk"", ""shap_value"": 2.924431324005127, ""value"": 63.0}, {""feature"": ""Domain Length"", ""impact"": ""increases phishing risk"", ""shap_value"": 1.2485250234603882, ""value"": 63.0}, {""feature"": ""Qty Tld Url"", ""impact"": ""increases phishing risk"", ""shap_value"": 0.7904309630393982, ""value"": 3.0}], ""model_status"": 1, ""url"": ""http://diarbofxsrzxenevgzbkupklcu-dot-project2-297402.rj.r.appspot.com""}"
http://diarbofxsrzxenevgzbkupklcu.project2-297402.rj.r.appspot.com,clean,allowed,,,True,{},Legitimate,1,99.16331481933594,False,Length Url=59.0 (increases phishing risk) | Domain Length=59.0 (increases phishing risk) | Qty Vowels Domain=12.0 (increases phishing risk),,"{""google_available"": true, ""google_flagged"": false, ""google_safe_browsing"": {}, ""model_confidence"": 99.16331481933594, ""model_prediction"": ""Legitimate"", ""model_reasoning"": [{""feature"": ""Length Url"", ""impact"": ""increases phishing risk"", ""shap_value"": 2.597329616546631, ""value"": 59.0}, {""feature"": ""Domain Length"", ""impact"": ""increases phishing risk"", ""shap_value"": 1.2844369411468506, ""value"": 59.0}, {""feature"": ""Qty Vowels Domain"", ""impact"": ""increases phishing risk"", ""shap_value"": 0.7457112073898315, ""value"": 12.0}], ""model_status"": 1, ""url"": ""http://diarbofxsrzxenevgzbkupklcu.project2-297402.rj.r.appspot.com""}"
http://diarionacional.com.mx,clean,blocked by model,,,True,{},PHISHING,0,58.023101806640625,False,Qty Tld Url=2.0 (increases phishing risk) | Qty Vowels Domain=9.0 (increases phishing risk) | Length Url=21.0 (decreases phishing risk),,"{""google_available"": true, ""google_flagged"": false, ""google_safe_browsing"": {}, ""model_confidence"": 58.023101806640625, ""model_prediction"": ""PHISHING"", ""model_reasoning"": [{""feature"": ""Qty Tld Url"", ""impact"": ""increases phishing risk"", ""shap_value"": 0.9227126240730286, ""value"": 2.0}, {""feature"": ""Qty Vowels Domain"", ""impact"": ""increases phishing risk"", ""shap_value"": 0.7450794577598572, ""value"": 9.0}, {""feature"": ""Length Url"", ""impact"": ""decreases phishing risk"", ""shap_value"": -0.380776584148407, ""value"": 21.0}], ""model_status"": 0, ""url"": ""http://diarionacional.com.mx""}"
http://diariotortuga.com,clean,blocked by model,,,True,{},PHISHING,0,59.06666564941406,False,Qty Dot Domain=1.0 (increases phishing risk) | Qty Tld Url=3.0 (increases phishing risk),,"{""google_available"": true, ""google_flagged"": false, ""google_safe_browsing"": {}, ""model_confidence"": 59.06666564941406, ""model_prediction"": ""PHISHING"", ""model_reasoning"": [{""feature"": ""Qty Dot Domain"", ""impact"": ""increases phishing risk"", ""shap_value"": 0.6202386021614075, ""value"": 1.0}, {""feature"": ""Qty Tld Url"", ""impact"": ""increases phishing risk"", ""shap_value"": 0.49771848320961, ""value"": 3.0}], ""model_status"": 0, ""url"": ""http://diariotortuga.com""}"
http://diarmrininfieomzisacxc.ellieb7.workers.dev,clean,allowed,,,True,{},Legitimate,1,53.63296127319336,False,Qty Tld Url=3.0 (increases phishing risk) | Length Url=42.0 (increases phishing risk) | Domain Length=42.0 (increases phishing risk),,"{""google_available"": true, ""google_flagged"": false, ""google_safe_browsing"": {}, ""model_confidence"": 53.63296127319336, ""model_prediction"": ""Legitimate"", ""model_reasoning"": [{""feature"": ""Qty Tld Url"", ""impact"": ""increases phishing risk"", ""shap_value"": 0.9761760234832764, ""value"": 3.0}, {""feature"": ""Length Url"", ""impact"": ""increases phishing risk"", ""shap_value"": 0.6766878962516785, ""value"": 42.0}, {""feature"": ""Domain Length"", ""impact"": ""increases phishing risk"", ""shap_value"": 0.6526605486869812, ""value"": 42.0}], ""model_status"": 1, ""url"": ""http://diarmrininfieomzisacxc.ellieb7.workers.dev""}"
http://diarrhea.duckdns.org,clean,blocked by model,,,True,false,PHISHING,0,92.89201354980469,False,Length Url=20.0 (decreases phishing risk) | Qty Tld Url=3.0 (increases phishing risk),,"{""google_available"": true, ""google_flagged"": false, ""google_safe_browsing"": false, ""model_confidence"": 92.89201354980469, ""model_prediction"": ""PHISHING"", ""model_reasoning"": [{""feature"": ""Length Url"", ""impact"": ""decreases phishing risk"", ""shap_value"": -0.44949451088905334, ""value"": 20.0}, {""feature"": ""Qty Tld Url"", ""impact"": ""increases phishing risk"", ""shap_value"": 0.30563884973526, ""value"": 3.0}], ""model_status"": 0, ""url"": ""http://diarrhea.duckdns.org""}"
http://diaryofahouse.com,clean,blocked by model,,,True,false,PHISHING,0,59.06666564941406,False,Qty Dot Domain=1.0 (increases phishing risk) | Qty Tld Url=3.0 (increases phishing risk),,"{""google_available"": true, ""google_flagged"": false, ""google_safe_browsing"": false, ""model_confidence"": 59.06666564941406, ""model_prediction"": ""PHISHING"", ""model_reasoning"": [{""feature"": ""Qty Dot Domain"", ""impact"": ""increases phishing risk"", ""shap_value"": 0.6202386021614075, ""value"": 1.0}, {""feature"": ""Qty Tld Url"", ""impact"": ""increases phishing risk"", ""shap_value"": 0.49771848320961, ""value"": 3.0}], ""model_status"": 0, ""url"": ""http://diaryofahouse.com""}"
http://diaryport.com,clean,blocked by model,,,True,{},PHISHING,0,53.94972610473633,False,Qty Dot Domain=1.0 (increases phishing risk) | Qty Tld Url=3.0 (increases phishing risk),,"{""google_available"": true, ""google_flagged"": false, ""google_safe_browsing"": {}, ""model_confidence"": 53.94972610473633, ""model_prediction"": ""PHISHING"", ""model_reasoning"": [{""feature"": ""Qty Dot Domain"", ""impact"": ""increases phishing risk"", ""shap_value"": 0.9797619581222534, ""value"": 1.0}, {""feature"": ""Qty Tld Url"", ""impact"": ""increases phishing risk"", ""shap_value"": 0.6379356384277344, ""value"": 3.0}], ""model_status"": 0, ""url"": ""http://diaryport.com""}"
http://diascomagaiu.com,clean,blocked by model,,,True,{},PHISHING,0,62.608943939208984,False,Qty Dot Domain=1.0 (increases phishing risk) | Qty Tld Url=3.0 (increases phishing risk) | Length Url=16.0 (decreases phishing risk),,"{""google_available"": true, ""google_flagged"": false, ""google_safe_browsing"": {}, ""model_confidence"": 62.608943939208984, ""model_prediction"": ""PHISHING"", ""model_reasoning"": [{""feature"": ""Qty Dot Domain"", ""impact"": ""increases phishing risk"", ""shap_value"": 0.5637938976287842, ""value"": 1.0}, {""feature"": ""Qty Tld Url"", ""impact"": ""increases phishing risk"", ""shap_value"": 0.5459716320037842, ""value"": 3.0}, {""feature"": ""Length Url"", ""impact"": ""decreases phishing risk"", ""shap_value"": -0.4538637697696686, ""value"": 16.0}], ""model_status"": 0, ""url"": ""http://diascomagaiu.com""}"
http://diascomhiper26.com,clean,blocked by model,,,True,{},PHISHING,0,63.64768600463867,False,Qty Dot Domain=1.0 (increases phishing risk) | Length Url=18.0 (decreases phishing risk),,"{""google_available"": true, ""google_flagged"": false, ""google_safe_browsing"": {}, ""model_confidence"": 63.64768600463867, ""model_prediction"": ""PHISHING"", ""model_reasoning"": [{""feature"": ""Qty Dot Domain"", ""impact"": ""increases phishing risk"", ""shap_value"": 0.9997248649597168, ""value"": 1.0}, {""feature"": ""Length Url"", ""impact"": ""decreases phishing risk"", ""shap_value"": -0.3152015507221222, ""value"": 18.0}], ""model_status"": 0, ""url"": ""http://diascomhiper26.com""}"
http://diasdecompraryganar.com,clean,blocked by model,,,True,{},PHISHING,0,68.55219268798828,False,Qty Tld Url=3.0 (increases phishing risk) | Qty Dot Domain=1.0 (increases phishing risk),,"{""google_available"": true, ""google_flagged"": false, ""google_safe_browsing"": {}, ""model_confidence"": 68.55219268798828, ""model_prediction"": ""PHISHING"", ""model_reasoning"": [{""feature"": ""Qty Tld Url"", ""impact"": ""increases phishing risk"", ""shap_value"": 0.6070929169654846, ""value"": 3.0}, {""feature"": ""Qty Dot Domain"", ""impact"": ""increases phishing risk"", ""shap_value"": 0.4321024417877197, ""value"": 1.0}], ""model_status"": 0, ""url"": ""http://diasdecompraryganar.com""}"
http://diasporainvestmentgroup.com,clean,blocked by model,,,True,{},PHISHING,0,58.4526252746582,False,Qty Tld Url=3.0 (increases phishing risk) | Qty Vowels Domain=10.0 (increases phishing risk),,"{""google_available"": true, ""google_flagged"": false, ""google_safe_browsing"": {}, ""model_confidence"": 58.4526252746582, ""model_prediction"": ""PHISHING"", ""model_reasoning"": [{""feature"": ""Qty Tld Url"", ""impact"": ""increases phishing risk"", ""shap_value"": 0.8892396688461304, ""value"": 3.0}, {""feature"": ""Qty Vowels Domain"", ""impact"": ""increases phishing risk"", ""shap_value"": 0.3061472177505493, ""value"": 10.0}], ""model_status"": 0, ""url"": ""http://diasporainvestmentgroup.com""}"
http://diassociates.in,clean,blocked by model,,,True,{},PHISHING,0,74.40110778808594,False,Qty Dot Domain=1.0 (increases phishing risk) | Qty Tld Url=2.0 (increases phishing risk) | Length Url=15.0 (decreases phishing risk),,"{""google_available"": true, ""google_flagged"": false, ""google_safe_browsing"": {}, ""model_confidence"": 74.40110778808594, ""model_prediction"": ""PHISHING"", ""model_reasoning"": [{""feature"": ""Qty Dot Domain"", ""impact"": ""increases phishing risk"", ""shap_value"": 0.9305440783500671, ""value"": 1.0}, {""feature"": ""Qty Tld Url"", ""impact"": ""increases phishing risk"", ""shap_value"": 0.5363495945930481, ""value"": 2.0}, {""feature"": ""Length Url"", ""impact"": ""decreases phishing risk"", ""shap_value"": -0.5291174054145813, ""value"": 15.0}], ""model_status"": 0, ""url"": ""http://diassociates.in""}"
http://diastatic-opinions.000webhostapp.com,clean,allowed,,,True,{},Legitimate,1,84.60636901855469,False,Qty Tld Url=3.0 (increases phishing risk) | Length Url=36.0 (increases phishing risk) | Qty Vowels Domain=12.0 (increases phishing risk),,"{""google_available"": true, ""google_flagged"": false, ""google_safe_browsing"": {}, ""model_confidence"": 84.60636901855469, ""model_prediction"": ""Legitimate"", ""model_reasoning"": [{""feature"": ""Qty Tld Url"", ""impact"": ""increases phishing risk"", ""shap_value"": 1.0844131708145142, ""value"": 3.0}, {""feature"": ""Length Url"", ""impact"": ""increases phishing risk"", ""shap_value"": 0.7097163796424866, ""value"": 36.0}, {""feature"": ""Qty Vowels Domain"", ""impact"": ""increases phishing risk"", ""shap_value"": 0.49684810638427734, ""value"": 12.0}], ""model_status"": 1, ""url"": ""http://diastatic-opinions.000webhostapp.com""}"
http://diaustafsonb.com,clean,blocked by model,,,True,{},PHISHING,0,74.80116271972656,False,Qty Dot Domain=1.0 (increases phishing risk) | Length Url=16.0 (decreases phishing risk),,"{""google_available"": true, ""google_flagged"": false, ""google_safe_browsing"": {}, ""model_confidence"": 74.80116271972656, ""model_prediction"": ""PHISHING"", ""model_reasoning"": [{""feature"": ""Qty Dot Domain"", ""impact"": ""increases phishing risk"", ""shap_value"": 0.952678918838501, ""value"": 1.0}, {""feature"": ""Length Url"", ""impact"": ""decreases phishing risk"", ""shap_value"": -0.4943224787712097, ""value"": 16.0}], ""model_status"": 0, ""url"": ""http://diaustafsonb.com""}"
http://diaxejlriewjkhcj-dot-millinium.ey.r.appspot.com,clean,allowed,,,True,{},Legitimate,1,90.21826171875,False,Length Url=47.0 (increases phishing risk) | Domain Length=47.0 (increases phishing risk) | Qty Tld Url=3.0 (increases phishing risk),,"{""google_available"": true, ""google_flagged"": false, ""google_safe_browsing"": {}, ""model_confidence"": 90.21826171875, ""model_prediction"": ""Legitimate"", ""model_reasoning"": [{""feature"": ""Length Url"", ""impact"": ""increases phishing risk"", ""shap_value"": 1.286123514175415, ""value"": 47.0}, {""feature"": ""Domain Length"", ""impact"": ""increases phishing risk"", ""shap_value"": 1.2365875244140625, ""value"": 47.0}, {""feature"": ""Qty Tld Url"", ""impact"": ""increases phishing risk"", ""shap_value"": 0.9270802140235901, ""value"": 3.0}], ""model_status"": 1, ""url"": ""http://diaxejlriewjkhcj-dot-millinium.ey.r.appspot.com""}"
http://diazcampaigns.com,clean,blocked by model,,,True,{},PHISHING,0,59.04195785522461,False,Qty Dot Domain=1.0 (increases phishing risk) | Qty Tld Url=3.0 (increases phishing risk),,"{""google_available"": true, ""google_flagged"": false, ""google_safe_browsing"": {}, ""model_confidence"": 59.04195785522461, ""model_prediction"": ""PHISHING"", ""model_reasoning"": [{""feature"": ""Qty Dot Domain"", ""impact"": ""increases phishing risk"", ""shap_value"": 1.0890852212905884, ""value"": 1.0}, {""feature"": ""Qty Tld Url"", ""impact"": ""increases phishing risk"", ""shap_value"": 0.34279024600982666, ""value"": 3.0}], ""model_status"": 0, ""url"": ""http://diazcampaigns.com""}"
http://diazdeleong.com,flagged,blocked by Google Safe Browsing,,,True,"{""matches"": [{""cacheDuration"": ""300s"", ""platformType"": ""ANY_PLATFORM"", ""threat"": {""url"": ""http://diazdeleong.com""}, ""threatEntryType"": ""URL"", ""threatType"": ""SOCIAL_ENGINEERING""}]}",PHISHING,0,100.0,True,Flagged by Google Safe Browsing.,,"{""google_available"": true, ""google_flagged"": true, ""google_safe_browsing"": {""matches"": [{""cacheDuration"": ""300s"", ""platformType"": ""ANY_PLATFORM"", ""threat"": {""url"": ""http://diazdeleong.com""}, ""threatEntryType"": ""URL"", ""threatType"": ""SOCIAL_ENGINEERING""}]}, ""model_confidence"": 100.0, ""model_prediction"": ""PHISHING"", ""model_reasoning"": [""Flagged by Google Safe Browsing.""], ""model_status"": 0, ""url"": ""http://diazdeleong.com""}"
http://diazfoods32176invoicedoc.uc.r.appspot.com,clean,allowed,,,True,{},Legitimate,1,62.02394485473633,False,Domain Length=41.0 (increases phishing risk) | Length Url=41.0 (increases phishing risk) | Qty Dot Domain=4.0 (decreases phishing risk),,"{""google_available"": true, ""google_flagged"": false, ""google_safe_browsing"": {}, ""model_confidence"": 62.02394485473633, ""model_prediction"": ""Legitimate"", ""model_reasoning"": [{""feature"": ""Domain Length"", ""impact"": ""increases phishing risk"", ""shap_value"": 1.2301794290542603, ""value"": 41.0}, {""feature"": ""Length Url"", ""impact"": ""increases phishing risk"", ""shap_value"": 1.1715954542160034, ""value"": 41.0}, {""feature"": ""Qty Dot Domain"", ""impact"": ""decreases phishing risk"", ""shap_value"": -1.0721104145050049, ""value"": 4.0}], ""model_status"": 1, ""url"": ""http://diazfoods32176invoicedoc.uc.r.appspot.com""}"
http://diazroofingsucks.com,clean,blocked by model,,,True,{},PHISHING,0,68.72795867919922,False,Qty Dot Domain=1.0 (increases phishing risk) | Qty Tld Url=3.0 (increases phishing risk),,"{""google_available"": true, ""google_flagged"": false, ""google_safe_browsing"": {}, ""model_confidence"": 68.72795867919922, ""model_prediction"": ""PHISHING"", ""model_reasoning"": [{""feature"": ""Qty Dot Domain"", ""impact"": ""increases phishing risk"", ""shap_value"": 0.8318532705307007, ""value"": 1.0}, {""feature"": ""Qty Tld Url"", ""impact"": ""increases phishing risk"", ""shap_value"": 0.48812755942344666, ""value"": 3.0}], ""model_status"": 0, ""url"": ""http://diazroofingsucks.com""}"
http://dibabadeniing.blogspot.com,clean,allowed,,,True,{},Legitimate,1,50.782257080078125,False,Qty Tld Url=3.0 (increases phishing risk) | Domain Length=26.0 (increases phishing risk),,"{""google_available"": true, ""google_flagged"": false, ""google_safe_browsing"": {}, ""model_confidence"": 50.782257080078125, ""model_prediction"": ""Legitimate"", ""model_reasoning"": [{""feature"": ""Qty Tld Url"", ""impact"": ""increases phishing risk"", ""shap_value"": 1.129949927330017, ""value"": 3.0}, {""feature"": ""Domain Length"", ""impact"": ""increases phishing risk"", ""shap_value"": 0.2446901798248291, ""value"": 26.0}], ""model_status"": 1, ""url"": ""http://dibabadeniing.blogspot.com""}"
http://dibaitanverfahrens.com,clean,blocked by model,,,True,{},PHISHING,0,73.59403228759766,False,Qty Tld Url=3.0 (increases phishing risk) | Qty Dot Domain=1.0 (increases phishing risk),,"{""google_available"": true, ""google_flagged"": false, ""google_safe_browsing"": {}, ""model_confidence"": 73.59403228759766, ""model_prediction"": ""PHISHING"", ""model_reasoning"": [{""feature"": ""Qty Tld Url"", ""impact"": ""increases phishing risk"", ""shap_value"": 0.6706541776657104, ""value"": 3.0}, {""feature"": ""Qty Dot Domain"", ""impact"": ""increases phishing risk"", ""shap_value"": 0.37095388770103455, ""value"": 1.0}], ""model_status"": 0, ""url"": ""http://dibaitanverfahrens.com""}"
http://dibakar8927.github.io,clean,blocked by model,,,True,{},PHISHING,0,85.23261260986328,False,Qty Tld Url=2.0 (increases phishing risk) | Qty Dot Domain=2.0 (decreases phishing risk),,"{""google_available"": true, ""google_flagged"": false, ""google_safe_browsing"": {}, ""model_confidence"": 85.23261260986328, ""model_prediction"": ""PHISHING"", ""model_reasoning"": [{""feature"": ""Qty Tld Url"", ""impact"": ""increases phishing risk"", ""shap_value"": 0.46768856048583984, ""value"": 2.0}, {""feature"": ""Qty Dot Domain"", ""impact"": ""decreases phishing risk"", ""shap_value"": -0.28341951966285706, ""value"": 2.0}], ""model_status"": 0, ""url"": ""http://dibakar8927.github.io""}"
http://dibaserivcer-tanlists.xyz,clean,allowed,,,True,{},Legitimate,1,72.62999725341797,False,Qty Dot Domain=1.0 (increases phishing risk) | Qty Hyphen Url=1.0 (increases phishing risk) | Qty Tld Url=3.0 (increases phishing risk),,"{""google_available"": true, ""google_flagged"": false, ""google_safe_browsing"": {}, ""model_confidence"": 72.62999725341797, ""model_prediction"": ""Legitimate"", ""model_reasoning"": [{""feature"": ""Qty Dot Domain"", ""impact"": ""increases phishing risk"", ""shap_value"": 1.120348334312439, ""value"": 1.0}, {""feature"": ""Qty Hyphen Url"", ""impact"": ""increases phishing risk"", ""shap_value"": 0.6401572823524475, ""value"": 1.0}, {""feature"": ""Qty Tld Url"", ""impact"": ""increases phishing risk"", ""shap_value"": 0.4927504360675812, ""value"": 3.0}], ""model_status"": 1, ""url"": ""http://dibaserivcer-tanlists.xyz""}"
http://dibaservers-tanlistss.xyz,clean,allowed,,,True,{},Legitimate,1,76.20518493652344,False,Qty Dot Domain=1.0 (increases phishing risk) | Qty Hyphen Url=1.0 (increases phishing risk) | Qty Tld Url=3.0 (increases phishing risk),,"{""google_available"": true, ""google_flagged"": false, ""google_safe_browsing"": {}, ""model_confidence"": 76.20518493652344, ""model_prediction"": ""Legitimate"", ""model_reasoning"": [{""feature"": ""Qty Dot Domain"", ""impact"": ""increases phishing risk"", ""shap_value"": 1.169565200805664, ""value"": 1.0}, {""feature"": ""Qty Hyphen Url"", ""impact"": ""increases phishing risk"", ""shap_value"": 0.6781920194625854, ""value"": 1.0}, {""feature"": ""Qty Tld Url"", ""impact"": ""increases phishing risk"", ""shap_value"": 0.4466855525970459, ""value"": 3.0}], ""model_status"": 1, ""url"": ""http://dibaservers-tanlistss.xyz""}"
http://dibaserver-tanverfahren.xyz,clean,allowed,,,True,{},Legitimate,1,57.471370697021484,False,Qty Tld Url=3.0 (increases phishing risk) | Qty Hyphen Url=1.0 (increases phishing risk),,"{""google_available"": true, ""google_flagged"": false, ""google_safe_browsing"": {}, ""model_confidence"": 57.471370697021484, ""model_prediction"": ""Legitimate"", ""model_reasoning"": [{""feature"": ""Qty Tld Url"", ""impact"": ""increases phishing risk"", ""shap_value"": 0.7547582387924194, ""value"": 3.0}, {""feature"": ""Qty Hyphen Url"", ""impact"": ""increases phishing risk"", ""shap_value"": 0.5942966938018799, ""value"": 1.0}], ""model_status"": 1, ""url"": ""http://dibaserver-tanverfahren.xyz""}"
http://dibaservices-tanlists.com,clean,allowed,,,True,{},Legitimate,1,57.62417221069336,False,Qty Dot Domain=1.0 (increases phishing risk) | Qty Tld Url=3.0 (increases phishing risk) | Qty Hyphen Url=1.0 (increases phishing risk),,"{""google_available"": true, ""google_flagged"": false, ""google_safe_browsing"": {}, ""model_confidence"": 57.62417221069336, ""model_prediction"": ""Legitimate"", ""model_reasoning"": [{""feature"": ""Qty Dot Domain"", ""impact"": ""increases phishing risk"", ""shap_value"": 0.6081339120864868, ""value"": 1.0}, {""feature"": ""Qty Tld Url"", ""impact"": ""increases phishing risk"", ""shap_value"": 0.5911906361579895, ""value"": 3.0}, {""feature"": ""Qty Hyphen Url"", ""impact"": ""increases phishing risk"", ""shap_value"": 0.4870228171348572, ""value"": 1.0}], ""model_status"": 1, ""url"": ""http://dibaservices-tanlists.com""}"
http://dibatanlistdenstellungs.com,clean,blocked by model,,,True,{},PHISHING,0,64.44075012207031,False,Qty Tld Url=3.0 (increases phishing risk),,"{""google_available"": true, ""google_flagged"": false, ""google_safe_browsing"": {}, ""model_confidence"": 64.44075012207031, ""model_prediction"": ""PHISHING"", ""model_reasoning"": [{""feature"": ""Qty Tld Url"", ""impact"": ""increases phishing risk"", ""shap_value"": 0.8008586764335632, ""value"": 3.0}], ""model_status"": 0, ""url"": ""http://dibatanlistdenstellungs.com""}"
http://dibatanlistdenstellung.xyz,clean,blocked by model,,,True,{},PHISHING,0,63.05447769165039,False,Qty Dot Domain=1.0 (increases phishing risk) | Qty Tld Url=3.0 (increases phishing risk),,"{""google_available"": true, ""google_flagged"": false, ""google_safe_browsing"": {}, ""model_confidence"": 63.05447769165039, ""model_prediction"": ""PHISHING"", ""model_reasoning"": [{""feature"": ""Qty Dot Domain"", ""impact"": ""increases phishing risk"", ""shap_value"": 0.7187822461128235, ""value"": 1.0}, {""feature"": ""Qty Tld Url"", ""impact"": ""increases phishing risk"", ""shap_value"": 0.5723496079444885, ""value"": 3.0}], ""model_status"": 0, ""url"": ""http://dibatanlistdenstellung.xyz""}"
http://dibatanlists-dibaserver.xyz,clean,allowed,,,True,{},Legitimate,1,57.471370697021484,False,Qty Tld Url=3.0 (increases phishing risk) | Qty Hyphen Url=1.0 (increases phishing risk),,"{""google_available"": true, ""google_flagged"": false, ""google_safe_browsing"": {}, ""model_confidence"": 57.471370697021484, ""model_prediction"": ""Legitimate"", ""model_reasoning"": [{""feature"": ""Qty Tld Url"", ""impact"": ""increases phishing risk"", ""shap_value"": 0.7547582387924194, ""value"": 3.0}, {""feature"": ""Qty Hyphen Url"", ""impact"": ""increases phishing risk"", ""shap_value"": 0.5942966938018799, ""value"": 1.0}], ""model_status"": 1, ""url"": ""http://dibatanlists-dibaserver.xyz""}"
http://dibatanverfahrenserver.com,clean,blocked by model,,,True,{},PHISHING,0,82.19791412353516,False,Qty Tld Url=3.0 (increases phishing risk) | Qty Dot Domain=1.0 (increases phishing risk),,"{""google_available"": true, ""google_flagged"": false, ""google_safe_browsing"": {}, ""model_confidence"": 82.19791412353516, ""model_prediction"": ""PHISHING"", ""model_reasoning"": [{""feature"": ""Qty Tld Url"", ""impact"": ""increases phishing risk"", ""shap_value"": 0.6956921219825745, ""value"": 3.0}, {""feature"": ""Qty Dot Domain"", ""impact"": ""increases phishing risk"", ""shap_value"": 0.4694839417934418, ""value"": 1.0}], ""model_status"": 0, ""url"": ""http://dibatanverfahrenserver.com""}"
http://dibatanverfahrenserver.xyz,clean,blocked by model,,,True,{},PHISHING,0,77.14856719970703,False,Qty Tld Url=3.0 (increases phishing risk) | Server Client Domain=1.0 (decreases phishing risk),,"{""google_available"": true, ""google_flagged"": false, ""google_safe_browsing"": {}, ""model_confidence"": 77.14856719970703, ""model_prediction"": ""PHISHING"", ""model_reasoning"": [{""feature"": ""Qty Tld Url"", ""impact"": ""increases phishing risk"", ""shap_value"": 0.6898382306098938, ""value"": 3.0}, {""feature"": ""Server Client Domain"", ""impact"": ""decreases phishing risk"", ""shap_value"": -0.4107191860675812, ""value"": 1.0}], ""model_status"": 0, ""url"": ""http://dibatanverfahrenserver.xyz""}"
http://dibatasserverss.xyz,clean,blocked by model,,,True,{},PHISHING,0,78.51518249511719,False,Qty Dot Domain=1.0 (increases phishing risk) | Length Url=19.0 (decreases phishing risk),,"{""google_available"": true, ""google_flagged"": false, ""google_safe_browsing"": {}, ""model_confidence"": 78.51518249511719, ""model_prediction"": ""PHISHING"", ""model_reasoning"": [{""feature"": ""Qty Dot Domain"", ""impact"": ""increases phishing risk"", ""shap_value"": 1.184865951538086, ""value"": 1.0}, {""feature"": ""Length Url"", ""impact"": ""decreases phishing risk"", ""shap_value"": -0.5042805075645447, ""value"": 19.0}], ""model_status"": 0, ""url"": ""http://dibatasserverss.xyz""}"
http://dib-benk-dib.life,clean,allowed,,,True,{},Legitimate,1,71.89410400390625,False,Qty Dot Domain=1.0 (increases phishing risk) | Qty Hyphen Url=2.0 (increases phishing risk) | Length Url=17.0 (decreases phishing risk),,"{""google_available"": true, ""google_flagged"": false, ""google_safe_browsing"": {}, ""model_confidence"": 71.89410400390625, ""model_prediction"": ""Legitimate"", ""model_reasoning"": [{""feature"": ""Qty Dot Domain"", ""impact"": ""increases phishing risk"", ""shap_value"": 1.4774754047393799, ""value"": 1.0}, {""feature"": ""Qty Hyphen Url"", ""impact"": ""increases phishing risk"", ""shap_value"": 0.8140111565589905, ""value"": 2.0}, {""feature"": ""Length Url"", ""impact"": ""decreases phishing risk"", ""shap_value"": -0.4634307622909546, ""value"": 17.0}], ""model_status"": 1, ""url"": ""http://dib-benk-dib.life""}"
http://dib-cards-refunds-8cc706.netlify.app,clean,allowed,,,True,{},Legitimate,1,73.61563873291016,False,Length Url=36.0 (increases phishing risk) | Domain Length=36.0 (increases phishing risk) | Qty Hyphen Url=3.0 (increases phishing risk),,"{""google_available"": true, ""google_flagged"": false, ""google_safe_browsing"": {}, ""model_confidence"": 73.61563873291016, ""model_prediction"": ""Legitimate"", ""model_reasoning"": [{""feature"": ""Length Url"", ""impact"": ""increases phishing risk"", ""shap_value"": 1.1273001432418823, ""value"": 36.0}, {""feature"": ""Domain Length"", ""impact"": ""increases phishing risk"", ""shap_value"": 0.7063354253768921, ""value"": 36.0}, {""feature"": ""Qty Hyphen Url"", ""impact"": ""increases phishing risk"", ""shap_value"": 0.5832446813583374, ""value"": 3.0}], ""model_status"": 1, ""url"": ""http://dib-cards-refunds-8cc706.netlify.app""}"
http://dib-digitalkyc-customer-profilec83ada.netlify.app,clean,allowed,,,True,{},Legitimate,1,87.06704711914062,False,Length Url=49.0 (increases phishing risk) | Domain Length=49.0 (increases phishing risk) | Qty Tld Url=3.0 (increases phishing risk),,"{""google_available"": true, ""google_flagged"": false, ""google_safe_browsing"": {}, ""model_confidence"": 87.06704711914062, ""model_prediction"": ""Legitimate"", ""model_reasoning"": [{""feature"": ""Length Url"", ""impact"": ""increases phishing risk"", ""shap_value"": 1.2808279991149902, ""value"": 49.0}, {""feature"": ""Domain Length"", ""impact"": ""increases phishing risk"", ""shap_value"": 0.9653126001358032, ""value"": 49.0}, {""feature"": ""Qty Tld Url"", ""impact"": ""increases phishing risk"", ""shap_value"": 0.622937023639679, ""value"": 3.0}], ""model_status"": 1, ""url"": ""http://dib-digitalkyc-customer-profilec83ada.netlify.app""}"
http://dib-digitalkyc-customer-update-98f6a5.netlify.app,clean,allowed,,,True,{},Legitimate,1,90.84703063964844,False,Length Url=49.0 (increases phishing risk) | Domain Length=49.0 (increases phishing risk) | Qty Tld Url=3.0 (increases phishing risk),,"{""google_available"": true, ""google_flagged"": false, ""google_safe_browsing"": {}, ""model_confidence"": 90.84703063964844, ""model_prediction"": ""Legitimate"", ""model_reasoning"": [{""feature"": ""Length Url"", ""impact"": ""increases phishing risk"", ""shap_value"": 1.4470829963684082, ""value"": 49.0}, {""feature"": ""Domain Length"", ""impact"": ""increases phishing risk"", ""shap_value"": 1.1181161403656006, ""value"": 49.0}, {""feature"": ""Qty Tld Url"", ""impact"": ""increases phishing risk"", ""shap_value"": 0.7004704475402832, ""value"": 3.0}], ""model_status"": 1, ""url"": ""http://dib-digitalkyc-customer-update-98f6a5.netlify.app""}"
http://dibekod.com,clean,blocked by model,,,True,{},PHISHING,0,71.91250610351562,False,Qty Dot Domain=1.0 (increases phishing risk) | Length Url=11.0 (decreases phishing risk) | Qty Tld Url=3.0 (increases phishing risk),,"{""google_available"": true, ""google_flagged"": false, ""google_safe_browsing"": {}, ""model_confidence"": 71.91250610351562, ""model_prediction"": ""PHISHING"", ""model_reasoning"": [{""feature"": ""Qty Dot Domain"", ""impact"": ""increases phishing risk"", ""shap_value"": 0.936519205570221, ""value"": 1.0}, {""feature"": ""Length Url"", ""impact"": ""decreases phishing risk"", ""shap_value"": -0.7293173670768738, ""value"": 11.0}, {""feature"": ""Qty Tld Url"", ""impact"": ""increases phishing risk"", ""shap_value"": 0.6518204808235168, ""value"": 3.0}], ""model_status"": 0, ""url"": ""http://dibekod.com""}"
http://dibf1.nag4.com.tr,clean,blocked by model,,,True,{},PHISHING,0,99.60441589355469,False,Qty Dot Domain=3.0 (decreases phishing risk) | Length Url=17.0 (decreases phishing risk),,"{""google_available"": true, ""google_flagged"": false, ""google_safe_browsing"": {}, ""model_confidence"": 99.60441589355469, ""model_prediction"": ""PHISHING"", ""model_reasoning"": [{""feature"": ""Qty Dot Domain"", ""impact"": ""decreases phishing risk"", ""shap_value"": -1.1506847143173218, ""value"": 3.0}, {""feature"": ""Length Url"", ""impact"": ""decreases phishing risk"", ""shap_value"": -0.888045072555542, ""value"": 17.0}], ""model_status"": 0, ""url"": ""http://dibf1.nag4.com.tr""}"
http://dibf28.nag4.com.tr,clean,blocked by model,,,True,{},PHISHING,0,99.44466400146484,False,Qty Dot Domain=3.0 (decreases phishing risk) | Length Url=18.0 (decreases phishing risk),,"{""google_available"": true, ""google_flagged"": false, ""google_safe_browsing"": {}, ""model_confidence"": 99.44466400146484, ""model_prediction"": ""PHISHING"", ""model_reasoning"": [{""feature"": ""Qty Dot Domain"", ""impact"": ""decreases phishing risk"", ""shap_value"": -1.0361089706420898, ""value"": 3.0}, {""feature"": ""Length Url"", ""impact"": ""decreases phishing risk"", ""shap_value"": -0.8484512567520142, ""value"": 18.0}], ""model_status"": 0, ""url"": ""http://dibf28.nag4.com.tr""}"
http://dibfos.ktt55.my.id,clean,blocked by model,,,True,{},PHISHING,0,99.44466400146484,False,Qty Dot Domain=3.0 (decreases phishing risk) | Length Url=18.0 (decreases phishing risk),,"{""google_available"": true, ""google_flagged"": false, ""google_safe_browsing"": {}, ""model_confidence"": 99.44466400146484, ""model_prediction"": ""PHISHING"", ""model_reasoning"": [{""feature"": ""Qty Dot Domain"", ""impact"": ""decreases phishing risk"", ""shap_value"": -1.0361089706420898, ""value"": 3.0}, {""feature"": ""Length Url"", ""impact"": ""decreases phishing risk"", ""shap_value"": -0.8484512567520142, ""value"": 18.0}], ""model_status"": 0, ""url"": ""http://dibfos.ktt55.my.id""}"
http://dibilangbocil.duckdns.org,clean,blocked by model,,,True,{},PHISHING,0,88.515869140625,False,Qty Tld Url=3.0 (increases phishing risk) | Qty Dot Domain=2.0 (decreases phishing risk),,"{""google_available"": true, ""google_flagged"": false, ""google_safe_browsing"": {}, ""model_confidence"": 88.515869140625, ""model_prediction"": ""PHISHING"", ""model_reasoning"": [{""feature"": ""Qty Tld Url"", ""impact"": ""increases phishing risk"", ""shap_value"": 0.48183295130729675, ""value"": 3.0}, {""feature"": ""Qty Dot Domain"", ""impact"": ""decreases phishing risk"", ""shap_value"": -0.2765546441078186, ""value"": 2.0}], ""model_status"": 0, ""url"": ""http://dibilangbocil.duckdns.org""}"
http://dibindasky.github.io,flagged,blocked by Google Safe Browsing,,,True,"{""matches"": [{""cacheDuration"": ""300s"", ""platformType"": ""ANY_PLATFORM"", ""threat"": {""url"": ""http://dibindasky.github.io""}, ""threatEntryType"": ""URL"", ""threatType"": ""SOCIAL_ENGINEERING""}]}",PHISHING,0,100.0,True,Flagged by Google Safe Browsing.,,"{""google_available"": true, ""google_flagged"": true, ""google_safe_browsing"": {""matches"": [{""cacheDuration"": ""300s"", ""platformType"": ""ANY_PLATFORM"", ""threat"": {""url"": ""http://dibindasky.github.io""}, ""threatEntryType"": ""URL"", ""threatType"": ""SOCIAL_ENGINEERING""}]}, ""model_confidence"": 100.0, ""model_prediction"": ""PHISHING"", ""model_reasoning"": [""Flagged by Google Safe Browsing.""], ""model_status"": 0, ""url"": ""http://dibindasky.github.io""}"
http://dible-bdvenline-vez.pages.dev,clean,allowed,,,True,{},Legitimate,1,81.35438537597656,False,Qty Tld Url=3.0 (increases phishing risk) | Qty Hyphen Url=2.0 (increases phishing risk) | Domain Length=29.0 (increases phishing risk),,"{""google_available"": true, ""google_flagged"": false, ""google_safe_browsing"": {}, ""model_confidence"": 81.35438537597656, ""model_prediction"": ""Legitimate"", ""model_reasoning"": [{""feature"": ""Qty Tld Url"", ""impact"": ""increases phishing risk"", ""shap_value"": 1.2386744022369385, ""value"": 3.0}, {""feature"": ""Qty Hyphen Url"", ""impact"": ""increases phishing risk"", ""shap_value"": 0.6014324426651001, ""value"": 2.0}, {""feature"": ""Domain Length"", ""impact"": ""increases phishing risk"", ""shap_value"": 0.36774152517318726, ""value"": 29.0}], ""model_status"": 1, ""url"": ""http://dible-bdvenline-vez.pages.dev""}"
http://dibonline-ae.com,clean,allowed,,,True,{},Legitimate,1,51.466941833496094,False,Qty Dot Domain=1.0 (increases phishing risk) | Qty Hyphen Url=1.0 (increases phishing risk) | Length Url=16.0 (decreases phishing risk),,"{""google_available"": true, ""google_flagged"": false, ""google_safe_browsing"": {}, ""model_confidence"": 51.466941833496094, ""model_prediction"": ""Legitimate"", ""model_reasoning"": [{""feature"": ""Qty Dot Domain"", ""impact"": ""increases phishing risk"", ""shap_value"": 1.0522816181182861, ""value"": 1.0}, {""feature"": ""Qty Hyphen Url"", ""impact"": ""increases phishing risk"", ""shap_value"": 0.6181033849716187, ""value"": 1.0}, {""feature"": ""Length Url"", ""impact"": ""decreases phishing risk"", ""shap_value"": -0.5684561729431152, ""value"": 16.0}], ""model_status"": 1, ""url"": ""http://dibonline-ae.com""}"
http://dib-security-verification-5790.netlify.app,clean,allowed,,,True,{},Legitimate,1,85.6541519165039,False,Length Url=42.0 (increases phishing risk) | Domain Length=42.0 (increases phishing risk) | Qty Tld Url=3.0 (increases phishing risk),,"{""google_available"": true, ""google_flagged"": false, ""google_safe_browsing"": {}, ""model_confidence"": 85.6541519165039, ""model_prediction"": ""Legitimate"", ""model_reasoning"": [{""feature"": ""Length Url"", ""impact"": ""increases phishing risk"", ""shap_value"": 1.300667643547058, ""value"": 42.0}, {""feature"": ""Domain Length"", ""impact"": ""increases phishing risk"", ""shap_value"": 0.9247391819953918, ""value"": 42.0}, {""feature"": ""Qty Tld Url"", ""impact"": ""increases phishing risk"", ""shap_value"": 0.7242210507392883, ""value"": 3.0}], ""model_status"": 1, ""url"": ""http://dib-security-verification-5790.netlify.app""}"
http://dibsw.media4europe.info,clean,allowed,,,True,{},Legitimate,1,75.42160034179688,False,Qty Vowels Domain=10.0 (increases phishing risk) | Qty Tld Url=4.0 (increases phishing risk),,"{""google_available"": true, ""google_flagged"": false, ""google_safe_browsing"": {}, ""model_confidence"": 75.42160034179688, ""model_prediction"": ""Legitimate"", ""model_reasoning"": [{""feature"": ""Qty Vowels Domain"", ""impact"": ""increases phishing risk"", ""shap_value"": 1.5852543115615845, ""value"": 10.0}, {""feature"": ""Qty Tld Url"", ""impact"": ""increases phishing risk"", ""shap_value"": 0.7379240393638611, ""value"": 4.0}], ""model_status"": 1, ""url"": ""http://dibsw.media4europe.info""}"
http://dibya-menace.github.io,clean,blocked by model,,,True,{},PHISHING,0,55.39167022705078,False,Qty Tld Url=2.0 (increases phishing risk) | Qty Vowels Domain=9.0 (increases phishing risk),,"{""google_available"": true, ""google_flagged"": false, ""google_safe_browsing"": {}, ""model_confidence"": 55.39167022705078, ""model_prediction"": ""PHISHING"", ""model_reasoning"": [{""feature"": ""Qty Tld Url"", ""impact"": ""increases phishing risk"", ""shap_value"": 0.80522221326828, ""value"": 2.0}, {""feature"": ""Qty Vowels Domain"", ""impact"": ""increases phishing risk"", ""shap_value"": 0.6036008596420288, ""value"": 9.0}], ""model_status"": 0, ""url"": ""http://dibya-menace.github.io""}"
http://dicassobredicas.com.br,clean,blocked by model,,,True,{},PHISHING,0,87.16590118408203,False,Qty Tld Url=2.0 (increases phishing risk) | Qty Dot Domain=2.0 (decreases phishing risk),,"{""google_available"": true, ""google_flagged"": false, ""google_safe_browsing"": {}, ""model_confidence"": 87.16590118408203, ""model_prediction"": ""PHISHING"", ""model_reasoning"": [{""feature"": ""Qty Tld Url"", ""impact"": ""increases phishing risk"", ""shap_value"": 0.47207969427108765, ""value"": 2.0}, {""feature"": ""Qty Dot Domain"", ""impact"": ""decreases phishing risk"", ""shap_value"": -0.26376673579216003, ""value"": 2.0}], ""model_status"": 0, ""url"": ""http://dicassobredicas.com.br""}"
http://dicekayekwatches.com,clean,blocked by model,,,True,{},PHISHING,0,68.72795867919922,False,Qty Dot Domain=1.0 (increases phishing risk) | Qty Tld Url=3.0 (increases phishing risk),,"{""google_available"": true, ""google_flagged"": false, ""google_safe_browsing"": {}, ""model_confidence"": 68.72795867919922, ""model_prediction"": ""PHISHING"", ""model_reasoning"": [{""feature"": ""Qty Dot Domain"", ""impact"": ""increases phishing risk"", ""shap_value"": 0.8318532705307007, ""value"": 1.0}, {""feature"": ""Qty Tld Url"", ""impact"": ""increases phishing risk"", ""shap_value"": 0.48812755942344666, ""value"": 3.0}], ""model_status"": 0, ""url"": ""http://dicekayekwatches.com""}"
http://dicemberie.web.app,clean,blocked by model,,,True,{},PHISHING,0,88.84922790527344,False,Qty Vowels Domain=7.0 (increases phishing risk) | Length Url=18.0 (decreases phishing risk),,"{""google_available"": true, ""google_flagged"": false, ""google_safe_browsing"": {}, ""model_confidence"": 88.84922790527344, ""model_prediction"": ""PHISHING"", ""model_reasoning"": [{""feature"": ""Qty Vowels Domain"", ""impact"": ""increases phishing risk"", ""shap_value"": 0.3609163761138916, ""value"": 7.0}, {""feature"": ""Length Url"", ""impact"": ""decreases phishing risk"", ""shap_value"": -0.33586040139198303, ""value"": 18.0}], ""model_status"": 0, ""url"": ""http://dicemberie.web.app""}"
http://dice-total-serv.com,clean,allowed,,,True,{},Legitimate,1,77.41346740722656,False,Qty Dot Domain=1.0 (increases phishing risk) | Qty Hyphen Url=2.0 (increases phishing risk),,"{""google_available"": true, ""google_flagged"": false, ""google_safe_browsing"": {}, ""model_confidence"": 77.41346740722656, ""model_prediction"": ""Legitimate"", ""model_reasoning"": [{""feature"": ""Qty Dot Domain"", ""impact"": ""increases phishing risk"", ""shap_value"": 1.3691717386245728, ""value"": 1.0}, {""feature"": ""Qty Hyphen Url"", ""impact"": ""increases phishing risk"", ""shap_value"": 0.9318349361419678, ""value"": 2.0}], ""model_status"": 1, ""url"": ""http://dice-total-serv.com""}"
http://dichnhiencam44f5r.wixsite.com,clean,allowed,,,True,{},Legitimate,1,74.61287689208984,False,Qty Tld Url=3.0 (increases phishing risk) | Qty Vowels Domain=8.0 (increases phishing risk),,"{""google_available"": true, ""google_flagged"": false, ""google_safe_browsing"": {}, ""model_confidence"": 74.61287689208984, ""model_prediction"": ""Legitimate"", ""model_reasoning"": [{""feature"": ""Qty Tld Url"", ""impact"": ""increases phishing risk"", ""shap_value"": 1.417767882347107, ""value"": 3.0}, {""feature"": ""Qty Vowels Domain"", ""impact"": ""increases phishing risk"", ""shap_value"": 0.6966658234596252, ""value"": 8.0}], ""model_status"": 1, ""url"": ""http://dichnhiencam44f5r.wixsite.com""}"
http://dichthuathatinh.vn,clean,blocked by model,,,True,{},PHISHING,0,62.67680358886719,False,Qty Dot Domain=1.0 (increases phishing risk) | Length Url=18.0 (decreases phishing risk),,"{""google_available"": true, ""google_flagged"": false, ""google_safe_browsing"": {}, ""model_confidence"": 62.67680358886719, ""model_prediction"": ""PHISHING"", ""model_reasoning"": [{""feature"": ""Qty Dot Domain"", ""impact"": ""increases phishing risk"", ""shap_value"": 1.176480770111084, ""value"": 1.0}, {""feature"": ""Length Url"", ""impact"": ""decreases phishing risk"", ""shap_value"": -0.334529846906662, ""value"": 18.0}], ""model_status"": 0, ""url"": ""http://dichthuathatinh.vn""}"
http://dichthuattoancausg.com,clean,blocked by model,,,True,{},PHISHING,0,73.59403228759766,False,Qty Tld Url=3.0 (increases phishing risk) | Qty Dot Domain=1.0 (increases phishing risk),,"{""google_available"": true, ""google_flagged"": false, ""google_safe_browsing"": {}, ""model_confidence"": 73.59403228759766, ""model_prediction"": ""PHISHING"", ""model_reasoning"": [{""feature"": ""Qty Tld Url"", ""impact"": ""increases phishing risk"", ""shap_value"": 0.6706541776657104, ""value"": 3.0}, {""feature"": ""Qty Dot Domain"", ""impact"": ""increases phishing risk"", ""shap_value"": 0.37095388770103455, ""value"": 1.0}], ""model_status"": 0, ""url"": ""http://dichthuattoancausg.com""}"
http://dichthuatvietuc.com.vn,clean,blocked by model,,,True,{},PHISHING,0,87.16590118408203,False,Qty Tld Url=2.0 (increases phishing risk) | Qty Dot Domain=2.0 (decreases phishing risk),,"{""google_available"": true, ""google_flagged"": false, ""google_safe_browsing"": {}, ""model_confidence"": 87.16590118408203, ""model_prediction"": ""PHISHING"", ""model_reasoning"": [{""feature"": ""Qty Tld Url"", ""impact"": ""increases phishing risk"", ""shap_value"": 0.47207969427108765, ""value"": 2.0}, {""feature"": ""Qty Dot Domain"", ""impact"": ""decreases phishing risk"", ""shap_value"": -0.26376673579216003, ""value"": 2.0}], ""model_status"": 0, ""url"": ""http://dichthuatvietuc.com.vn""}"
http://dichvudhl.com,clean,blocked by model,,,True,{},PHISHING,0,59.81686019897461,False,Qty Dot Domain=1.0 (increases phishing risk) | Qty Tld Url=3.0 (increases phishing risk) | Length Url=13.0 (decreases phishing risk),,"{""google_available"": true, ""google_flagged"": false, ""google_safe_browsing"": {}, ""model_confidence"": 59.81686019897461, ""model_prediction"": ""PHISHING"", ""model_reasoning"": [{""feature"": ""Qty Dot Domain"", ""impact"": ""increases phishing risk"", ""shap_value"": 1.121232271194458, ""value"": 1.0}, {""feature"": ""Qty Tld Url"", ""impact"": ""increases phishing risk"", ""shap_value"": 0.651412308216095, ""value"": 3.0}, {""feature"": ""Length Url"", ""impact"": ""decreases phishing risk"", ""shap_value"": -0.46642136573791504, ""value"": 13.0}], ""model_status"": 0, ""url"": ""http://dichvudhl.com""}"
http://dichvuvinaphone.vn,clean,blocked by model,,,True,{},PHISHING,0,63.64768600463867,False,Qty Dot Domain=1.0 (increases phishing risk) | Length Url=18.0 (decreases phishing risk),,"{""google_available"": true, ""google_flagged"": false, ""google_safe_browsing"": {}, ""model_confidence"": 63.64768600463867, ""model_prediction"": ""PHISHING"", ""model_reasoning"": [{""feature"": ""Qty Dot Domain"", ""impact"": ""increases phishing risk"", ""shap_value"": 0.9997248649597168, ""value"": 1.0}, {""feature"": ""Length Url"", ""impact"": ""decreases phishing risk"", ""shap_value"": -0.3152015507221222, ""value"": 18.0}], ""model_status"": 0, ""url"": ""http://dichvuvinaphone.vn""}"
http://dichvuvnpt.com,clean,blocked by model,,,True,{},PHISHING,0,50.940982818603516,False,Qty Dot Domain=1.0 (increases phishing risk) | Qty Tld Url=3.0 (increases phishing risk),,"{""google_available"": true, ""google_flagged"": false, ""google_safe_browsing"": {}, ""model_confidence"": 50.940982818603516, ""model_prediction"": ""PHISHING"", ""model_reasoning"": [{""feature"": ""Qty Dot Domain"", ""impact"": ""increases phishing risk"", ""shap_value"": 1.1890168190002441, ""value"": 1.0}, {""feature"": ""Qty Tld Url"", ""impact"": ""increases phishing risk"", ""shap_value"": 0.42925480008125305, ""value"": 3.0}], ""model_status"": 0, ""url"": ""http://dichvuvnpt.com""}"
http://dicini.de,flagged,blocked by Google Safe Browsing,,,True,"{""matches"": [{""cacheDuration"": ""300s"", ""platformType"": ""ANY_PLATFORM"", ""threat"": {""url"": ""http://dicini.de""}, ""threatEntryType"": ""URL"", ""threatType"": ""SOCIAL_ENGINEERING""}]}",PHISHING,0,100.0,True,Flagged by Google Safe Browsing.,,"{""google_available"": true, ""google_flagged"": true, ""google_safe_browsing"": {""matches"": [{""cacheDuration"": ""300s"", ""platformType"": ""ANY_PLATFORM"", ""threat"": {""url"": ""http://dicini.de""}, ""threatEntryType"": ""URL"", ""threatType"": ""SOCIAL_ENGINEERING""}]}, ""model_confidence"": 100.0, ""model_prediction"": ""PHISHING"", ""model_reasoning"": [""Flagged by Google Safe Browsing.""], ""model_status"": 0, ""url"": ""http://dicini.de""}"
http://dickersonfenceco.gardinary.com,clean,allowed,,,True,{},Legitimate,1,88.1717529296875,False,Qty Tld Url=3.0 (increases phishing risk) | Qty Vowels Domain=10.0 (increases phishing risk) | Length Url=30.0 (increases phishing risk),,"{""google_available"": true, ""google_flagged"": false, ""google_safe_browsing"": {}, ""model_confidence"": 88.1717529296875, ""model_prediction"": ""Legitimate"", ""model_reasoning"": [{""feature"": ""Qty Tld Url"", ""impact"": ""increases phishing risk"", ""shap_value"": 1.6524667739868164, ""value"": 3.0}, {""feature"": ""Qty Vowels Domain"", ""impact"": ""increases phishing risk"", ""shap_value"": 0.9187760949134827, ""value"": 10.0}, {""feature"": ""Length Url"", ""impact"": ""increases phishing risk"", ""shap_value"": 0.4460393786430359, ""value"": 30.0}], ""model_status"": 1, ""url"": ""http://dickersonfenceco.gardinary.com""}"
http://dickroids.com,clean,blocked by model,,,True,{},PHISHING,0,53.94972610473633,False,Qty Dot Domain=1.0 (increases phishing risk) | Qty Tld Url=3.0 (increases phishing risk),,"{""google_available"": true, ""google_flagged"": false, ""google_safe_browsing"": {}, ""model_confidence"": 53.94972610473633, ""model_prediction"": ""PHISHING"", ""model_reasoning"": [{""feature"": ""Qty Dot Domain"", ""impact"": ""increases phishing risk"", ""shap_value"": 0.9797619581222534, ""value"": 1.0}, {""feature"": ""Qty Tld Url"", ""impact"": ""increases phishing risk"", ""shap_value"": 0.6379356384277344, ""value"": 3.0}], ""model_status"": 0, ""url"": ""http://dickroids.com""}"
http://dickslink.square.site,clean,blocked by model,,,True,{},PHISHING,0,85.23261260986328,False,Qty Tld Url=4.0 (increases phishing risk) | Qty Dot Domain=2.0 (decreases phishing risk),,"{""google_available"": true, ""google_flagged"": false, ""google_safe_browsing"": {}, ""model_confidence"": 85.23261260986328, ""model_prediction"": ""PHISHING"", ""model_reasoning"": [{""feature"": ""Qty Tld Url"", ""impact"": ""increases phishing risk"", ""shap_value"": 0.46768856048583984, ""value"": 4.0}, {""feature"": ""Qty Dot Domain"", ""impact"": ""decreases phishing risk"", ""shap_value"": -0.28341951966285706, ""value"": 2.0}], ""model_status"": 0, ""url"": ""http://dickslink.square.site""}"
http://dicksonsmultitrade.com,clean,blocked by model,,,True,{},PHISHING,0,70.56253814697266,False,Qty Dot Domain=1.0 (increases phishing risk) | Qty Tld Url=3.0 (increases phishing risk),,"{""google_available"": true, ""google_flagged"": false, ""google_safe_browsing"": {}, ""model_confidence"": 70.56253814697266, ""model_prediction"": ""PHISHING"", ""model_reasoning"": [{""feature"": ""Qty Dot Domain"", ""impact"": ""increases phishing risk"", ""shap_value"": 0.8188552856445312, ""value"": 1.0}, {""feature"": ""Qty Tld Url"", ""impact"": ""increases phishing risk"", ""shap_value"": 0.570915937423706, ""value"": 3.0}], ""model_status"": 0, ""url"": ""http://dicksonsmultitrade.com""}"
http://dickswelding.silkerphoto.com,clean,allowed,,,True,{},Legitimate,1,70.20674896240234,False,Qty Tld Url=3.0 (increases phishing risk) | Qty Vowels Domain=8.0 (increases phishing risk),,"{""google_available"": true, ""google_flagged"": false, ""google_safe_browsing"": {}, ""model_confidence"": 70.20674896240234, ""model_prediction"": ""Legitimate"", ""model_reasoning"": [{""feature"": ""Qty Tld Url"", ""impact"": ""increases phishing risk"", ""shap_value"": 1.356978178024292, ""value"": 3.0}, {""feature"": ""Qty Vowels Domain"", ""impact"": ""increases phishing risk"", ""shap_value"": 0.6088690161705017, ""value"": 8.0}], ""model_status"": 1, ""url"": ""http://dickswelding.silkerphoto.com""}"
http://diclinous-opinions.000webhostapp.com,clean,allowed,,,True,{},Legitimate,1,84.60636901855469,False,Qty Tld Url=3.0 (increases phishing risk) | Length Url=36.0 (increases phishing risk) | Qty Vowels Domain=12.0 (increases phishing risk),,"{""google_available"": true, ""google_flagged"": false, ""google_safe_browsing"": {}, ""model_confidence"": 84.60636901855469, ""model_prediction"": ""Legitimate"", ""model_reasoning"": [{""feature"": ""Qty Tld Url"", ""impact"": ""increases phishing risk"", ""shap_value"": 1.0844131708145142, ""value"": 3.0}, {""feature"": ""Length Url"", ""impact"": ""increases phishing risk"", ""shap_value"": 0.7097163796424866, ""value"": 36.0}, {""feature"": ""Qty Vowels Domain"", ""impact"": ""increases phishing risk"", ""shap_value"": 0.49684810638427734, ""value"": 12.0}], ""model_status"": 1, ""url"": ""http://diclinous-opinions.000webhostapp.com""}"
http://dicmemay-t3te.vercel.app,clean,blocked by model,,,True,{},PHISHING,0,79.78730010986328,False,Qty Hyphen Url=1.0 (increases phishing risk) | Qty Tld Url=3.0 (increases phishing risk) | Qty Dot Domain=2.0 (decreases phishing risk),,"{""google_available"": true, ""google_flagged"": false, ""google_safe_browsing"": {}, ""model_confidence"": 79.78730010986328, ""model_prediction"": ""PHISHING"", ""model_reasoning"": [{""feature"": ""Qty Hyphen Url"", ""impact"": ""increases phishing risk"", ""shap_value"": 0.4702337980270386, ""value"": 1.0}, {""feature"": ""Qty Tld Url"", ""impact"": ""increases phishing risk"", ""shap_value"": 0.3804416358470917, ""value"": 3.0}, {""feature"": ""Qty Dot Domain"", ""impact"": ""decreases phishing risk"", ""shap_value"": -0.3474198579788208, ""value"": 2.0}], ""model_status"": 0, ""url"": ""http://dicmemay-t3te.vercel.app""}"
http://diconstruye.com,clean,blocked by model,,,True,{},PHISHING,0,54.03535461425781,False,Qty Dot Domain=1.0 (increases phishing risk) | Qty Tld Url=3.0 (increases phishing risk),,"{""google_available"": true, ""google_flagged"": false, ""google_safe_browsing"": {}, ""model_confidence"": 54.03535461425781, ""model_prediction"": ""PHISHING"", ""model_reasoning"": [{""feature"": ""Qty Dot Domain"", ""impact"": ""increases phishing risk"", ""shap_value"": 1.0949199199676514, ""value"": 1.0}, {""feature"": ""Qty Tld Url"", ""impact"": ""increases phishing risk"", ""shap_value"": 0.4800277352333069, ""value"": 3.0}], ""model_status"": 0, ""url"": ""http://diconstruye.com""}"
http://dicord-buging.up.railway.app,flagged,blocked by Google Safe Browsing,,,True,"{""matches"": [{""cacheDuration"": ""300s"", ""platformType"": ""ANY_PLATFORM"", ""threat"": {""url"": ""http://dicord-buging.up.railway.app""}, ""threatEntryType"": ""URL"", ""threatType"": ""SOCIAL_ENGINEERING""}]}",PHISHING,0,100.0,True,Flagged by Google Safe Browsing.,,"{""google_available"": true, ""google_flagged"": true, ""google_safe_browsing"": {""matches"": [{""cacheDuration"": ""300s"", ""platformType"": ""ANY_PLATFORM"", ""threat"": {""url"": ""http://dicord-buging.up.railway.app""}, ""threatEntryType"": ""URL"", ""threatType"": ""SOCIAL_ENGINEERING""}]}, ""model_confidence"": 100.0, ""model_prediction"": ""PHISHING"", ""model_reasoning"": [""Flagged by Google Safe Browsing.""], ""model_status"": 0, ""url"": ""http://dicord-buging.up.railway.app""}"
http://dicroude.za.com,clean,blocked by model,,,True,{},PHISHING,0,93.23527526855469,False,Length Url=15.0 (decreases phishing risk) | Qty Tld Url=3.0 (increases phishing risk),,"{""google_available"": true, ""google_flagged"": false, ""google_safe_browsing"": {}, ""model_confidence"": 93.23527526855469, ""model_prediction"": ""PHISHING"", ""model_reasoning"": [{""feature"": ""Length Url"", ""impact"": ""decreases phishing risk"", ""shap_value"": -0.5948672294616699, ""value"": 15.0}, {""feature"": ""Qty Tld Url"", ""impact"": ""increases phishing risk"", ""shap_value"": 0.3977718651294708, ""value"": 3.0}], ""model_status"": 0, ""url"": ""http://dicroude.za.com""}"
http://dicsignnnfileese.weeblysite.com,clean,allowed,,,True,{},Legitimate,1,88.6312026977539,False,Qty Tld Url=3.0 (increases phishing risk) | Qty Vowels Domain=11.0 (increases phishing risk) | Domain Length=31.0 (increases phishing risk),,"{""google_available"": true, ""google_flagged"": false, ""google_safe_browsing"": {}, ""model_confidence"": 88.6312026977539, ""model_prediction"": ""Legitimate"", ""model_reasoning"": [{""feature"": ""Qty Tld Url"", ""impact"": ""increases phishing risk"", ""shap_value"": 1.6916877031326294, ""value"": 3.0}, {""feature"": ""Qty Vowels Domain"", ""impact"": ""increases phishing risk"", ""shap_value"": 0.836126983165741, ""value"": 11.0}, {""feature"": ""Domain Length"", ""impact"": ""increases phishing risk"", ""shap_value"": 0.44409799575805664, ""value"": 31.0}], ""model_status"": 1, ""url"": ""http://dicsignnnfileese.weeblysite.com""}"
http://dicsorb-gift.ru,clean,blocked by model,,,True,{},PHISHING,0,51.16912078857422,False,Qty Dot Domain=1.0 (increases phishing risk) | Length Url=15.0 (decreases phishing risk),,"{""google_available"": true, ""google_flagged"": false, ""google_safe_browsing"": {}, ""model_confidence"": 51.16912078857422, ""model_prediction"": ""PHISHING"", ""model_reasoning"": [{""feature"": ""Qty Dot Domain"", ""impact"": ""increases phishing risk"", ""shap_value"": 1.1990689039230347, ""value"": 1.0}, {""feature"": ""Length Url"", ""impact"": ""decreases phishing risk"", ""shap_value"": -0.4650616943836212, ""value"": 15.0}], ""model_status"": 0, ""url"": ""http://dicsorb-gift.ru""}"
http://dicsord-auction.com,clean,allowed,,,True,{},Legitimate,1,73.71858215332031,False,Qty Dot Domain=1.0 (increases phishing risk) | Qty Hyphen Url=1.0 (increases phishing risk),,"{""google_available"": true, ""google_flagged"": false, ""google_safe_browsing"": {}, ""model_confidence"": 73.71858215332031, ""model_prediction"": ""Legitimate"", ""model_reasoning"": [{""feature"": ""Qty Dot Domain"", ""impact"": ""increases phishing risk"", ""shap_value"": 1.092233657836914, ""value"": 1.0}, {""feature"": ""Qty Hyphen Url"", ""impact"": ""increases phishing risk"", ""shap_value"": 0.6745995879173279, ""value"": 1.0}], ""model_status"": 1, ""url"": ""http://dicsord-auction.com""}"
http://dicsordly.com,clean,blocked by model,,,True,{},PHISHING,0,59.81686019897461,False,Qty Dot Domain=1.0 (increases phishing risk) | Qty Tld Url=3.0 (increases phishing risk) | Length Url=13.0 (decreases phishing risk),,"{""google_available"": true, ""google_flagged"": false, ""google_safe_browsing"": {}, ""model_confidence"": 59.81686019897461, ""model_prediction"": ""PHISHING"", ""model_reasoning"": [{""feature"": ""Qty Dot Domain"", ""impact"": ""increases phishing risk"", ""shap_value"": 1.121232271194458, ""value"": 1.0}, {""feature"": ""Qty Tld Url"", ""impact"": ""increases phishing risk"", ""shap_value"": 0.651412308216095, ""value"": 3.0}, {""feature"": ""Length Url"", ""impact"": ""decreases phishing risk"", ""shap_value"": -0.46642136573791504, ""value"": 13.0}], ""model_status"": 0, ""url"": ""http://dicsordly.com""}"
http://dicsords-gg.com,clean,allowed,,,True,{},Legitimate,1,72.19078826904297,False,Qty Dot Domain=1.0 (increases phishing risk) | Qty Hyphen Url=1.0 (increases phishing risk) | Qty Tld Url=3.0 (increases phishing risk),,"{""google_available"": true, ""google_flagged"": false, ""google_safe_browsing"": {}, ""model_confidence"": 72.19078826904297, ""model_prediction"": ""Legitimate"", ""model_reasoning"": [{""feature"": ""Qty Dot Domain"", ""impact"": ""increases phishing risk"", ""shap_value"": 1.235377550125122, ""value"": 1.0}, {""feature"": ""Qty Hyphen Url"", ""impact"": ""increases phishing risk"", ""shap_value"": 0.5320420861244202, ""value"": 1.0}, {""feature"": ""Qty Tld Url"", ""impact"": ""increases phishing risk"", ""shap_value"": 0.471217542886734, ""value"": 3.0}], ""model_status"": 1, ""url"": ""http://dicsords-gg.com""}"
http://dicsorf.icu,clean,blocked by model,,,True,{},PHISHING,0,71.91250610351562,False,Qty Dot Domain=1.0 (increases phishing risk) | Length Url=11.0 (decreases phishing risk) | Qty Tld Url=3.0 (increases phishing risk),,"{""google_available"": true, ""google_flagged"": false, ""google_safe_browsing"": {}, ""model_confidence"": 71.91250610351562, ""model_prediction"": ""PHISHING"", ""model_reasoning"": [{""feature"": ""Qty Dot Domain"", ""impact"": ""increases phishing risk"", ""shap_value"": 0.936519205570221, ""value"": 1.0}, {""feature"": ""Length Url"", ""impact"": ""decreases phishing risk"", ""shap_value"": -0.7293173670768738, ""value"": 11.0}, {""feature"": ""Qty Tld Url"", ""impact"": ""increases phishing risk"", ""shap_value"": 0.6518204808235168, ""value"": 3.0}], ""model_status"": 0, ""url"": ""http://dicsorf.icu""}"
http://dicsrods-glft.com,clean,allowed,,,True,{},Legitimate,1,53.408939361572266,False,Qty Dot Domain=1.0 (increases phishing risk) | Length Url=17.0 (decreases phishing risk),,"{""google_available"": true, ""google_flagged"": false, ""google_safe_browsing"": {}, ""model_confidence"": 53.408939361572266, ""model_prediction"": ""Legitimate"", ""model_reasoning"": [{""feature"": ""Qty Dot Domain"", ""impact"": ""increases phishing risk"", ""shap_value"": 1.2882002592086792, ""value"": 1.0}, {""feature"": ""Length Url"", ""impact"": ""decreases phishing risk"", ""shap_value"": -0.4718746244907379, ""value"": 17.0}], ""model_status"": 1, ""url"": ""http://dicsrods-glft.com""}"
http://dictateceiling.com,clean,blocked by model,,,True,{},PHISHING,0,62.1378173828125,False,Qty Dot Domain=1.0 (increases phishing risk) | Qty Tld Url=3.0 (increases phishing risk),,"{""google_available"": true, ""google_flagged"": false, ""google_safe_browsing"": {}, ""model_confidence"": 62.1378173828125, ""model_prediction"": ""PHISHING"", ""model_reasoning"": [{""feature"": ""Qty Dot Domain"", ""impact"": ""increases phishing risk"", ""shap_value"": 0.9429249167442322, ""value"": 1.0}, {""feature"": ""Qty Tld Url"", ""impact"": ""increases phishing risk"", ""shap_value"": 0.36093631386756897, ""value"": 3.0}], ""model_status"": 0, ""url"": ""http://dictateceiling.com""}"
http://dict.ekitistate.gov.ng,clean,blocked by model,,,True,{},PHISHING,0,91.57172393798828,False,Qty Dot Domain=3.0 (decreases phishing risk) | Qty Tld Url=2.0 (increases phishing risk),,"{""google_available"": true, ""google_flagged"": false, ""google_safe_browsing"": {}, ""model_confidence"": 91.57172393798828, ""model_prediction"": ""PHISHING"", ""model_reasoning"": [{""feature"": ""Qty Dot Domain"", ""impact"": ""decreases phishing risk"", ""shap_value"": -0.6712722778320312, ""value"": 3.0}, {""feature"": ""Qty Tld Url"", ""impact"": ""increases phishing risk"", ""shap_value"": 0.507174015045166, ""value"": 2.0}], ""model_status"": 0, ""url"": ""http://dict.ekitistate.gov.ng""}"
http://dictionarie.creatorlink.net,clean,allowed,,,True,{},Legitimate,1,86.91484069824219,False,Qty Tld Url=3.0 (increases phishing risk) | Qty Vowels Domain=11.0 (increases phishing risk) | Domain Length=27.0 (increases phishing risk),,"{""google_available"": true, ""google_flagged"": false, ""google_safe_browsing"": {}, ""model_confidence"": 86.91484069824219, ""model_prediction"": ""Legitimate"", ""model_reasoning"": [{""feature"": ""Qty Tld Url"", ""impact"": ""increases phishing risk"", ""shap_value"": 1.4601950645446777, ""value"": 3.0}, {""feature"": ""Qty Vowels Domain"", ""impact"": ""increases phishing risk"", ""shap_value"": 1.0286740064620972, ""value"": 11.0}, {""feature"": ""Domain Length"", ""impact"": ""increases phishing risk"", ""shap_value"": 0.47438234090805054, ""value"": 27.0}], ""model_status"": 1, ""url"": ""http://dictionarie.creatorlink.net""}"
http://dictionaries.creatorlink.net,clean,allowed,,,True,{},Legitimate,1,92.83881378173828,False,Qty Tld Url=3.0 (increases phishing risk) | Qty Vowels Domain=11.0 (increases phishing risk) | Domain Length=28.0 (increases phishing risk),,"{""google_available"": true, ""google_flagged"": false, ""google_safe_browsing"": {}, ""model_confidence"": 92.83881378173828, ""model_prediction"": ""Legitimate"", ""model_reasoning"": [{""feature"": ""Qty Tld Url"", ""impact"": ""increases phishing risk"", ""shap_value"": 1.3870289325714111, ""value"": 3.0}, {""feature"": ""Qty Vowels Domain"", ""impact"": ""increases phishing risk"", ""shap_value"": 1.2926573753356934, ""value"": 11.0}, {""feature"": ""Domain Length"", ""impact"": ""increases phishing risk"", ""shap_value"": 0.5674951076507568, ""value"": 28.0}], ""model_status"": 1, ""url"": ""http://dictionaries.creatorlink.net""}"
http://dictionaries-pace-extra-exceptions.trycloudflare.com,clean,allowed,,,True,{},Legitimate,1,82.60832214355469,False,Length Url=52.0 (increases phishing risk) | Qty Vowels Domain=19.0 (increases phishing risk) | Qty Tld Url=3.0 (increases phishing risk),,"{""google_available"": true, ""google_flagged"": false, ""google_safe_browsing"": {}, ""model_confidence"": 82.60832214355469, ""model_prediction"": ""Legitimate"", ""model_reasoning"": [{""feature"": ""Length Url"", ""impact"": ""increases phishing risk"", ""shap_value"": 1.1317771673202515, ""value"": 52.0}, {""feature"": ""Qty Vowels Domain"", ""impact"": ""increases phishing risk"", ""shap_value"": 0.9618015289306641, ""value"": 19.0}, {""feature"": ""Qty Tld Url"", ""impact"": ""increases phishing risk"", ""shap_value"": 0.616749107837677, ""value"": 3.0}], ""model_status"": 1, ""url"": ""http://dictionaries-pace-extra-exceptions.trycloudflare.com""}"
http://dictionariez.creatorlink.net,clean,allowed,,,True,{},Legitimate,1,92.83881378173828,False,Qty Tld Url=3.0 (increases phishing risk) | Qty Vowels Domain=11.0 (increases phishing risk) | Domain Length=28.0 (increases phishing risk),,"{""google_available"": true, ""google_flagged"": false, ""google_safe_browsing"": {}, ""model_confidence"": 92.83881378173828, ""model_prediction"": ""Legitimate"", ""model_reasoning"": [{""feature"": ""Qty Tld Url"", ""impact"": ""increases phishing risk"", ""shap_value"": 1.3870289325714111, ""value"": 3.0}, {""feature"": ""Qty Vowels Domain"", ""impact"": ""increases phishing risk"", ""shap_value"": 1.2926573753356934, ""value"": 11.0}, {""feature"": ""Domain Length"", ""impact"": ""increases phishing risk"", ""shap_value"": 0.5674951076507568, ""value"": 28.0}], ""model_status"": 1, ""url"": ""http://dictionariez.creatorlink.net""}"
http://dictwebedit.weebly.com,clean,blocked by model,,,True,{},PHISHING,0,87.16590118408203,False,Qty Tld Url=3.0 (increases phishing risk) | Qty Dot Domain=2.0 (decreases phishing risk),,"{""google_available"": true, ""google_flagged"": false, ""google_safe_browsing"": {}, ""model_confidence"": 87.16590118408203, ""model_prediction"": ""PHISHING"", ""model_reasoning"": [{""feature"": ""Qty Tld Url"", ""impact"": ""increases phishing risk"", ""shap_value"": 0.47207969427108765, ""value"": 3.0}, {""feature"": ""Qty Dot Domain"", ""impact"": ""decreases phishing risk"", ""shap_value"": -0.26376673579216003, ""value"": 2.0}], ""model_status"": 0, ""url"": ""http://dictwebedit.weebly.com""}"
http://dicyandiamide.shop,clean,blocked by model,,,True,{},PHISHING,0,62.1378173828125,False,Qty Dot Domain=1.0 (increases phishing risk) | Qty Tld Url=4.0 (increases phishing risk),,"{""google_available"": true, ""google_flagged"": false, ""google_safe_browsing"": {}, ""model_confidence"": 62.1378173828125, ""model_prediction"": ""PHISHING"", ""model_reasoning"": [{""feature"": ""Qty Dot Domain"", ""impact"": ""increases phishing risk"", ""shap_value"": 0.9429249167442322, ""value"": 1.0}, {""feature"": ""Qty Tld Url"", ""impact"": ""increases phishing risk"", ""shap_value"": 0.36093631386756897, ""value"": 4.0}], ""model_status"": 0, ""url"": ""http://dicyandiamide.shop""}"
http://dicznhbdprcdejwk-dot-millinium.ey.r.appspot.com,clean,allowed,,,True,{},Legitimate,1,98.25714111328125,False,Length Url=47.0 (increases phishing risk) | Domain Length=47.0 (increases phishing risk) | Qty Vowels Domain=11.0 (increases phishing risk),,"{""google_available"": true, ""google_flagged"": false, ""google_safe_browsing"": {}, ""model_confidence"": 98.25714111328125, ""model_prediction"": ""Legitimate"", ""model_reasoning"": [{""feature"": ""Length Url"", ""impact"": ""increases phishing risk"", ""shap_value"": 2.0616848468780518, ""value"": 47.0}, {""feature"": ""Domain Length"", ""impact"": ""increases phishing risk"", ""shap_value"": 1.615875244140625, ""value"": 47.0}, {""feature"": ""Qty Vowels Domain"", ""impact"": ""increases phishing risk"", ""shap_value"": 1.0116451978683472, ""value"": 11.0}], ""model_status"": 1, ""url"": ""http://dicznhbdprcdejwk-dot-millinium.ey.r.appspot.com""}"
http://did45e3d.ru,clean,blocked by model,,,True,{},PHISHING,0,70.7752914428711,False,Qty Dot Domain=1.0 (increases phishing risk) | Length Url=11.0 (decreases phishing risk) | Qty Tld Url=2.0 (increases phishing risk),,"{""google_available"": true, ""google_flagged"": false, ""google_safe_browsing"": {}, ""model_confidence"": 70.7752914428711, ""model_prediction"": ""PHISHING"", ""model_reasoning"": [{""feature"": ""Qty Dot Domain"", ""impact"": ""increases phishing risk"", ""shap_value"": 1.0553627014160156, ""value"": 1.0}, {""feature"": ""Length Url"", ""impact"": ""decreases phishing risk"", ""shap_value"": -0.6960861086845398, ""value"": 11.0}, {""feature"": ""Qty Tld Url"", ""impact"": ""increases phishing risk"", ""shap_value"": 0.6616218686103821, ""value"": 2.0}], ""model_status"": 0, ""url"": ""http://did45e3d.ru""}"
http://did57sauveton.wixsite.com,clean,blocked by model,,,True,{},PHISHING,0,64.16634368896484,False,Qty Tld Url=3.0 (increases phishing risk) | Qty Vowels Domain=9.0 (increases phishing risk),,"{""google_available"": true, ""google_flagged"": false, ""google_safe_browsing"": {}, ""model_confidence"": 64.16634368896484, ""model_prediction"": ""PHISHING"", ""model_reasoning"": [{""feature"": ""Qty Tld Url"", ""impact"": ""increases phishing risk"", ""shap_value"": 1.0020475387573242, ""value"": 3.0}, {""feature"": ""Qty Vowels Domain"", ""impact"": ""increases phishing risk"", ""shap_value"": 0.34069007635116577, ""value"": 9.0}], ""model_status"": 0, ""url"": ""http://did57sauveton.wixsite.com""}"
http://didafoipeke-4865.vercel.app,flagged,blocked by Google Safe Browsing,,,True,"{""matches"": [{""cacheDuration"": ""300s"", ""platformType"": ""ANY_PLATFORM"", ""threat"": {""url"": ""http://didafoipeke-4865.vercel.app""}, ""threatEntryType"": ""URL"", ""threatType"": ""SOCIAL_ENGINEERING""}]}",PHISHING,0,100.0,True,Flagged by Google Safe Browsing.,,"{""google_available"": true, ""google_flagged"": true, ""google_safe_browsing"": {""matches"": [{""cacheDuration"": ""300s"", ""platformType"": ""ANY_PLATFORM"", ""threat"": {""url"": ""http://didafoipeke-4865.vercel.app""}, ""threatEntryType"": ""URL"", ""threatType"": ""SOCIAL_ENGINEERING""}]}, ""model_confidence"": 100.0, ""model_prediction"": ""PHISHING"", ""model_reasoning"": [""Flagged by Google Safe Browsing.""], ""model_status"": 0, ""url"": ""http://didafoipeke-4865.vercel.app""}"
http://didahw.ga,clean,blocked by model,,,True,{},PHISHING,0,83.72654724121094,False,Length Url=9.0 (decreases phishing risk) | Qty Dot Domain=1.0 (increases phishing risk) | Qty Tld Url=2.0 (increases phishing risk),,"{""google_available"": true, ""google_flagged"": false, ""google_safe_browsing"": {}, ""model_confidence"": 83.72654724121094, ""model_prediction"": ""PHISHING"", ""model_reasoning"": [{""feature"": ""Length Url"", ""impact"": ""decreases phishing risk"", ""shap_value"": -0.8814216256141663, ""value"": 9.0}, {""feature"": ""Qty Dot Domain"", ""impact"": ""increases phishing risk"", ""shap_value"": 0.8645139932632446, ""value"": 1.0}, {""feature"": ""Qty Tld Url"", ""impact"": ""increases phishing risk"", ""shap_value"": 0.629409909248352, ""value"": 2.0}], ""model_status"": 0, ""url"": ""http://didahw.ga""}"
http://didasiw.club,clean,blocked by model,,,True,{},PHISHING,0,63.19417953491211,False,Qty Dot Domain=1.0 (increases phishing risk) | Length Url=12.0 (decreases phishing risk) | Qty Tld Url=4.0 (increases phishing risk),,"{""google_available"": true, ""google_flagged"": false, ""google_safe_browsing"": {}, ""model_confidence"": 63.19417953491211, ""model_prediction"": ""PHISHING"", ""model_reasoning"": [{""feature"": ""Qty Dot Domain"", ""impact"": ""increases phishing risk"", ""shap_value"": 0.9785807132720947, ""value"": 1.0}, {""feature"": ""Length Url"", ""impact"": ""decreases phishing risk"", ""shap_value"": -0.6401152610778809, ""value"": 12.0}, {""feature"": ""Qty Tld Url"", ""impact"": ""increases phishing risk"", ""shap_value"": 0.6386113166809082, ""value"": 4.0}], ""model_status"": 0, ""url"": ""http://didasiw.club""}"
http://didbeddings.com,clean,blocked by model,,,True,{},PHISHING,0,56.24321746826172,False,Qty Dot Domain=1.0 (increases phishing risk) | Qty Tld Url=3.0 (increases phishing risk),,"{""google_available"": true, ""google_flagged"": false, ""google_safe_browsing"": {}, ""model_confidence"": 56.24321746826172, ""model_prediction"": ""PHISHING"", ""model_reasoning"": [{""feature"": ""Qty Dot Domain"", ""impact"": ""increases phishing risk"", ""shap_value"": 1.1560640335083008, ""value"": 1.0}, {""feature"": ""Qty Tld Url"", ""impact"": ""increases phishing risk"", ""shap_value"": 0.5229707956314087, ""value"": 3.0}], ""model_status"": 0, ""url"": ""http://didbeddings.com""}"
http://didemtekstil.com,clean,blocked by model,,,True,{},PHISHING,0,63.93718719482422,False,Qty Dot Domain=1.0 (increases phishing risk) | Qty Tld Url=3.0 (increases phishing risk),,"{""google_available"": true, ""google_flagged"": false, ""google_safe_browsing"": {}, ""model_confidence"": 63.93718719482422, ""model_prediction"": ""PHISHING"", ""model_reasoning"": [{""feature"": ""Qty Dot Domain"", ""impact"": ""increases phishing risk"", ""shap_value"": 1.1500656604766846, ""value"": 1.0}, {""feature"": ""Qty Tld Url"", ""impact"": ""increases phishing risk"", ""shap_value"": 0.36487871408462524, ""value"": 3.0}], ""model_status"": 0, ""url"": ""http://didemtekstil.com""}"
http://dideno.ir,clean,blocked by model,,,True,{},PHISHING,0,74.43936157226562,False,Qty Dot Domain=1.0 (increases phishing risk) | Qty Tld Url=2.0 (increases phishing risk) | Length Url=9.0 (decreases phishing risk),,"{""google_available"": true, ""google_flagged"": false, ""google_safe_browsing"": {}, ""model_confidence"": 74.43936157226562, ""model_prediction"": ""PHISHING"", ""model_reasoning"": [{""feature"": ""Qty Dot Domain"", ""impact"": ""increases phishing risk"", ""shap_value"": 0.851081907749176, ""value"": 1.0}, {""feature"": ""Qty Tld Url"", ""impact"": ""increases phishing risk"", ""shap_value"": 0.6183426976203918, ""value"": 2.0}, {""feature"": ""Length Url"", ""impact"": ""decreases phishing risk"", ""shap_value"": -0.6060234904289246, ""value"": 9.0}], ""model_status"": 0, ""url"": ""http://dideno.ir""}"
http://dides.cl,clean,blocked by model,,,True,{},PHISHING,0,90.63956451416016,False,Length Url=8.0 (decreases phishing risk) | Qty Dot Domain=1.0 (increases phishing risk) | Qty Tld Url=2.0 (increases phishing risk),,"{""google_available"": true, ""google_flagged"": false, ""google_safe_browsing"": {}, ""model_confidence"": 90.63956451416016, ""model_prediction"": ""PHISHING"", ""model_reasoning"": [{""feature"": ""Length Url"", ""impact"": ""decreases phishing risk"", ""shap_value"": -0.9538281559944153, ""value"": 8.0}, {""feature"": ""Qty Dot Domain"", ""impact"": ""increases phishing risk"", ""shap_value"": 0.7962605953216553, ""value"": 1.0}, {""feature"": ""Qty Tld Url"", ""impact"": ""increases phishing risk"", ""shap_value"": 0.6353371143341064, ""value"": 2.0}], ""model_status"": 0, ""url"": ""http://dides.cl""}"
http://didianeensing-fft-oshehun.pages.dev,clean,allowed,,,True,{},Legitimate,1,78.11235809326172,False,Qty Tld Url=3.0 (increases phishing risk) | Length Url=35.0 (increases phishing risk) | Qty Hyphen Url=2.0 (increases phishing risk),,"{""google_available"": true, ""google_flagged"": false, ""google_safe_browsing"": {}, ""model_confidence"": 78.11235809326172, ""model_prediction"": ""Legitimate"", ""model_reasoning"": [{""feature"": ""Qty Tld Url"", ""impact"": ""increases phishing risk"", ""shap_value"": 0.9886693358421326, ""value"": 3.0}, {""feature"": ""Length Url"", ""impact"": ""increases phishing risk"", ""shap_value"": 0.724282443523407, ""value"": 35.0}, {""feature"": ""Qty Hyphen Url"", ""impact"": ""increases phishing risk"", ""shap_value"": 0.48967671394348145, ""value"": 2.0}], ""model_status"": 1, ""url"": ""http://didianeensing-fft-oshehun.pages.dev""}"
http://didi.atozgroup.ir,clean,blocked by model,,,True,{},PHISHING,0,94.08673858642578,False,Length Url=17.0 (decreases phishing risk) | Qty Dot Domain=2.0 (decreases phishing risk),,"{""google_available"": true, ""google_flagged"": false, ""google_safe_browsing"": {}, ""model_confidence"": 94.08673858642578, ""model_prediction"": ""PHISHING"", ""model_reasoning"": [{""feature"": ""Length Url"", ""impact"": ""decreases phishing risk"", ""shap_value"": -0.4844907522201538, ""value"": 17.0}, {""feature"": ""Qty Dot Domain"", ""impact"": ""decreases phishing risk"", ""shap_value"": -0.3595079779624939, ""value"": 2.0}], ""model_status"": 0, ""url"": ""http://didi.atozgroup.ir""}"
http://didierpajot.com,clean,blocked by model,,,True,{},PHISHING,0,67.64944458007812,False,Qty Dot Domain=1.0 (increases phishing risk) | Qty Tld Url=3.0 (increases phishing risk) | Length Url=15.0 (decreases phishing risk),,"{""google_available"": true, ""google_flagged"": false, ""google_safe_browsing"": {}, ""model_confidence"": 67.64944458007812, ""model_prediction"": ""PHISHING"", ""model_reasoning"": [{""feature"": ""Qty Dot Domain"", ""impact"": ""increases phishing risk"", ""shap_value"": 0.9262968897819519, ""value"": 1.0}, {""feature"": ""Qty Tld Url"", ""impact"": ""increases phishing risk"", ""shap_value"": 0.5170401334762573, ""value"": 3.0}, {""feature"": ""Length Url"", ""impact"": ""decreases phishing risk"", ""shap_value"": -0.4769231379032135, ""value"": 15.0}], ""model_status"": 0, ""url"": ""http://didierpajot.com""}"
http://didii1-f878a6.ingress-baronn.ewp.live,clean,allowed,,,True,{},Legitimate,1,68.98897552490234,False,Length Url=37.0 (increases phishing risk) | Qty Tld Url=4.0 (increases phishing risk) | Qty Dot Domain=3.0 (decreases phishing risk),,"{""google_available"": true, ""google_flagged"": false, ""google_safe_browsing"": {}, ""model_confidence"": 68.98897552490234, ""model_prediction"": ""Legitimate"", ""model_reasoning"": [{""feature"": ""Length Url"", ""impact"": ""increases phishing risk"", ""shap_value"": 0.9582611322402954, ""value"": 37.0}, {""feature"": ""Qty Tld Url"", ""impact"": ""increases phishing risk"", ""shap_value"": 0.9398953914642334, ""value"": 4.0}, {""feature"": ""Qty Dot Domain"", ""impact"": ""decreases phishing risk"", ""shap_value"": -0.6800824999809265, ""value"": 3.0}], ""model_status"": 1, ""url"": ""http://didii1-f878a6.ingress-baronn.ewp.live""}"
http://did.li,clean,blocked by model,,,True,{},PHISHING,0,91.47943115234375,False,Length Url=6.0 (decreases phishing risk) | Qty Dot Domain=1.0 (increases phishing risk) | Qty Tld Url=2.0 (increases phishing risk),,"{""google_available"": true, ""google_flagged"": false, ""google_safe_browsing"": {}, ""model_confidence"": 91.47943115234375, ""model_prediction"": ""PHISHING"", ""model_reasoning"": [{""feature"": ""Length Url"", ""impact"": ""decreases phishing risk"", ""shap_value"": -1.3521397113800049, ""value"": 6.0}, {""feature"": ""Qty Dot Domain"", ""impact"": ""increases phishing risk"", ""shap_value"": 0.8160393238067627, ""value"": 1.0}, {""feature"": ""Qty Tld Url"", ""impact"": ""increases phishing risk"", ""shap_value"": 0.6139971017837524, ""value"": 2.0}], ""model_status"": 0, ""url"": ""http://did.li""}"
http://didsgtetoxftwakdmwtmrgnecpxmvmzjtgkg-dot-glenxpecial3009493.ey.r.appspot.com,clean,allowed,,,True,{},Legitimate,1,98.20610046386719,False,Length Url=76.0 (increases phishing risk) | Domain Length=76.0 (increases phishing risk) | Qty Tld Url=3.0 (increases phishing risk),,"{""google_available"": true, ""google_flagged"": false, ""google_safe_browsing"": {}, ""model_confidence"": 98.20610046386719, ""model_prediction"": ""Legitimate"", ""model_reasoning"": [{""feature"": ""Length Url"", ""impact"": ""increases phishing risk"", ""shap_value"": 2.9266223907470703, ""value"": 76.0}, {""feature"": ""Domain Length"", ""impact"": ""increases phishing risk"", ""shap_value"": 1.1272079944610596, ""value"": 76.0}, {""feature"": ""Qty Tld Url"", ""impact"": ""increases phishing risk"", ""shap_value"": 0.8548743724822998, ""value"": 3.0}], ""model_status"": 1, ""url"": ""http://didsgtetoxftwakdmwtmrgnecpxmvmzjtgkg-dot-glenxpecial3009493.ey.r.appspot.com""}"
http://diducalaw.com,clean,blocked by model,,,True,{},PHISHING,0,59.02406692504883,False,Qty Dot Domain=1.0 (increases phishing risk) | Qty Tld Url=3.0 (increases phishing risk),,"{""google_available"": true, ""google_flagged"": false, ""google_safe_browsing"": {}, ""model_confidence"": 59.02406692504883, ""model_prediction"": ""PHISHING"", ""model_reasoning"": [{""feature"": ""Qty Dot Domain"", ""impact"": ""increases phishing risk"", ""shap_value"": 0.9448511004447937, ""value"": 1.0}, {""feature"": ""Qty Tld Url"", ""impact"": ""increases phishing risk"", ""shap_value"": 0.638353705406189, ""value"": 3.0}], ""model_status"": 0, ""url"": ""http://diducalaw.com""}"
http://didyoudiet.com,clean,blocked by model,,,True,{},PHISHING,0,65.59647369384766,False,Qty Dot Domain=1.0 (increases phishing risk) | Qty Tld Url=3.0 (increases phishing risk),,"{""google_available"": true, ""google_flagged"": false, ""google_safe_browsing"": {}, ""model_confidence"": 65.59647369384766, ""model_prediction"": ""PHISHING"", ""model_reasoning"": [{""feature"": ""Qty Dot Domain"", ""impact"": ""increases phishing risk"", ""shap_value"": 0.8950865864753723, ""value"": 1.0}, {""feature"": ""Qty Tld Url"", ""impact"": ""increases phishing risk"", ""shap_value"": 0.4784238338470459, ""value"": 3.0}], ""model_status"": 0, ""url"": ""http://didyoudiet.com""}"
http://die317.top,clean,blocked by model,,,True,{},PHISHING,0,64.38038635253906,False,Qty Dot Domain=1.0 (increases phishing risk) | Qty Tld Url=3.0 (increases phishing risk) | Length Url=10.0 (decreases phishing risk),,"{""google_available"": true, ""google_flagged"": false, ""google_safe_browsing"": {}, ""model_confidence"": 64.38038635253906, ""model_prediction"": ""PHISHING"", ""model_reasoning"": [{""feature"": ""Qty Dot Domain"", ""impact"": ""increases phishing risk"", ""shap_value"": 1.0438790321350098, ""value"": 1.0}, {""feature"": ""Qty Tld Url"", ""impact"": ""increases phishing risk"", ""shap_value"": 0.6302662491798401, ""value"": 3.0}, {""feature"": ""Length Url"", ""impact"": ""decreases phishing risk"", ""shap_value"": -0.5548107624053955, ""value"": 10.0}], ""model_status"": 0, ""url"": ""http://die317.top""}"
http://die-b89439.netlify.app,clean,blocked by model,,,True,{},PHISHING,0,95.15988159179688,False,Qty Vowels Domain=5.0 (decreases phishing risk) | Qty Dot Domain=2.0 (decreases phishing risk),,"{""google_available"": true, ""google_flagged"": false, ""google_safe_browsing"": {}, ""model_confidence"": 95.15988159179688, ""model_prediction"": ""PHISHING"", ""model_reasoning"": [{""feature"": ""Qty Vowels Domain"", ""impact"": ""decreases phishing risk"", ""shap_value"": -0.5020102262496948, ""value"": 5.0}, {""feature"": ""Qty Dot Domain"", ""impact"": ""decreases phishing risk"", ""shap_value"": -0.39702919125556946, ""value"": 2.0}], ""model_status"": 0, ""url"": ""http://die-b89439.netlify.app""}"
http://diebhoseihjtinhj-dot-millinium.ey.r.appspot.com,clean,allowed,,,True,{},Legitimate,1,89.99684143066406,False,Domain Length=47.0 (increases phishing risk) | Length Url=47.0 (increases phishing risk) | Qty Tld Url=3.0 (increases phishing risk),,"{""google_available"": true, ""google_flagged"": false, ""google_safe_browsing"": {}, ""model_confidence"": 89.99684143066406, ""model_prediction"": ""Legitimate"", ""model_reasoning"": [{""feature"": ""Domain Length"", ""impact"": ""increases phishing risk"", ""shap_value"": 1.1075912714004517, ""value"": 47.0}, {""feature"": ""Length Url"", ""impact"": ""increases phishing risk"", ""shap_value"": 1.0727568864822388, ""value"": 47.0}, {""feature"": ""Qty Tld Url"", ""impact"": ""increases phishing risk"", ""shap_value"": 0.8683449625968933, ""value"": 3.0}], ""model_status"": 1, ""url"": ""http://diebhoseihjtinhj-dot-millinium.ey.r.appspot.com""}"
http://dieentretenimento.com,clean,blocked by model,,,True,{},PHISHING,0,64.34817504882812,False,Qty Tld Url=3.0 (increases phishing risk) | Qty Dot Domain=1.0 (increases phishing risk),,"{""google_available"": true, ""google_flagged"": false, ""google_safe_browsing"": {}, ""model_confidence"": 64.34817504882812, ""model_prediction"": ""PHISHING"", ""model_reasoning"": [{""feature"": ""Qty Tld Url"", ""impact"": ""increases phishing risk"", ""shap_value"": 0.5958523750305176, ""value"": 3.0}, {""feature"": ""Qty Dot Domain"", ""impact"": ""increases phishing risk"", ""shap_value"": 0.5174410343170166, ""value"": 1.0}], ""model_status"": 0, ""url"": ""http://dieentretenimento.com""}"
http://diegobianchinews.it,clean,blocked by model,,,True,{},PHISHING,0,72.8264389038086,False,Qty Tld Url=2.0 (increases phishing risk) | Qty Dot Domain=1.0 (increases phishing risk) | Length Url=19.0 (decreases phishing risk),,"{""google_available"": true, ""google_flagged"": false, ""google_safe_browsing"": {}, ""model_confidence"": 72.8264389038086, ""model_prediction"": ""PHISHING"", ""model_reasoning"": [{""feature"": ""Qty Tld Url"", ""impact"": ""increases phishing risk"", ""shap_value"": 0.5529255270957947, ""value"": 2.0}, {""feature"": ""Qty Dot Domain"", ""impact"": ""increases phishing risk"", ""shap_value"": 0.4865688383579254, ""value"": 1.0}, {""feature"": ""Length Url"", ""impact"": ""decreases phishing risk"", ""shap_value"": -0.47980043292045593, ""value"": 19.0}], ""model_status"": 0, ""url"": ""http://diegobianchinews.it""}"
http://diegofavaphoto.it,clean,blocked by model,,,True,{},PHISHING,0,59.06666564941406,False,Qty Dot Domain=1.0 (increases phishing risk) | Qty Tld Url=2.0 (increases phishing risk),,"{""google_available"": true, ""google_flagged"": false, ""google_safe_browsing"": {}, ""model_confidence"": 59.06666564941406, ""model_prediction"": ""PHISHING"", ""model_reasoning"": [{""feature"": ""Qty Dot Domain"", ""impact"": ""increases phishing risk"", ""shap_value"": 0.6202386021614075, ""value"": 1.0}, {""feature"": ""Qty Tld Url"", ""impact"": ""increases phishing risk"", ""shap_value"": 0.49771848320961, ""value"": 2.0}], ""model_status"": 0, ""url"": ""http://diegofavaphoto.it""}"
http://diegoh567ome.ru,clean,blocked by model,,,True,{},PHISHING,0,67.64944458007812,False,Qty Dot Domain=1.0 (increases phishing risk) | Qty Tld Url=2.0 (increases phishing risk) | Length Url=15.0 (decreases phishing risk),,"{""google_available"": true, ""google_flagged"": false, ""google_safe_browsing"": {}, ""model_confidence"": 67.64944458007812, ""model_prediction"": ""PHISHING"", ""model_reasoning"": [{""feature"": ""Qty Dot Domain"", ""impact"": ""increases phishing risk"", ""shap_value"": 0.9262968897819519, ""value"": 1.0}, {""feature"": ""Qty Tld Url"", ""impact"": ""increases phishing risk"", ""shap_value"": 0.5170401334762573, ""value"": 2.0}, {""feature"": ""Length Url"", ""impact"": ""decreases phishing risk"", ""shap_value"": -0.4769231379032135, ""value"": 15.0}], ""model_status"": 0, ""url"": ""http://diegoh567ome.ru""}"
http://diegolramos-netflix-clone.vercel.app,clean,allowed,,,True,{},Legitimate,1,82.70203399658203,False,Qty Tld Url=3.0 (increases phishing risk) | Length Url=36.0 (increases phishing risk) | Qty Hyphen Url=2.0 (increases phishing risk),,"{""google_available"": true, ""google_flagged"": false, ""google_safe_browsing"": {}, ""model_confidence"": 82.70203399658203, ""model_prediction"": ""Legitimate"", ""model_reasoning"": [{""feature"": ""Qty Tld Url"", ""impact"": ""increases phishing risk"", ""shap_value"": 0.9617582559585571, ""value"": 3.0}, {""feature"": ""Length Url"", ""impact"": ""increases phishing risk"", ""shap_value"": 0.7956624627113342, ""value"": 36.0}, {""feature"": ""Qty Hyphen Url"", ""impact"": ""increases phishing risk"", ""shap_value"": 0.5706037282943726, ""value"": 2.0}], ""model_status"": 1, ""url"": ""http://diegolramos-netflix-clone.vercel.app""}"
http://diegomarcano.com,clean,blocked by model,,,True,{},PHISHING,0,76.52008819580078,False,Qty Dot Domain=1.0 (increases phishing risk) | Length Url=16.0 (decreases phishing risk) | Qty Tld Url=3.0 (increases phishing risk),,"{""google_available"": true, ""google_flagged"": false, ""google_safe_browsing"": {}, ""model_confidence"": 76.52008819580078, ""model_prediction"": ""PHISHING"", ""model_reasoning"": [{""feature"": ""Qty Dot Domain"", ""impact"": ""increases phishing risk"", ""shap_value"": 0.9524769186973572, ""value"": 1.0}, {""feature"": ""Length Url"", ""impact"": ""decreases phishing risk"", ""shap_value"": -0.5223985910415649, ""value"": 16.0}, {""feature"": ""Qty Tld Url"", ""impact"": ""increases phishing risk"", ""shap_value"": 0.45531031489372253, ""value"": 3.0}], ""model_status"": 0, ""url"": ""http://diegomarcano.com""}"
http://diegoplaylist.com,clean,blocked by model,,,True,{},PHISHING,0,59.04195785522461,False,Qty Dot Domain=1.0 (increases phishing risk) | Qty Tld Url=3.0 (increases phishing risk),,"{""google_available"": true, ""google_flagged"": false, ""google_safe_browsing"": {}, ""model_confidence"": 59.04195785522461, ""model_prediction"": ""PHISHING"", ""model_reasoning"": [{""feature"": ""Qty Dot Domain"", ""impact"": ""increases phishing risk"", ""shap_value"": 1.0890852212905884, ""value"": 1.0}, {""feature"": ""Qty Tld Url"", ""impact"": ""increases phishing risk"", ""shap_value"": 0.34279024600982666, ""value"": 3.0}], ""model_status"": 0, ""url"": ""http://diegoplaylist.com""}"
http://die-hard-drains.000webhostapp.com,clean,allowed,,,True,{},Legitimate,1,65.01341247558594,False,Qty Tld Url=3.0 (increases phishing risk) | Qty Hyphen Url=2.0 (increases phishing risk) | Length Url=33.0 (increases phishing risk),,"{""google_available"": true, ""google_flagged"": false, ""google_safe_browsing"": {}, ""model_confidence"": 65.01341247558594, ""model_prediction"": ""Legitimate"", ""model_reasoning"": [{""feature"": ""Qty Tld Url"", ""impact"": ""increases phishing risk"", ""shap_value"": 1.1829724311828613, ""value"": 3.0}, {""feature"": ""Qty Hyphen Url"", ""impact"": ""increases phishing risk"", ""shap_value"": 0.5128888487815857, ""value"": 2.0}, {""feature"": ""Length Url"", ""impact"": ""increases phishing risk"", ""shap_value"": 0.442473828792572, ""value"": 33.0}], ""model_status"": 1, ""url"": ""http://die-hard-drains.000webhostapp.com""}"
http://diehard.myz.info,clean,blocked by model,,,True,{},PHISHING,0,96.5495376586914,False,Length Url=16.0 (decreases phishing risk) | Qty Dot Domain=2.0 (decreases phishing risk) | Domain Length=16.0 (decreases phishing risk),,"{""google_available"": true, ""google_flagged"": false, ""google_safe_browsing"": {}, ""model_confidence"": 96.5495376586914, ""model_prediction"": ""PHISHING"", ""model_reasoning"": [{""feature"": ""Length Url"", ""impact"": ""decreases phishing risk"", ""shap_value"": -0.44996199011802673, ""value"": 16.0}, {""feature"": ""Qty Dot Domain"", ""impact"": ""decreases phishing risk"", ""shap_value"": -0.4252976179122925, ""value"": 2.0}, {""feature"": ""Domain Length"", ""impact"": ""decreases phishing risk"", ""shap_value"": -0.39296862483024597, ""value"": 16.0}], ""model_status"": 0, ""url"": ""http://diehard.myz.info""}"
http://diehoffmaenner.com,clean,blocked by model,,,True,{},PHISHING,0,62.1378173828125,False,Qty Dot Domain=1.0 (increases phishing risk) | Qty Tld Url=3.0 (increases phishing risk),,"{""google_available"": true, ""google_flagged"": false, ""google_safe_browsing"": {}, ""model_confidence"": 62.1378173828125, ""model_prediction"": ""PHISHING"", ""model_reasoning"": [{""feature"": ""Qty Dot Domain"", ""impact"": ""increases phishing risk"", ""shap_value"": 0.9429249167442322, ""value"": 1.0}, {""feature"": ""Qty Tld Url"", ""impact"": ""increases phishing risk"", ""shap_value"": 0.36093631386756897, ""value"": 3.0}], ""model_status"": 0, ""url"": ""http://diehoffmaenner.com""}"
http://diejsjsfshfsfkjsfhsdfjdfrfgtjthgjgdfbsdshgvb.my-board.org,clean,allowed,,,True,{},Legitimate,1,99.26793670654297,False,Length Url=57.0 (increases phishing risk) | Domain Length=57.0 (increases phishing risk) | Qty Vowels Domain=5.0 (increases phishing risk),,"{""google_available"": true, ""google_flagged"": false, ""google_safe_browsing"": {}, ""model_confidence"": 99.26793670654297, ""model_prediction"": ""Legitimate"", ""model_reasoning"": [{""feature"": ""Length Url"", ""impact"": ""increases phishing risk"", ""shap_value"": 3.219669818878174, ""value"": 57.0}, {""feature"": ""Domain Length"", ""impact"": ""increases phishing risk"", ""shap_value"": 2.3041608333587646, ""value"": 57.0}, {""feature"": ""Qty Vowels Domain"", ""impact"": ""increases phishing risk"", ""shap_value"": 0.7391005754470825, ""value"": 5.0}], ""model_status"": 1, ""url"": ""http://diejsjsfshfsfkjsfhsdfjdfrfgtjthgjgdfbsdshgvb.my-board.org""}"
http://dieketsengm21.000webhostapp.com,clean,allowed,,,True,{},Legitimate,1,92.09500885009766,False,Qty Tld Url=3.0 (increases phishing risk) | Qty Vowels Domain=8.0 (increases phishing risk) | Length Url=31.0 (increases phishing risk),,"{""google_available"": true, ""google_flagged"": false, ""google_safe_browsing"": {}, ""model_confidence"": 92.09500885009766, ""model_prediction"": ""Legitimate"", ""model_reasoning"": [{""feature"": ""Qty Tld Url"", ""impact"": ""increases phishing risk"", ""shap_value"": 1.358974575996399, ""value"": 3.0}, {""feature"": ""Qty Vowels Domain"", ""impact"": ""increases phishing risk"", ""shap_value"": 1.0877485275268555, ""value"": 8.0}, {""feature"": ""Length Url"", ""impact"": ""increases phishing risk"", ""shap_value"": 0.6790274381637573, ""value"": 31.0}], ""model_status"": 1, ""url"": ""http://dieketsengm21.000webhostapp.com""}"
http://dieland-b8e4c5.ingress-erytho.ewp.live,clean,allowed,,,True,{},Legitimate,1,72.95724487304688,False,Length Url=38.0 (increases phishing risk) | Qty Tld Url=4.0 (increases phishing risk) | Qty Dot Domain=3.0 (decreases phishing risk),,"{""google_available"": true, ""google_flagged"": false, ""google_safe_browsing"": {}, ""model_confidence"": 72.95724487304688, ""model_prediction"": ""Legitimate"", ""model_reasoning"": [{""feature"": ""Length Url"", ""impact"": ""increases phishing risk"", ""shap_value"": 1.1614553928375244, ""value"": 38.0}, {""feature"": ""Qty Tld Url"", ""impact"": ""increases phishing risk"", ""shap_value"": 0.9583387970924377, ""value"": 4.0}, {""feature"": ""Qty Dot Domain"", ""impact"": ""decreases phishing risk"", ""shap_value"": -0.6846439838409424, ""value"": 3.0}], ""model_status"": 1, ""url"": ""http://dieland-b8e4c5.ingress-erytho.ewp.live""}"
http://diemacher.info,clean,blocked by model,,,True,{},PHISHING,0,65.59647369384766,False,Qty Dot Domain=1.0 (increases phishing risk) | Qty Tld Url=4.0 (increases phishing risk),,"{""google_available"": true, ""google_flagged"": false, ""google_safe_browsing"": {}, ""model_confidence"": 65.59647369384766, ""model_prediction"": ""PHISHING"", ""model_reasoning"": [{""feature"": ""Qty Dot Domain"", ""impact"": ""increases phishing risk"", ""shap_value"": 0.8950865864753723, ""value"": 1.0}, {""feature"": ""Qty Tld Url"", ""impact"": ""increases phishing risk"", ""shap_value"": 0.4784238338470459, ""value"": 4.0}], ""model_status"": 0, ""url"": ""http://diemacher.info""}"
http://diemdanh.fo4.gerana.vn,clean,blocked by model,,,True,{},PHISHING,0,91.57172393798828,False,Qty Dot Domain=3.0 (decreases phishing risk) | Qty Tld Url=2.0 (increases phishing risk),,"{""google_available"": true, ""google_flagged"": false, ""google_safe_browsing"": {}, ""model_confidence"": 91.57172393798828, ""model_prediction"": ""PHISHING"", ""model_reasoning"": [{""feature"": ""Qty Dot Domain"", ""impact"": ""decreases phishing risk"", ""shap_value"": -0.6712722778320312, ""value"": 3.0}, {""feature"": ""Qty Tld Url"", ""impact"": ""increases phishing risk"", ""shap_value"": 0.507174015045166, ""value"": 2.0}], ""model_status"": 0, ""url"": ""http://diemdanh.fo4.gerana.vn""}"
http://diemingcar.com,clean,blocked by model,,,True,{},PHISHING,0,59.677757263183594,False,Qty Dot Domain=1.0 (increases phishing risk) | Qty Tld Url=3.0 (increases phishing risk),,"{""google_available"": true, ""google_flagged"": false, ""google_safe_browsing"": {}, ""model_confidence"": 59.677757263183594, ""model_prediction"": ""PHISHING"", ""model_reasoning"": [{""feature"": ""Qty Dot Domain"", ""impact"": ""increases phishing risk"", ""shap_value"": 0.9897260665893555, ""value"": 1.0}, {""feature"": ""Qty Tld Url"", ""impact"": ""increases phishing risk"", ""shap_value"": 0.44281312823295593, ""value"": 3.0}], ""model_status"": 0, ""url"": ""http://diemingcar.com""}"
http://die-nayabhada.myddns.me,clean,blocked by model,,,True,{},PHISHING,0,85.6368637084961,False,Qty Hyphen Url=1.0 (increases phishing risk) | Qty Tld Url=2.0 (increases phishing risk) | Qty Dot Domain=2.0 (decreases phishing risk),,"{""google_available"": true, ""google_flagged"": false, ""google_safe_browsing"": {}, ""model_confidence"": 85.6368637084961, ""model_prediction"": ""PHISHING"", ""model_reasoning"": [{""feature"": ""Qty Hyphen Url"", ""impact"": ""increases phishing risk"", ""shap_value"": 0.4435420632362366, ""value"": 1.0}, {""feature"": ""Qty Tld Url"", ""impact"": ""increases phishing risk"", ""shap_value"": 0.4147816300392151, ""value"": 2.0}, {""feature"": ""Qty Dot Domain"", ""impact"": ""decreases phishing risk"", ""shap_value"": -0.3844110369682312, ""value"": 2.0}], ""model_status"": 0, ""url"": ""http://die-nayabhada.myddns.me""}"
http://dienbaovong1gio.com,clean,blocked by model,,,True,{},PHISHING,0,72.8264389038086,False,Qty Tld Url=3.0 (increases phishing risk) | Qty Dot Domain=1.0 (increases phishing risk) | Length Url=19.0 (decreases phishing risk),,"{""google_available"": true, ""google_flagged"": false, ""google_safe_browsing"": {}, ""model_confidence"": 72.8264389038086, ""model_prediction"": ""PHISHING"", ""model_reasoning"": [{""feature"": ""Qty Tld Url"", ""impact"": ""increases phishing risk"", ""shap_value"": 0.5529255270957947, ""value"": 3.0}, {""feature"": ""Qty Dot Domain"", ""impact"": ""increases phishing risk"", ""shap_value"": 0.4865688383579254, ""value"": 1.0}, {""feature"": ""Length Url"", ""impact"": ""decreases phishing risk"", ""shap_value"": -0.47980043292045593, ""value"": 19.0}], ""model_status"": 0, ""url"": ""http://dienbaovong1gio.com""}"
http://dienlanhtaiphat.com,clean,blocked by model,,,True,{},PHISHING,0,60.15568542480469,False,Qty Dot Domain=1.0 (increases phishing risk) | Qty Tld Url=3.0 (increases phishing risk),,"{""google_available"": true, ""google_flagged"": false, ""google_safe_browsing"": {}, ""model_confidence"": 60.15568542480469, ""model_prediction"": ""PHISHING"", ""model_reasoning"": [{""feature"": ""Qty Dot Domain"", ""impact"": ""increases phishing risk"", ""shap_value"": 0.895470380783081, ""value"": 1.0}, {""feature"": ""Qty Tld Url"", ""impact"": ""increases phishing risk"", ""shap_value"": 0.43321841955184937, ""value"": 3.0}], ""model_status"": 0, ""url"": ""http://dienlanhtaiphat.com""}"
http://dienlanhththinhphat.com.vn,clean,blocked by model,,,True,{},PHISHING,0,58.72017288208008,False,Length Url=26.0 (increases phishing risk) | Domain Length=26.0 (increases phishing risk) | Qty Tld Url=2.0 (increases phishing risk),,"{""google_available"": true, ""google_flagged"": false, ""google_safe_browsing"": {}, ""model_confidence"": 58.72017288208008, ""model_prediction"": ""PHISHING"", ""model_reasoning"": [{""feature"": ""Length Url"", ""impact"": ""increases phishing risk"", ""shap_value"": 0.5085379481315613, ""value"": 26.0}, {""feature"": ""Domain Length"", ""impact"": ""increases phishing risk"", ""shap_value"": 0.4888112246990204, ""value"": 26.0}, {""feature"": ""Qty Tld Url"", ""impact"": ""increases phishing risk"", ""shap_value"": 0.4667072594165802, ""value"": 2.0}], ""model_status"": 0, ""url"": ""http://dienlanhththinhphat.com.vn""}"
http://dienmaygiasi.vn,clean,blocked by model,,,True,{},PHISHING,0,67.64944458007812,False,Qty Dot Domain=1.0 (increases phishing risk) | Qty Tld Url=2.0 (increases phishing risk) | Length Url=15.0 (decreases phishing risk),,"{""google_available"": true, ""google_flagged"": false, ""google_safe_browsing"": {}, ""model_confidence"": 67.64944458007812, ""model_prediction"": ""PHISHING"", ""model_reasoning"": [{""feature"": ""Qty Dot Domain"", ""impact"": ""increases phishing risk"", ""shap_value"": 0.9262968897819519, ""value"": 1.0}, {""feature"": ""Qty Tld Url"", ""impact"": ""increases phishing risk"", ""shap_value"": 0.5170401334762573, ""value"": 2.0}, {""feature"": ""Length Url"", ""impact"": ""decreases phishing risk"", ""shap_value"": -0.4769231379032135, ""value"": 15.0}], ""model_status"": 0, ""url"": ""http://dienmaygiasi.vn""}"
http://dienminhphu.com,clean,blocked by model,,,True,{},PHISHING,0,54.03535461425781,False,Qty Dot Domain=1.0 (increases phishing risk) | Qty Tld Url=3.0 (increases phishing risk),,"{""google_available"": true, ""google_flagged"": false, ""google_safe_browsing"": {}, ""model_confidence"": 54.03535461425781, ""model_prediction"": ""PHISHING"", ""model_reasoning"": [{""feature"": ""Qty Dot Domain"", ""impact"": ""increases phishing risk"", ""shap_value"": 1.0949199199676514, ""value"": 1.0}, {""feature"": ""Qty Tld Url"", ""impact"": ""increases phishing risk"", ""shap_value"": 0.4800277352333069, ""value"": 3.0}], ""model_status"": 0, ""url"": ""http://dienminhphu.com""}"
http://dienrwtz.we9ixzz.co,clean,blocked by model,,,True,{},PHISHING,0,97.10662078857422,False,Length Url=19.0 (decreases phishing risk) | Qty Dot Domain=2.0 (decreases phishing risk),,"{""google_available"": true, ""google_flagged"": false, ""google_safe_browsing"": {}, ""model_confidence"": 97.10662078857422, ""model_prediction"": ""PHISHING"", ""model_reasoning"": [{""feature"": ""Length Url"", ""impact"": ""decreases phishing risk"", ""shap_value"": -0.6082441806793213, ""value"": 19.0}, {""feature"": ""Qty Dot Domain"", ""impact"": ""decreases phishing risk"", ""shap_value"": -0.40342676639556885, ""value"": 2.0}], ""model_status"": 0, ""url"": ""http://dienrwtz.we9ixzz.co""}"
http://diensten-onlinewebb.top,clean,allowed,,,True,{},Legitimate,1,68.2878646850586,False,Qty Dot Domain=1.0 (increases phishing risk) | Qty Hyphen Url=1.0 (increases phishing risk) | Qty Tld Url=3.0 (increases phishing risk),,"{""google_available"": true, ""google_flagged"": false, ""google_safe_browsing"": {}, ""model_confidence"": 68.2878646850586, ""model_prediction"": ""Legitimate"", ""model_reasoning"": [{""feature"": ""Qty Dot Domain"", ""impact"": ""increases phishing risk"", ""shap_value"": 0.7610059380531311, ""value"": 1.0}, {""feature"": ""Qty Hyphen Url"", ""impact"": ""increases phishing risk"", ""shap_value"": 0.6703299283981323, ""value"": 1.0}, {""feature"": ""Qty Tld Url"", ""impact"": ""increases phishing risk"", ""shap_value"": 0.5644994974136353, ""value"": 3.0}], ""model_status"": 1, ""url"": ""http://diensten-onlinewebb.top""}"
http://dienstpakketcentrumdienst.xyz,clean,blocked by model,,,True,{},PHISHING,0,67.32843780517578,False,Qty Tld Url=3.0 (increases phishing risk) | Qty Dot Domain=1.0 (increases phishing risk),,"{""google_available"": true, ""google_flagged"": false, ""google_safe_browsing"": {}, ""model_confidence"": 67.32843780517578, ""model_prediction"": ""PHISHING"", ""model_reasoning"": [{""feature"": ""Qty Tld Url"", ""impact"": ""increases phishing risk"", ""shap_value"": 0.8339113593101501, ""value"": 3.0}, {""feature"": ""Qty Dot Domain"", ""impact"": ""increases phishing risk"", ""shap_value"": 0.22571054100990295, ""value"": 1.0}], ""model_status"": 0, ""url"": ""http://dienstpakketcentrumdienst.xyz""}"
http://die-osteopathin-in-wien.at,clean,allowed,,,True,{},Legitimate,1,82.9079360961914,False,Qty Dot Domain=1.0 (increases phishing risk) | Qty Hyphen Url=3.0 (increases phishing risk) | Qty Tld Url=2.0 (increases phishing risk),,"{""google_available"": true, ""google_flagged"": false, ""google_safe_browsing"": {}, ""model_confidence"": 82.9079360961914, ""model_prediction"": ""Legitimate"", ""model_reasoning"": [{""feature"": ""Qty Dot Domain"", ""impact"": ""increases phishing risk"", ""shap_value"": 0.770341694355011, ""value"": 1.0}, {""feature"": ""Qty Hyphen Url"", ""impact"": ""increases phishing risk"", ""shap_value"": 0.7566836476325989, ""value"": 3.0}, {""feature"": ""Qty Tld Url"", ""impact"": ""increases phishing risk"", ""shap_value"": 0.6702136397361755, ""value"": 2.0}], ""model_status"": 1, ""url"": ""http://die-osteopathin-in-wien.at""}"
http://die-p0st-ch-1f854.bignando.com,clean,allowed,,,True,{},Legitimate,1,86.90741729736328,False,Length Url=30.0 (increases phishing risk) | Qty Hyphen Url=3.0 (increases phishing risk) | Domain Length=30.0 (increases phishing risk),,"{""google_available"": true, ""google_flagged"": false, ""google_safe_browsing"": {}, ""model_confidence"": 86.90741729736328, ""model_prediction"": ""Legitimate"", ""model_reasoning"": [{""feature"": ""Length Url"", ""impact"": ""increases phishing risk"", ""shap_value"": 0.9619051814079285, ""value"": 30.0}, {""feature"": ""Qty Hyphen Url"", ""impact"": ""increases phishing risk"", ""shap_value"": 0.7690547704696655, ""value"": 3.0}, {""feature"": ""Domain Length"", ""impact"": ""increases phishing risk"", ""shap_value"": 0.6477775573730469, ""value"": 30.0}], ""model_status"": 1, ""url"": ""http://die-p0st-ch-1f854.bignando.com""}"
http://die-p0st-ch-e218b.bignando.com,clean,allowed,,,True,{},Legitimate,1,73.65799713134766,False,Qty Hyphen Url=3.0 (increases phishing risk) | Length Url=30.0 (increases phishing risk) | Qty Tld Url=3.0 (increases phishing risk),,"{""google_available"": true, ""google_flagged"": false, ""google_safe_browsing"": {}, ""model_confidence"": 73.65799713134766, ""model_prediction"": ""Legitimate"", ""model_reasoning"": [{""feature"": ""Qty Hyphen Url"", ""impact"": ""increases phishing risk"", ""shap_value"": 0.8246656060218811, ""value"": 3.0}, {""feature"": ""Length Url"", ""impact"": ""increases phishing risk"", ""shap_value"": 0.7100701332092285, ""value"": 30.0}, {""feature"": ""Qty Tld Url"", ""impact"": ""increases phishing risk"", ""shap_value"": 0.6477199792861938, ""value"": 3.0}], ""model_status"": 1, ""url"": ""http://die-p0st-ch-e218b.bignando.com""}"
http://diepolishingindia.in,clean,blocked by model,,,True,{},PHISHING,0,73.43611907958984,False,Qty Tld Url=2.0 (increases phishing risk) | Qty Dot Domain=1.0 (increases phishing risk),,"{""google_available"": true, ""google_flagged"": false, ""google_safe_browsing"": {}, ""model_confidence"": 73.43611907958984, ""model_prediction"": ""PHISHING"", ""model_reasoning"": [{""feature"": ""Qty Tld Url"", ""impact"": ""increases phishing risk"", ""shap_value"": 0.540269672870636, ""value"": 2.0}, {""feature"": ""Qty Dot Domain"", ""impact"": ""increases phishing risk"", ""shap_value"": 0.5049000978469849, ""value"": 1.0}], ""model_status"": 0, ""url"": ""http://diepolishingindia.in""}"
http://diepost.009231.space,clean,blocked by model,,,True,{},PHISHING,0,96.84407806396484,False,Length Url=20.0 (decreases phishing risk) | Qty Vowels Domain=5.0 (decreases phishing risk),,"{""google_available"": true, ""google_flagged"": false, ""google_safe_browsing"": {}, ""model_confidence"": 96.84407806396484, ""model_prediction"": ""PHISHING"", ""model_reasoning"": [{""feature"": ""Length Url"", ""impact"": ""decreases phishing risk"", ""shap_value"": -0.5589215755462646, ""value"": 20.0}, {""feature"": ""Qty Vowels Domain"", ""impact"": ""decreases phishing risk"", ""shap_value"": -0.4130485951900482, ""value"": 5.0}], ""model_status"": 0, ""url"": ""http://diepost.009231.space""}"
http://diepost-2468f.web.app,clean,blocked by model,,,True,{},PHISHING,0,95.79994201660156,False,Qty Vowels Domain=5.0 (decreases phishing risk) | Length Url=21.0 (decreases phishing risk),,"{""google_available"": true, ""google_flagged"": false, ""google_safe_browsing"": {}, ""model_confidence"": 95.79994201660156, ""model_prediction"": ""PHISHING"", ""model_reasoning"": [{""feature"": ""Qty Vowels Domain"", ""impact"": ""decreases phishing risk"", ""shap_value"": -0.6650434732437134, ""value"": 5.0}, {""feature"": ""Length Url"", ""impact"": ""decreases phishing risk"", ""shap_value"": -0.4635035991668701, ""value"": 21.0}], ""model_status"": 0, ""url"": ""http://diepost-2468f.web.app""}"
http://diepostanforderungvhost142875.lowhost.ru,clean,allowed,,,True,{},Legitimate,1,88.24480438232422,False,Qty Tld Url=2.0 (increases phishing risk) | Length Url=40.0 (increases phishing risk) | Domain Length=40.0 (increases phishing risk),,"{""google_available"": true, ""google_flagged"": false, ""google_safe_browsing"": {}, ""model_confidence"": 88.24480438232422, ""model_prediction"": ""Legitimate"", ""model_reasoning"": [{""feature"": ""Qty Tld Url"", ""impact"": ""increases phishing risk"", ""shap_value"": 1.1279070377349854, ""value"": 2.0}, {""feature"": ""Length Url"", ""impact"": ""increases phishing risk"", ""shap_value"": 1.064237117767334, ""value"": 40.0}, {""feature"": ""Domain Length"", ""impact"": ""increases phishing risk"", ""shap_value"": 0.9674761891365051, ""value"": 40.0}], ""model_status"": 1, ""url"": ""http://diepostanforderungvhost142875.lowhost.ru""}"
http://die-post-ch-8b852.radikalwinds.pt,clean,allowed,,,True,{},Legitimate,1,54.22133255004883,False,Length Url=33.0 (increases phishing risk) | Qty Hyphen Url=3.0 (increases phishing risk) | Qty Tld Url=2.0 (increases phishing risk),,"{""google_available"": true, ""google_flagged"": false, ""google_safe_browsing"": {}, ""model_confidence"": 54.22133255004883, ""model_prediction"": ""Legitimate"", ""model_reasoning"": [{""feature"": ""Length Url"", ""impact"": ""increases phishing risk"", ""shap_value"": 0.6988402009010315, ""value"": 33.0}, {""feature"": ""Qty Hyphen Url"", ""impact"": ""increases phishing risk"", ""shap_value"": 0.6633680462837219, ""value"": 3.0}, {""feature"": ""Qty Tld Url"", ""impact"": ""increases phishing risk"", ""shap_value"": 0.48582834005355835, ""value"": 2.0}], ""model_status"": 1, ""url"": ""http://die-post-ch-8b852.radikalwinds.pt""}"
http://die-post.ch.atauropartners.eu,clean,blocked by model,,,True,{},PHISHING,0,57.598304748535156,False,Qty Tld Url=2.0 (increases phishing risk) | Qty Dot Domain=3.0 (decreases phishing risk) | Qty Vowels Domain=11.0 (increases phishing risk),,"{""google_available"": true, ""google_flagged"": false, ""google_safe_browsing"": {}, ""model_confidence"": 57.598304748535156, ""model_prediction"": ""PHISHING"", ""model_reasoning"": [{""feature"": ""Qty Tld Url"", ""impact"": ""increases phishing risk"", ""shap_value"": 1.3566405773162842, ""value"": 2.0}, {""feature"": ""Qty Dot Domain"", ""impact"": ""decreases phishing risk"", ""shap_value"": -0.633317768573761, ""value"": 3.0}, {""feature"": ""Qty Vowels Domain"", ""impact"": ""increases phishing risk"", ""shap_value"": 0.6058563590049744, ""value"": 11.0}], ""model_status"": 0, ""url"": ""http://die-post.ch.atauropartners.eu""}"
http://die-postch.ddns.net,clean,blocked by model,,,True,{},PHISHING,0,97.34532165527344,False,Length Url=19.0 (decreases phishing risk) | Qty Vowels Domain=4.0 (decreases phishing risk),,"{""google_available"": true, ""google_flagged"": false, ""google_safe_browsing"": {}, ""model_confidence"": 97.34532165527344, ""model_prediction"": ""PHISHING"", ""model_reasoning"": [{""feature"": ""Length Url"", ""impact"": ""decreases phishing risk"", ""shap_value"": -0.6797854900360107, ""value"": 19.0}, {""feature"": ""Qty Vowels Domain"", ""impact"": ""decreases phishing risk"", ""shap_value"": -0.5803117156028748, ""value"": 4.0}], ""model_status"": 0, ""url"": ""http://die-postch.ddns.net""}"
http://die-post.ch.design-ir.com,clean,blocked by model,,,True,{},PHISHING,0,84.474609375,False,Qty Dot Domain=3.0 (decreases phishing risk) | Qty Tld Url=3.0 (increases phishing risk) | Qty Hyphen Url=2.0 (increases phishing risk),,"{""google_available"": true, ""google_flagged"": false, ""google_safe_browsing"": {}, ""model_confidence"": 84.474609375, ""model_prediction"": ""PHISHING"", ""model_reasoning"": [{""feature"": ""Qty Dot Domain"", ""impact"": ""decreases phishing risk"", ""shap_value"": -0.7639792561531067, ""value"": 3.0}, {""feature"": ""Qty Tld Url"", ""impact"": ""increases phishing risk"", ""shap_value"": 0.5543666481971741, ""value"": 3.0}, {""feature"": ""Qty Hyphen Url"", ""impact"": ""increases phishing risk"", ""shap_value"": 0.4542972147464752, ""value"": 2.0}], ""model_status"": 0, ""url"": ""http://die-post.ch.design-ir.com""}"
http://diepost-ch.gotdns.ch,clean,blocked by model,,,True,{},PHISHING,0,96.77798461914062,False,Length Url=20.0 (decreases phishing risk) | Qty Vowels Domain=4.0 (decreases phishing risk),,"{""google_available"": true, ""google_flagged"": false, ""google_safe_browsing"": {}, ""model_confidence"": 96.77798461914062, ""model_prediction"": ""PHISHING"", ""model_reasoning"": [{""feature"": ""Length Url"", ""impact"": ""decreases phishing risk"", ""shap_value"": -0.6734542846679688, ""value"": 20.0}, {""feature"": ""Qty Vowels Domain"", ""impact"": ""decreases phishing risk"", ""shap_value"": -0.5170409083366394, ""value"": 4.0}], ""model_status"": 0, ""url"": ""http://diepost-ch.gotdns.ch""}"
http://diepost-ch-help-support-tracking-home-update.pixelcreativehub.com,clean,allowed,,,True,{},Legitimate,1,98.8918228149414,False,Length Url=65.0 (increases phishing risk) | Qty Vowels Domain=21.0 (increases phishing risk) | Domain Length=65.0 (increases phishing risk),,"{""google_available"": true, ""google_flagged"": false, ""google_safe_browsing"": {}, ""model_confidence"": 98.8918228149414, ""model_prediction"": ""Legitimate"", ""model_reasoning"": [{""feature"": ""Length Url"", ""impact"": ""increases phishing risk"", ""shap_value"": 2.7339725494384766, ""value"": 65.0}, {""feature"": ""Qty Vowels Domain"", ""impact"": ""increases phishing risk"", ""shap_value"": 1.21897554397583, ""value"": 21.0}, {""feature"": ""Domain Length"", ""impact"": ""increases phishing risk"", ""shap_value"": 1.012942910194397, ""value"": 65.0}], ""model_status"": 1, ""url"": ""http://diepost-ch-help-support-tracking-home-update.pixelcreativehub.com""}"
http://die-post.ch.informaticarosendo.es,clean,allowed,,,True,{},Legitimate,1,79.9358901977539,False,Qty Vowels Domain=12.0 (increases phishing risk) | Qty Tld Url=2.0 (increases phishing risk) | Length Url=33.0 (increases phishing risk),,"{""google_available"": true, ""google_flagged"": false, ""google_safe_browsing"": {}, ""model_confidence"": 79.9358901977539, ""model_prediction"": ""Legitimate"", ""model_reasoning"": [{""feature"": ""Qty Vowels Domain"", ""impact"": ""increases phishing risk"", ""shap_value"": 1.1968669891357422, ""value"": 12.0}, {""feature"": ""Qty Tld Url"", ""impact"": ""increases phishing risk"", ""shap_value"": 1.0883318185806274, ""value"": 2.0}, {""feature"": ""Length Url"", ""impact"": ""increases phishing risk"", ""shap_value"": 0.7019216418266296, ""value"": 33.0}], ""model_status"": 1, ""url"": ""http://die-post.ch.informaticarosendo.es""}"
http://diepostchpaketevhost142106.lowhost.ru,clean,allowed,,,True,{},Legitimate,1,74.9009017944336,False,Qty Tld Url=2.0 (increases phishing risk) | Length Url=37.0 (increases phishing risk) | Qty Vowels Domain=10.0 (increases phishing risk),,"{""google_available"": true, ""google_flagged"": false, ""google_safe_browsing"": {}, ""model_confidence"": 74.9009017944336, ""model_prediction"": ""Legitimate"", ""model_reasoning"": [{""feature"": ""Qty Tld Url"", ""impact"": ""increases phishing risk"", ""shap_value"": 1.1250636577606201, ""value"": 2.0}, {""feature"": ""Length Url"", ""impact"": ""increases phishing risk"", ""shap_value"": 0.7827290892601013, ""value"": 37.0}, {""feature"": ""Qty Vowels Domain"", ""impact"": ""increases phishing risk"", ""shap_value"": 0.6025553941726685, ""value"": 10.0}], ""model_status"": 1, ""url"": ""http://diepostchpaketevhost142106.lowhost.ru""}"
http://diepostch-paketnumber.flywheelsites.com,clean,allowed,,,True,{},Legitimate,1,80.79151916503906,False,Qty Tld Url=3.0 (increases phishing risk) | Qty Vowels Domain=12.0 (increases phishing risk) | Length Url=39.0 (increases phishing risk),,"{""google_available"": true, ""google_flagged"": false, ""google_safe_browsing"": {}, ""model_confidence"": 80.79151916503906, ""model_prediction"": ""Legitimate"", ""model_reasoning"": [{""feature"": ""Qty Tld Url"", ""impact"": ""increases phishing risk"", ""shap_value"": 1.1475945711135864, ""value"": 3.0}, {""feature"": ""Qty Vowels Domain"", ""impact"": ""increases phishing risk"", ""shap_value"": 0.6923022866249084, ""value"": 12.0}, {""feature"": ""Length Url"", ""impact"": ""increases phishing risk"", ""shap_value"": 0.5699833035469055, ""value"": 39.0}], ""model_status"": 1, ""url"": ""http://diepostch-paketnumber.flywheelsites.com""}"
http://diepostdelivery.page.link,clean,blocked by model,,,True,{},PHISHING,0,64.16634368896484,False,Qty Tld Url=4.0 (increases phishing risk) | Qty Vowels Domain=9.0 (increases phishing risk),,"{""google_available"": true, ""google_flagged"": false, ""google_safe_browsing"": {}, ""model_confidence"": 64.16634368896484, ""model_prediction"": ""PHISHING"", ""model_reasoning"": [{""feature"": ""Qty Tld Url"", ""impact"": ""increases phishing risk"", ""shap_value"": 1.0020475387573242, ""value"": 4.0}, {""feature"": ""Qty Vowels Domain"", ""impact"": ""increases phishing risk"", ""shap_value"": 0.34069007635116577, ""value"": 9.0}], ""model_status"": 0, ""url"": ""http://diepostdelivery.page.link""}"
http://diepost.deliveryship.org,clean,allowed,,,True,{},Legitimate,1,53.13538360595703,False,Qty Vowels Domain=8.0 (increases phishing risk) | Qty Tld Url=3.0 (increases phishing risk),,"{""google_available"": true, ""google_flagged"": false, ""google_safe_browsing"": {}, ""model_confidence"": 53.13538360595703, ""model_prediction"": ""Legitimate"", ""model_reasoning"": [{""feature"": ""Qty Vowels Domain"", ""impact"": ""increases phishing risk"", ""shap_value"": 0.9771952629089355, ""value"": 8.0}, {""feature"": ""Qty Tld Url"", ""impact"": ""increases phishing risk"", ""shap_value"": 0.7947012186050415, ""value"": 3.0}], ""model_status"": 1, ""url"": ""http://diepost.deliveryship.org""}"
http://dieposthazbi-9bf946.ingress-baronn.easywp.com,clean,allowed,,,True,{},Legitimate,1,67.3545150756836,False,Length Url=45.0 (increases phishing risk) | Domain Length=45.0 (increases phishing risk) | Qty Tld Url=3.0 (increases phishing risk),,"{""google_available"": true, ""google_flagged"": false, ""google_safe_browsing"": {}, ""model_confidence"": 67.3545150756836, ""model_prediction"": ""Legitimate"", ""model_reasoning"": [{""feature"": ""Length Url"", ""impact"": ""increases phishing risk"", ""shap_value"": 1.1412173509597778, ""value"": 45.0}, {""feature"": ""Domain Length"", ""impact"": ""increases phishing risk"", ""shap_value"": 1.0780314207077026, ""value"": 45.0}, {""feature"": ""Qty Tld Url"", ""impact"": ""increases phishing risk"", ""shap_value"": 0.9130505323410034, ""value"": 3.0}], ""model_status"": 1, ""url"": ""http://dieposthazbi-9bf946.ingress-baronn.easywp.com""}"
http://die-postkundendienst.tempurl.host,clean,allowed,,,True,{},Legitimate,1,68.99478149414062,False,Qty Tld Url=4.0 (increases phishing risk) | Length Url=33.0 (increases phishing risk) | Qty Hyphen Url=1.0 (increases phishing risk),,"{""google_available"": true, ""google_flagged"": false, ""google_safe_browsing"": {}, ""model_confidence"": 68.99478149414062, ""model_prediction"": ""Legitimate"", ""model_reasoning"": [{""feature"": ""Qty Tld Url"", ""impact"": ""increases phishing risk"", ""shap_value"": 1.3960946798324585, ""value"": 4.0}, {""feature"": ""Length Url"", ""impact"": ""increases phishing risk"", ""shap_value"": 0.4171384274959564, ""value"": 33.0}, {""feature"": ""Qty Hyphen Url"", ""impact"": ""increases phishing risk"", ""shap_value"": 0.3873542845249176, ""value"": 1.0}], ""model_status"": 1, ""url"": ""http://die-postkundendienst.tempurl.host""}"
http://diepost.mpaycard.site,clean,blocked by model,,,True,{},PHISHING,0,85.23261260986328,False,Qty Tld Url=4.0 (increases phishing risk) | Qty Dot Domain=2.0 (decreases phishing risk),,"{""google_available"": true, ""google_flagged"": false, ""google_safe_browsing"": {}, ""model_confidence"": 85.23261260986328, ""model_prediction"": ""PHISHING"", ""model_reasoning"": [{""feature"": ""Qty Tld Url"", ""impact"": ""increases phishing risk"", ""shap_value"": 0.46768856048583984, ""value"": 4.0}, {""feature"": ""Qty Dot Domain"", ""impact"": ""decreases phishing risk"", ""shap_value"": -0.28341951966285706, ""value"": 2.0}], ""model_status"": 0, ""url"": ""http://diepost.mpaycard.site""}"
http://diepost-paketevhost207508.lowhost.ru,clean,allowed,,,True,{},Legitimate,1,85.58184051513672,False,Qty Tld Url=2.0 (increases phishing risk) | Length Url=36.0 (increases phishing risk) | Qty Vowels Domain=10.0 (increases phishing risk),,"{""google_available"": true, ""google_flagged"": false, ""google_safe_browsing"": {}, ""model_confidence"": 85.58184051513672, ""model_prediction"": ""Legitimate"", ""model_reasoning"": [{""feature"": ""Qty Tld Url"", ""impact"": ""increases phishing risk"", ""shap_value"": 0.9741677641868591, ""value"": 2.0}, {""feature"": ""Length Url"", ""impact"": ""increases phishing risk"", ""shap_value"": 0.8978587985038757, ""value"": 36.0}, {""feature"": ""Qty Vowels Domain"", ""impact"": ""increases phishing risk"", ""shap_value"": 0.6218953728675842, ""value"": 10.0}], ""model_status"": 1, ""url"": ""http://diepost-paketevhost207508.lowhost.ru""}"
http://diepost-paketevhost207932.lowhost.ru,clean,allowed,,,True,{},Legitimate,1,85.58184051513672,False,Qty Tld Url=2.0 (increases phishing risk) | Length Url=36.0 (increases phishing risk) | Qty Vowels Domain=10.0 (increases phishing risk),,"{""google_available"": true, ""google_flagged"": false, ""google_safe_browsing"": {}, ""model_confidence"": 85.58184051513672, ""model_prediction"": ""Legitimate"", ""model_reasoning"": [{""feature"": ""Qty Tld Url"", ""impact"": ""increases phishing risk"", ""shap_value"": 0.9741677641868591, ""value"": 2.0}, {""feature"": ""Length Url"", ""impact"": ""increases phishing risk"", ""shap_value"": 0.8978587985038757, ""value"": 36.0}, {""feature"": ""Qty Vowels Domain"", ""impact"": ""increases phishing risk"", ""shap_value"": 0.6218953728675842, ""value"": 10.0}], ""model_status"": 1, ""url"": ""http://diepost-paketevhost207932.lowhost.ru""}"
http://diepost-paketevhost207933.lowhost.ru,clean,allowed,,,True,{},Legitimate,1,85.58184051513672,False,Qty Tld Url=2.0 (increases phishing risk) | Length Url=36.0 (increases phishing risk) | Qty Vowels Domain=10.0 (increases phishing risk),,"{""google_available"": true, ""google_flagged"": false, ""google_safe_browsing"": {}, ""model_confidence"": 85.58184051513672, ""model_prediction"": ""Legitimate"", ""model_reasoning"": [{""feature"": ""Qty Tld Url"", ""impact"": ""increases phishing risk"", ""shap_value"": 0.9741677641868591, ""value"": 2.0}, {""feature"": ""Length Url"", ""impact"": ""increases phishing risk"", ""shap_value"": 0.8978587985038757, ""value"": 36.0}, {""feature"": ""Qty Vowels Domain"", ""impact"": ""increases phishing risk"", ""shap_value"": 0.6218953728675842, ""value"": 10.0}], ""model_status"": 1, ""url"": ""http://diepost-paketevhost207933.lowhost.ru""}"
http://diepost.ship-a.org,clean,blocked by model,,,True,{},PHISHING,0,90.77820587158203,False,Length Url=18.0 (decreases phishing risk) | Qty Hyphen Url=1.0 (increases phishing risk),,"{""google_available"": true, ""google_flagged"": false, ""google_safe_browsing"": {}, ""model_confidence"": 90.77820587158203, ""model_prediction"": ""PHISHING"", ""model_reasoning"": [{""feature"": ""Length Url"", ""impact"": ""decreases phishing risk"", ""shap_value"": -0.4833313524723053, ""value"": 18.0}, {""feature"": ""Qty Hyphen Url"", ""impact"": ""increases phishing risk"", ""shap_value"": 0.3566785752773285, ""value"": 1.0}], ""model_status"": 0, ""url"": ""http://diepost.ship-a.org""}"
http://diepost.ship-f.org,clean,blocked by model,,,True,{},PHISHING,0,97.3458251953125,False,Length Url=18.0 (decreases phishing risk) | Qty Vowels Domain=5.0 (decreases phishing risk) | Qty Dot Domain=2.0 (decreases phishing risk),,"{""google_available"": true, ""google_flagged"": false, ""google_safe_browsing"": {}, ""model_confidence"": 97.3458251953125, ""model_prediction"": ""PHISHING"", ""model_reasoning"": [{""feature"": ""Length Url"", ""impact"": ""decreases phishing risk"", ""shap_value"": -0.5981276035308838, ""value"": 18.0}, {""feature"": ""Qty Vowels Domain"", ""impact"": ""decreases phishing risk"", ""shap_value"": -0.49433642625808716, ""value"": 5.0}, {""feature"": ""Qty Dot Domain"", ""impact"": ""decreases phishing risk"", ""shap_value"": -0.4628840386867523, ""value"": 2.0}], ""model_status"": 0, ""url"": ""http://diepost.ship-f.org""}"
http://diepost.ship-s.org,clean,blocked by model,,,True,{},PHISHING,0,97.3458251953125,False,Length Url=18.0 (decreases phishing risk) | Qty Vowels Domain=5.0 (decreases phishing risk) | Qty Dot Domain=2.0 (decreases phishing risk),,"{""google_available"": true, ""google_flagged"": false, ""google_safe_browsing"": {}, ""model_confidence"": 97.3458251953125, ""model_prediction"": ""PHISHING"", ""model_reasoning"": [{""feature"": ""Length Url"", ""impact"": ""decreases phishing risk"", ""shap_value"": -0.5981276035308838, ""value"": 18.0}, {""feature"": ""Qty Vowels Domain"", ""impact"": ""decreases phishing risk"", ""shap_value"": -0.49433642625808716, ""value"": 5.0}, {""feature"": ""Qty Dot Domain"", ""impact"": ""decreases phishing risk"", ""shap_value"": -0.4628840386867523, ""value"": 2.0}], ""model_status"": 0, ""url"": ""http://diepost.ship-s.org""}"
http://diepost.ship-w.org,clean,blocked by model,,,True,{},PHISHING,0,97.3458251953125,False,Length Url=18.0 (decreases phishing risk) | Qty Vowels Domain=5.0 (decreases phishing risk) | Qty Dot Domain=2.0 (decreases phishing risk),,"{""google_available"": true, ""google_flagged"": false, ""google_safe_browsing"": {}, ""model_confidence"": 97.3458251953125, ""model_prediction"": ""PHISHING"", ""model_reasoning"": [{""feature"": ""Length Url"", ""impact"": ""decreases phishing risk"", ""shap_value"": -0.5981276035308838, ""value"": 18.0}, {""feature"": ""Qty Vowels Domain"", ""impact"": ""decreases phishing risk"", ""shap_value"": -0.49433642625808716, ""value"": 5.0}, {""feature"": ""Qty Dot Domain"", ""impact"": ""decreases phishing risk"", ""shap_value"": -0.4628840386867523, ""value"": 2.0}], ""model_status"": 0, ""url"": ""http://diepost.ship-w.org""}"
http://die-post.softr.app,clean,blocked by model,,,True,{},PHISHING,0,97.3458251953125,False,Length Url=18.0 (decreases phishing risk) | Qty Vowels Domain=5.0 (decreases phishing risk) | Qty Dot Domain=2.0 (decreases phishing risk),,"{""google_available"": true, ""google_flagged"": false, ""google_safe_browsing"": {}, ""model_confidence"": 97.3458251953125, ""model_prediction"": ""PHISHING"", ""model_reasoning"": [{""feature"": ""Length Url"", ""impact"": ""decreases phishing risk"", ""shap_value"": -0.5981276035308838, ""value"": 18.0}, {""feature"": ""Qty Vowels Domain"", ""impact"": ""decreases phishing risk"", ""shap_value"": -0.49433642625808716, ""value"": 5.0}, {""feature"": ""Qty Dot Domain"", ""impact"": ""decreases phishing risk"", ""shap_value"": -0.4628840386867523, ""value"": 2.0}], ""model_status"": 0, ""url"": ""http://die-post.softr.app""}"
http://die-post-swiss-id-19782635812.psd2any.com,clean,allowed,,,True,{},Legitimate,1,99.15093994140625,False,Length Url=41.0 (increases phishing risk) | Domain Length=41.0 (increases phishing risk) | Qty Vowels Domain=7.0 (increases phishing risk),,"{""google_available"": true, ""google_flagged"": false, ""google_safe_browsing"": {}, ""model_confidence"": 99.15093994140625, ""model_prediction"": ""Legitimate"", ""model_reasoning"": [{""feature"": ""Length Url"", ""impact"": ""increases phishing risk"", ""shap_value"": 2.5894055366516113, ""value"": 41.0}, {""feature"": ""Domain Length"", ""impact"": ""increases phishing risk"", ""shap_value"": 1.6911954879760742, ""value"": 41.0}, {""feature"": ""Qty Vowels Domain"", ""impact"": ""increases phishing risk"", ""shap_value"": 0.7736048102378845, ""value"": 7.0}], ""model_status"": 1, ""url"": ""http://die-post-swiss-id-19782635812.psd2any.com""}"
http://die-postswiss-inc.com,clean,allowed,,,True,{},Legitimate,1,65.71359252929688,False,Qty Dot Domain=1.0 (increases phishing risk) | Qty Hyphen Url=2.0 (increases phishing risk) | Qty Tld Url=3.0 (increases phishing risk),,"{""google_available"": true, ""google_flagged"": false, ""google_safe_browsing"": {}, ""model_confidence"": 65.71359252929688, ""model_prediction"": ""Legitimate"", ""model_reasoning"": [{""feature"": ""Qty Dot Domain"", ""impact"": ""increases phishing risk"", ""shap_value"": 1.2620755434036255, ""value"": 1.0}, {""feature"": ""Qty Hyphen Url"", ""impact"": ""increases phishing risk"", ""shap_value"": 0.743519127368927, ""value"": 2.0}, {""feature"": ""Qty Tld Url"", ""impact"": ""increases phishing risk"", ""shap_value"": 0.46613988280296326, ""value"": 3.0}], ""model_status"": 1, ""url"": ""http://die-postswiss-inc.com""}"
http://diepostswitzer.wpengine.com,clean,allowed,,,True,{},Legitimate,1,75.46503448486328,False,Qty Tld Url=3.0 (increases phishing risk) | Qty Vowels Domain=9.0 (increases phishing risk) | Domain Length=27.0 (increases phishing risk),,"{""google_available"": true, ""google_flagged"": false, ""google_safe_browsing"": {}, ""model_confidence"": 75.46503448486328, ""model_prediction"": ""Legitimate"", ""model_reasoning"": [{""feature"": ""Qty Tld Url"", ""impact"": ""increases phishing risk"", ""shap_value"": 1.362503170967102, ""value"": 3.0}, {""feature"": ""Qty Vowels Domain"", ""impact"": ""increases phishing risk"", ""shap_value"": 0.4930875301361084, ""value"": 9.0}, {""feature"": ""Domain Length"", ""impact"": ""increases phishing risk"", ""shap_value"": 0.42893338203430176, ""value"": 27.0}], ""model_status"": 1, ""url"": ""http://diepostswitzer.wpengine.com""}"
http://diepostversand.cargo.site,clean,blocked by model,,,True,{},PHISHING,0,64.16634368896484,False,Qty Tld Url=4.0 (increases phishing risk) | Qty Vowels Domain=9.0 (increases phishing risk),,"{""google_available"": true, ""google_flagged"": false, ""google_safe_browsing"": {}, ""model_confidence"": 64.16634368896484, ""model_prediction"": ""PHISHING"", ""model_reasoning"": [{""feature"": ""Qty Tld Url"", ""impact"": ""increases phishing risk"", ""shap_value"": 1.0020475387573242, ""value"": 4.0}, {""feature"": ""Qty Vowels Domain"", ""impact"": ""increases phishing risk"", ""shap_value"": 0.34069007635116577, ""value"": 9.0}], ""model_status"": 0, ""url"": ""http://diepostversand.cargo.site""}"
http://diepost.web.fc2.com,clean,blocked by model,,,True,{},PHISHING,0,98.7728500366211,False,Qty Dot Domain=3.0 (decreases phishing risk) | Length Url=19.0 (decreases phishing risk),,"{""google_available"": true, ""google_flagged"": false, ""google_safe_browsing"": {}, ""model_confidence"": 98.7728500366211, ""model_prediction"": ""PHISHING"", ""model_reasoning"": [{""feature"": ""Qty Dot Domain"", ""impact"": ""decreases phishing risk"", ""shap_value"": -0.8496296405792236, ""value"": 3.0}, {""feature"": ""Length Url"", ""impact"": ""decreases phishing risk"", ""shap_value"": -0.6850693821907043, ""value"": 19.0}], ""model_status"": 0, ""url"": ""http://diepost.web.fc2.com""}"
http://dieptuanquan.github.io,clean,allowed,,,True,{},Legitimate,1,87.42799377441406,False,Qty Vowels Domain=10.0 (increases phishing risk) | Qty Tld Url=2.0 (increases phishing risk) | Domain Length=22.0 (increases phishing risk),,"{""google_available"": true, ""google_flagged"": false, ""google_safe_browsing"": {}, ""model_confidence"": 87.42799377441406, ""model_prediction"": ""Legitimate"", ""model_reasoning"": [{""feature"": ""Qty Vowels Domain"", ""impact"": ""increases phishing risk"", ""shap_value"": 1.901564359664917, ""value"": 10.0}, {""feature"": ""Qty Tld Url"", ""impact"": ""increases phishing risk"", ""shap_value"": 0.725802481174469, ""value"": 2.0}, {""feature"": ""Domain Length"", ""impact"": ""increases phishing risk"", ""shap_value"": 0.321017861366272, ""value"": 22.0}], ""model_status"": 1, ""url"": ""http://dieptuanquan.github.io""}"
http://dierdre45-capital-us.pages.dev,clean,allowed,,,True,{},Legitimate,1,87.2369613647461,False,Qty Tld Url=3.0 (increases phishing risk) | Qty Vowels Domain=10.0 (increases phishing risk) | Length Url=30.0 (increases phishing risk),,"{""google_available"": true, ""google_flagged"": false, ""google_safe_browsing"": {}, ""model_confidence"": 87.2369613647461, ""model_prediction"": ""Legitimate"", ""model_reasoning"": [{""feature"": ""Qty Tld Url"", ""impact"": ""increases phishing risk"", ""shap_value"": 1.4741517305374146, ""value"": 3.0}, {""feature"": ""Qty Vowels Domain"", ""impact"": ""increases phishing risk"", ""shap_value"": 0.6614102125167847, ""value"": 10.0}, {""feature"": ""Length Url"", ""impact"": ""increases phishing risk"", ""shap_value"": 0.4362565875053406, ""value"": 30.0}], ""model_status"": 1, ""url"": ""http://dierdre45-capital-us.pages.dev""}"
http://dierdre45-case-studies.pages.dev,clean,allowed,,,True,{},Legitimate,1,93.47321319580078,False,Qty Tld Url=3.0 (increases phishing risk) | Qty Vowels Domain=11.0 (increases phishing risk) | Length Url=32.0 (increases phishing risk),,"{""google_available"": true, ""google_flagged"": false, ""google_safe_browsing"": {}, ""model_confidence"": 93.47321319580078, ""model_prediction"": ""Legitimate"", ""model_reasoning"": [{""feature"": ""Qty Tld Url"", ""impact"": ""increases phishing risk"", ""shap_value"": 1.2601786851882935, ""value"": 3.0}, {""feature"": ""Qty Vowels Domain"", ""impact"": ""increases phishing risk"", ""shap_value"": 0.8436684608459473, ""value"": 11.0}, {""feature"": ""Length Url"", ""impact"": ""increases phishing risk"", ""shap_value"": 0.75555419921875, ""value"": 32.0}], ""model_status"": 1, ""url"": ""http://dierdre45-case-studies.pages.dev""}"
http://dierefnbmad7837.ddns.net,clean,blocked by model,,,True,{},PHISHING,0,90.75724792480469,False,Domain Length=24.0 (increases phishing risk) | Qty Dot Domain=2.0 (decreases phishing risk),,"{""google_available"": true, ""google_flagged"": false, ""google_safe_browsing"": {}, ""model_confidence"": 90.75724792480469, ""model_prediction"": ""PHISHING"", ""model_reasoning"": [{""feature"": ""Domain Length"", ""impact"": ""increases phishing risk"", ""shap_value"": 0.3227708041667938, ""value"": 24.0}, {""feature"": ""Qty Dot Domain"", ""impact"": ""decreases phishing risk"", ""shap_value"": -0.32220879197120667, ""value"": 2.0}], ""model_status"": 0, ""url"": ""http://dierefnbmad7837.ddns.net""}"
http://dierezer.com,clean,blocked by model,,,True,{},PHISHING,0,69.9379653930664,False,Qty Dot Domain=1.0 (increases phishing risk) | Qty Tld Url=3.0 (increases phishing risk) | Length Url=12.0 (decreases phishing risk),,"{""google_available"": true, ""google_flagged"": false, ""google_safe_browsing"": {}, ""model_confidence"": 69.9379653930664, ""model_prediction"": ""PHISHING"", ""model_reasoning"": [{""feature"": ""Qty Dot Domain"", ""impact"": ""increases phishing risk"", ""shap_value"": 0.9567753076553345, ""value"": 1.0}, {""feature"": ""Qty Tld Url"", ""impact"": ""increases phishing risk"", ""shap_value"": 0.6444292068481445, ""value"": 3.0}, {""feature"": ""Length Url"", ""impact"": ""decreases phishing risk"", ""shap_value"": -0.6247010827064514, ""value"": 12.0}], ""model_status"": 0, ""url"": ""http://dierezer.com""}"
http://dieschweizerischepost-987ad6.ingress-erytho.easywp.com,clean,allowed,,,True,{},Legitimate,1,55.18292236328125,False,Qty Vowels Domain=16.0 (increases phishing risk) | Length Url=54.0 (increases phishing risk) | Qty Tld Url=3.0 (increases phishing risk),,"{""google_available"": true, ""google_flagged"": false, ""google_safe_browsing"": {}, ""model_confidence"": 55.18292236328125, ""model_prediction"": ""Legitimate"", ""model_reasoning"": [{""feature"": ""Qty Vowels Domain"", ""impact"": ""increases phishing risk"", ""shap_value"": 0.9991816878318787, ""value"": 16.0}, {""feature"": ""Length Url"", ""impact"": ""increases phishing risk"", ""shap_value"": 0.8579065203666687, ""value"": 54.0}, {""feature"": ""Qty Tld Url"", ""impact"": ""increases phishing risk"", ""shap_value"": 0.8181420564651489, ""value"": 3.0}], ""model_status"": 1, ""url"": ""http://dieschweizerischepost-987ad6.ingress-erytho.easywp.com""}"
http://diesd.ml,clean,blocked by model,,,True,{},PHISHING,0,90.63956451416016,False,Length Url=8.0 (decreases phishing risk) | Qty Dot Domain=1.0 (increases phishing risk) | Qty Tld Url=2.0 (increases phishing risk),,"{""google_available"": true, ""google_flagged"": false, ""google_safe_browsing"": {}, ""model_confidence"": 90.63956451416016, ""model_prediction"": ""PHISHING"", ""model_reasoning"": [{""feature"": ""Length Url"", ""impact"": ""decreases phishing risk"", ""shap_value"": -0.9538281559944153, ""value"": 8.0}, {""feature"": ""Qty Dot Domain"", ""impact"": ""increases phishing risk"", ""shap_value"": 0.7962605953216553, ""value"": 1.0}, {""feature"": ""Qty Tld Url"", ""impact"": ""increases phishing risk"", ""shap_value"": 0.6353371143341064, ""value"": 2.0}], ""model_status"": 0, ""url"": ""http://diesd.ml""}"
http://dieseladvantagecorp.com,clean,blocked by model,,,True,{},PHISHING,0,80.14268493652344,False,Qty Tld Url=3.0 (increases phishing risk) | Qty Dot Domain=1.0 (increases phishing risk),,"{""google_available"": true, ""google_flagged"": false, ""google_safe_browsing"": {}, ""model_confidence"": 80.14268493652344, ""model_prediction"": ""PHISHING"", ""model_reasoning"": [{""feature"": ""Qty Tld Url"", ""impact"": ""increases phishing risk"", ""shap_value"": 0.5765414237976074, ""value"": 3.0}, {""feature"": ""Qty Dot Domain"", ""impact"": ""increases phishing risk"", ""shap_value"": 0.47360140085220337, ""value"": 1.0}], ""model_status"": 0, ""url"": ""http://dieseladvantagecorp.com""}"
http://dieseltanksolutions.com,clean,blocked by model,,,True,{},PHISHING,0,80.14268493652344,False,Qty Tld Url=3.0 (increases phishing risk) | Qty Dot Domain=1.0 (increases phishing risk),,"{""google_available"": true, ""google_flagged"": false, ""google_safe_browsing"": {}, ""model_confidence"": 80.14268493652344, ""model_prediction"": ""PHISHING"", ""model_reasoning"": [{""feature"": ""Qty Tld Url"", ""impact"": ""increases phishing risk"", ""shap_value"": 0.5765414237976074, ""value"": 3.0}, {""feature"": ""Qty Dot Domain"", ""impact"": ""increases phishing risk"", ""shap_value"": 0.47360140085220337, ""value"": 1.0}], ""model_status"": 0, ""url"": ""http://dieseltanksolutions.com""}"
http://diesis-sas.it,clean,blocked by model,,,True,{},PHISHING,0,51.020084381103516,False,Qty Dot Domain=1.0 (increases phishing risk) | Qty Tld Url=2.0 (increases phishing risk) | Length Url=13.0 (decreases phishing risk),,"{""google_available"": true, ""google_flagged"": false, ""google_safe_browsing"": {}, ""model_confidence"": 51.020084381103516, ""model_prediction"": ""PHISHING"", ""model_reasoning"": [{""feature"": ""Qty Dot Domain"", ""impact"": ""increases phishing risk"", ""shap_value"": 0.9970946311950684, ""value"": 1.0}, {""feature"": ""Qty Tld Url"", ""impact"": ""increases phishing risk"", ""shap_value"": 0.5749726891517639, ""value"": 2.0}, {""feature"": ""Length Url"", ""impact"": ""decreases phishing risk"", ""shap_value"": -0.5560984015464783, ""value"": 13.0}], ""model_status"": 0, ""url"": ""http://diesis-sas.it""}"
http://diesntstellungs-dibatan.xyz,clean,allowed,,,True,{},Legitimate,1,61.934452056884766,False,Qty Dot Domain=1.0 (increases phishing risk) | Qty Hyphen Url=1.0 (increases phishing risk) | Qty Tld Url=3.0 (increases phishing risk),,"{""google_available"": true, ""google_flagged"": false, ""google_safe_browsing"": {}, ""model_confidence"": 61.934452056884766, ""model_prediction"": ""Legitimate"", ""model_reasoning"": [{""feature"": ""Qty Dot Domain"", ""impact"": ""increases phishing risk"", ""shap_value"": 0.9225432276725769, ""value"": 1.0}, {""feature"": ""Qty Hyphen Url"", ""impact"": ""increases phishing risk"", ""shap_value"": 0.5895037651062012, ""value"": 1.0}, {""feature"": ""Qty Tld Url"", ""impact"": ""increases phishing risk"", ""shap_value"": 0.5457712411880493, ""value"": 3.0}], ""model_status"": 1, ""url"": ""http://diesntstellungs-dibatan.xyz""}"
http://dieswiss-bda184.ingress-florina.ewp.live,clean,allowed,,,True,{},Legitimate,1,82.3907470703125,False,Length Url=40.0 (increases phishing risk) | Qty Tld Url=4.0 (increases phishing risk) | Domain Length=40.0 (increases phishing risk),,"{""google_available"": true, ""google_flagged"": false, ""google_safe_browsing"": {}, ""model_confidence"": 82.3907470703125, ""model_prediction"": ""Legitimate"", ""model_reasoning"": [{""feature"": ""Length Url"", ""impact"": ""increases phishing risk"", ""shap_value"": 1.1889140605926514, ""value"": 40.0}, {""feature"": ""Qty Tld Url"", ""impact"": ""increases phishing risk"", ""shap_value"": 1.0467084646224976, ""value"": 4.0}, {""feature"": ""Domain Length"", ""impact"": ""increases phishing risk"", ""shap_value"": 0.7653635144233704, ""value"": 40.0}], ""model_status"": 1, ""url"": ""http://dieswiss-bda184.ingress-florina.ewp.live""}"
http://dieswisspost.blogspot.com,clean,blocked by model,,,True,{},PHISHING,0,88.515869140625,False,Qty Tld Url=3.0 (increases phishing risk) | Qty Dot Domain=2.0 (decreases phishing risk),,"{""google_available"": true, ""google_flagged"": false, ""google_safe_browsing"": {}, ""model_confidence"": 88.515869140625, ""model_prediction"": ""PHISHING"", ""model_reasoning"": [{""feature"": ""Qty Tld Url"", ""impact"": ""increases phishing risk"", ""shap_value"": 0.48183295130729675, ""value"": 3.0}, {""feature"": ""Qty Dot Domain"", ""impact"": ""decreases phishing risk"", ""shap_value"": -0.2765546441078186, ""value"": 2.0}], ""model_status"": 0, ""url"": ""http://dieswisspost.blogspot.com""}"
http://dieswiss.wuaze.com,clean,blocked by model,,,True,{},PHISHING,0,88.84922790527344,False,Qty Vowels Domain=7.0 (increases phishing risk) | Length Url=18.0 (decreases phishing risk),,"{""google_available"": true, ""google_flagged"": false, ""google_safe_browsing"": {}, ""model_confidence"": 88.84922790527344, ""model_prediction"": ""PHISHING"", ""model_reasoning"": [{""feature"": ""Qty Vowels Domain"", ""impact"": ""increases phishing risk"", ""shap_value"": 0.3609163761138916, ""value"": 7.0}, {""feature"": ""Length Url"", ""impact"": ""decreases phishing risk"", ""shap_value"": -0.33586040139198303, ""value"": 18.0}], ""model_status"": 0, ""url"": ""http://dieswiss.wuaze.com""}"
http://dietamerica.top,clean,blocked by model,,,True,{},PHISHING,0,74.40110778808594,False,Qty Dot Domain=1.0 (increases phishing risk) | Qty Tld Url=3.0 (increases phishing risk) | Length Url=15.0 (decreases phishing risk),,"{""google_available"": true, ""google_flagged"": false, ""google_safe_browsing"": {}, ""model_confidence"": 74.40110778808594, ""model_prediction"": ""PHISHING"", ""model_reasoning"": [{""feature"": ""Qty Dot Domain"", ""impact"": ""increases phishing risk"", ""shap_value"": 0.9305440783500671, ""value"": 1.0}, {""feature"": ""Qty Tld Url"", ""impact"": ""increases phishing risk"", ""shap_value"": 0.5363495945930481, ""value"": 3.0}, {""feature"": ""Length Url"", ""impact"": ""decreases phishing risk"", ""shap_value"": -0.5291174054145813, ""value"": 15.0}], ""model_status"": 0, ""url"": ""http://dietamerica.top""}"
http://dietarysupplementsvitamins.com,clean,allowed,,,True,{},Legitimate,1,72.90486907958984,False,Qty Tld Url=3.0 (increases phishing risk) | Qty Vowels Domain=10.0 (increases phishing risk) | Length Url=30.0 (increases phishing risk),,"{""google_available"": true, ""google_flagged"": false, ""google_safe_browsing"": {}, ""model_confidence"": 72.90486907958984, ""model_prediction"": ""Legitimate"", ""model_reasoning"": [{""feature"": ""Qty Tld Url"", ""impact"": ""increases phishing risk"", ""shap_value"": 0.9446685314178467, ""value"": 3.0}, {""feature"": ""Qty Vowels Domain"", ""impact"": ""increases phishing risk"", ""shap_value"": 0.5283793807029724, ""value"": 10.0}, {""feature"": ""Length Url"", ""impact"": ""increases phishing risk"", ""shap_value"": 0.5078734159469604, ""value"": 30.0}], ""model_status"": 1, ""url"": ""http://dietarysupplementsvitamins.com""}"
http://dietasaudavelagora.com,clean,blocked by model,,,True,{},PHISHING,0,59.281455993652344,False,Qty Vowels Domain=11.0 (increases phishing risk) | Qty Tld Url=3.0 (increases phishing risk),,"{""google_available"": true, ""google_flagged"": false, ""google_safe_browsing"": {}, ""model_confidence"": 59.281455993652344, ""model_prediction"": ""PHISHING"", ""model_reasoning"": [{""feature"": ""Qty Vowels Domain"", ""impact"": ""increases phishing risk"", ""shap_value"": 0.7128244638442993, ""value"": 11.0}, {""feature"": ""Qty Tld Url"", ""impact"": ""increases phishing risk"", ""shap_value"": 0.6468273401260376, ""value"": 3.0}], ""model_status"": 0, ""url"": ""http://dietasaudavelagora.com""}"
http://diet-confusion.000webhostapp.com,clean,allowed,,,True,{},Legitimate,1,83.31685638427734,False,Qty Tld Url=3.0 (increases phishing risk) | Length Url=32.0 (increases phishing risk) | Qty Hyphen Url=1.0 (increases phishing risk),,"{""google_available"": true, ""google_flagged"": false, ""google_safe_browsing"": {}, ""model_confidence"": 83.31685638427734, ""model_prediction"": ""Legitimate"", ""model_reasoning"": [{""feature"": ""Qty Tld Url"", ""impact"": ""increases phishing risk"", ""shap_value"": 1.38949453830719, ""value"": 3.0}, {""feature"": ""Length Url"", ""impact"": ""increases phishing risk"", ""shap_value"": 0.5985040068626404, ""value"": 32.0}, {""feature"": ""Qty Hyphen Url"", ""impact"": ""increases phishing risk"", ""shap_value"": 0.5743666887283325, ""value"": 1.0}], ""model_status"": 1, ""url"": ""http://diet-confusion.000webhostapp.com""}"
http://dietec.com.br,clean,blocked by model,,,True,{},PHISHING,0,87.7860107421875,False,Qty Tld Url=2.0 (increases phishing risk) | Qty Dot Domain=2.0 (decreases phishing risk),,"{""google_available"": true, ""google_flagged"": false, ""google_safe_browsing"": {}, ""model_confidence"": 87.7860107421875, ""model_prediction"": ""PHISHING"", ""model_reasoning"": [{""feature"": ""Qty Tld Url"", ""impact"": ""increases phishing risk"", ""shap_value"": 0.5096402764320374, ""value"": 2.0}, {""feature"": ""Qty Dot Domain"", ""impact"": ""decreases phishing risk"", ""shap_value"": -0.32292842864990234, ""value"": 2.0}], ""model_status"": 0, ""url"": ""http://dietec.com.br""}"
http://dieteticlifestyle.com,clean,blocked by model,,,True,{},PHISHING,0,54.88972473144531,False,Qty Tld Url=3.0 (increases phishing risk) | Qty Dot Domain=1.0 (increases phishing risk) | Qty Vowels Domain=8.0 (increases phishing risk),,"{""google_available"": true, ""google_flagged"": false, ""google_safe_browsing"": {}, ""model_confidence"": 54.88972473144531, ""model_prediction"": ""PHISHING"", ""model_reasoning"": [{""feature"": ""Qty Tld Url"", ""impact"": ""increases phishing risk"", ""shap_value"": 0.6485721468925476, ""value"": 3.0}, {""feature"": ""Qty Dot Domain"", ""impact"": ""increases phishing risk"", ""shap_value"": 0.4753514528274536, ""value"": 1.0}, {""feature"": ""Qty Vowels Domain"", ""impact"": ""increases phishing risk"", ""shap_value"": 0.4742727279663086, ""value"": 8.0}], ""model_status"": 0, ""url"": ""http://dieteticlifestyle.com""}"
http://dietfiniti.com,clean,blocked by model,,,True,{},PHISHING,0,65.59647369384766,False,Qty Dot Domain=1.0 (increases phishing risk) | Qty Tld Url=3.0 (increases phishing risk),,"{""google_available"": true, ""google_flagged"": false, ""google_safe_browsing"": {}, ""model_confidence"": 65.59647369384766, ""model_prediction"": ""PHISHING"", ""model_reasoning"": [{""feature"": ""Qty Dot Domain"", ""impact"": ""increases phishing risk"", ""shap_value"": 0.8950865864753723, ""value"": 1.0}, {""feature"": ""Qty Tld Url"", ""impact"": ""increases phishing risk"", ""shap_value"": 0.4784238338470459, ""value"": 3.0}], ""model_status"": 0, ""url"": ""http://dietfiniti.com""}"
http://diethouse.com,clean,blocked by model,,,True,{},PHISHING,0,73.1749267578125,False,Qty Dot Domain=1.0 (increases phishing risk) | Qty Tld Url=3.0 (increases phishing risk) | Length Url=13.0 (decreases phishing risk),,"{""google_available"": true, ""google_flagged"": false, ""google_safe_browsing"": {}, ""model_confidence"": 73.1749267578125, ""model_prediction"": ""PHISHING"", ""model_reasoning"": [{""feature"": ""Qty Dot Domain"", ""impact"": ""increases phishing risk"", ""shap_value"": 0.8302644491195679, ""value"": 1.0}, {""feature"": ""Qty Tld Url"", ""impact"": ""increases phishing risk"", ""shap_value"": 0.6817729473114014, ""value"": 3.0}, {""feature"": ""Length Url"", ""impact"": ""decreases phishing risk"", ""shap_value"": -0.597364604473114, ""value"": 13.0}], ""model_status"": 0, ""url"": ""http://diethouse.com""}"
http://dietingsviewers.buzz,clean,blocked by model,,,True,{},PHISHING,0,68.72795867919922,False,Qty Dot Domain=1.0 (increases phishing risk) | Qty Tld Url=4.0 (increases phishing risk),,"{""google_available"": true, ""google_flagged"": false, ""google_safe_browsing"": {}, ""model_confidence"": 68.72795867919922, ""model_prediction"": ""PHISHING"", ""model_reasoning"": [{""feature"": ""Qty Dot Domain"", ""impact"": ""increases phishing risk"", ""shap_value"": 0.8318532705307007, ""value"": 1.0}, {""feature"": ""Qty Tld Url"", ""impact"": ""increases phishing risk"", ""shap_value"": 0.48812755942344666, ""value"": 4.0}], ""model_status"": 0, ""url"": ""http://dietingsviewers.buzz""}"
http://dietl.pl,clean,blocked by model,,,True,{},PHISHING,0,90.63956451416016,False,Length Url=8.0 (decreases phishing risk) | Qty Dot Domain=1.0 (increases phishing risk) | Qty Tld Url=2.0 (increases phishing risk),,"{""google_available"": true, ""google_flagged"": false, ""google_safe_browsing"": {}, ""model_confidence"": 90.63956451416016, ""model_prediction"": ""PHISHING"", ""model_reasoning"": [{""feature"": ""Length Url"", ""impact"": ""decreases phishing risk"", ""shap_value"": -0.9538281559944153, ""value"": 8.0}, {""feature"": ""Qty Dot Domain"", ""impact"": ""increases phishing risk"", ""shap_value"": 0.7962605953216553, ""value"": 1.0}, {""feature"": ""Qty Tld Url"", ""impact"": ""increases phishing risk"", ""shap_value"": 0.6353371143341064, ""value"": 2.0}], ""model_status"": 0, ""url"": ""http://dietl.pl""}"
http://dietpillow.com,clean,blocked by model,,,True,{},PHISHING,0,59.677757263183594,False,Qty Dot Domain=1.0 (increases phishing risk) | Qty Tld Url=3.0 (increases phishing risk),,"{""google_available"": true, ""google_flagged"": false, ""google_safe_browsing"": {}, ""model_confidence"": 59.677757263183594, ""model_prediction"": ""PHISHING"", ""model_reasoning"": [{""feature"": ""Qty Dot Domain"", ""impact"": ""increases phishing risk"", ""shap_value"": 0.9897260665893555, ""value"": 1.0}, {""feature"": ""Qty Tld Url"", ""impact"": ""increases phishing risk"", ""shap_value"": 0.44281312823295593, ""value"": 3.0}], ""model_status"": 0, ""url"": ""http://dietpillow.com""}"
http://dietrichelectric.com,clean,blocked by model,,,True,{},PHISHING,0,68.72795867919922,False,Qty Dot Domain=1.0 (increases phishing risk) | Qty Tld Url=3.0 (increases phishing risk),,"{""google_available"": true, ""google_flagged"": false, ""google_safe_browsing"": {}, ""model_confidence"": 68.72795867919922, ""model_prediction"": ""PHISHING"", ""model_reasoning"": [{""feature"": ""Qty Dot Domain"", ""impact"": ""increases phishing risk"", ""shap_value"": 0.8318532705307007, ""value"": 1.0}, {""feature"": ""Qty Tld Url"", ""impact"": ""increases phishing risk"", ""shap_value"": 0.48812755942344666, ""value"": 3.0}], ""model_status"": 0, ""url"": ""http://dietrichelectric.com""}"
http://diet.takutivity.fun,clean,blocked by model,,,True,{},PHISHING,0,85.33930206298828,False,Qty Vowels Domain=7.0 (increases phishing risk) | Qty Tld Url=3.0 (increases phishing risk),,"{""google_available"": true, ""google_flagged"": false, ""google_safe_browsing"": {}, ""model_confidence"": 85.33930206298828, ""model_prediction"": ""PHISHING"", ""model_reasoning"": [{""feature"": ""Qty Vowels Domain"", ""impact"": ""increases phishing risk"", ""shap_value"": 0.35106581449508667, ""value"": 7.0}, {""feature"": ""Qty Tld Url"", ""impact"": ""increases phishing risk"", ""shap_value"": 0.3203382194042206, ""value"": 3.0}], ""model_status"": 0, ""url"": ""http://diet.takutivity.fun""}"
http://dieuaunplan.pour-tous33benis-nous.goodwayvacation.com,clean,allowed,,,True,{},Legitimate,1,66.07925415039062,False,Qty Vowels Domain=22.0 (increases phishing risk) | Length Url=53.0 (increases phishing risk) | Qty Tld Url=3.0 (increases phishing risk),,"{""google_available"": true, ""google_flagged"": false, ""google_safe_browsing"": {}, ""model_confidence"": 66.07925415039062, ""model_prediction"": ""Legitimate"", ""model_reasoning"": [{""feature"": ""Qty Vowels Domain"", ""impact"": ""increases phishing risk"", ""shap_value"": 1.2126681804656982, ""value"": 22.0}, {""feature"": ""Length Url"", ""impact"": ""increases phishing risk"", ""shap_value"": 1.0472750663757324, ""value"": 53.0}, {""feature"": ""Qty Tld Url"", ""impact"": ""increases phishing risk"", ""shap_value"": 0.8297523260116577, ""value"": 3.0}], ""model_status"": 1, ""url"": ""http://dieuaunplan.pour-tous33benis-nous.goodwayvacation.com""}"
http://dieucestquilfait.wixsite.com,clean,allowed,,,True,{},Legitimate,1,95.0270004272461,False,Qty Vowels Domain=12.0 (increases phishing risk) | Qty Tld Url=3.0 (increases phishing risk) | Domain Length=28.0 (increases phishing risk),,"{""google_available"": true, ""google_flagged"": false, ""google_safe_browsing"": {}, ""model_confidence"": 95.0270004272461, ""model_prediction"": ""Legitimate"", ""model_reasoning"": [{""feature"": ""Qty Vowels Domain"", ""impact"": ""increases phishing risk"", ""shap_value"": 1.605417013168335, ""value"": 12.0}, {""feature"": ""Qty Tld Url"", ""impact"": ""increases phishing risk"", ""shap_value"": 1.3802229166030884, ""value"": 3.0}, {""feature"": ""Domain Length"", ""impact"": ""increases phishing risk"", ""shap_value"": 0.6648455858230591, ""value"": 28.0}], ""model_status"": 1, ""url"": ""http://dieucestquilfait.wixsite.com""}"
http://dieudhoq.tk,clean,blocked by model,,,True,{},PHISHING,0,71.91250610351562,False,Qty Dot Domain=1.0 (increases phishing risk) | Length Url=11.0 (decreases phishing risk) | Qty Tld Url=2.0 (increases phishing risk),,"{""google_available"": true, ""google_flagged"": false, ""google_safe_browsing"": {}, ""model_confidence"": 71.91250610351562, ""model_prediction"": ""PHISHING"", ""model_reasoning"": [{""feature"": ""Qty Dot Domain"", ""impact"": ""increases phishing risk"", ""shap_value"": 0.936519205570221, ""value"": 1.0}, {""feature"": ""Length Url"", ""impact"": ""decreases phishing risk"", ""shap_value"": -0.7293173670768738, ""value"": 11.0}, {""feature"": ""Qty Tld Url"", ""impact"": ""increases phishing risk"", ""shap_value"": 0.6518204808235168, ""value"": 2.0}], ""model_status"": 0, ""url"": ""http://dieudhoq.tk""}"
http://dieuhoadidong.info,clean,blocked by model,,,True,{},PHISHING,0,58.26354217529297,False,Qty Dot Domain=1.0 (increases phishing risk) | Qty Tld Url=4.0 (increases phishing risk),,"{""google_available"": true, ""google_flagged"": false, ""google_safe_browsing"": {}, ""model_confidence"": 58.26354217529297, ""model_prediction"": ""PHISHING"", ""model_reasoning"": [{""feature"": ""Qty Dot Domain"", ""impact"": ""increases phishing risk"", ""shap_value"": 0.6423959732055664, ""value"": 1.0}, {""feature"": ""Qty Tld Url"", ""impact"": ""increases phishing risk"", ""shap_value"": 0.46593809127807617, ""value"": 4.0}], ""model_status"": 0, ""url"": ""http://dieuhoadidong.info""}"
http://die-unfallgutachter.com,clean,allowed,,,True,{},Legitimate,1,68.2878646850586,False,Qty Dot Domain=1.0 (increases phishing risk) | Qty Hyphen Url=1.0 (increases phishing risk) | Qty Tld Url=3.0 (increases phishing risk),,"{""google_available"": true, ""google_flagged"": false, ""google_safe_browsing"": {}, ""model_confidence"": 68.2878646850586, ""model_prediction"": ""Legitimate"", ""model_reasoning"": [{""feature"": ""Qty Dot Domain"", ""impact"": ""increases phishing risk"", ""shap_value"": 0.7610059380531311, ""value"": 1.0}, {""feature"": ""Qty Hyphen Url"", ""impact"": ""increases phishing risk"", ""shap_value"": 0.6703299283981323, ""value"": 1.0}, {""feature"": ""Qty Tld Url"", ""impact"": ""increases phishing risk"", ""shap_value"": 0.5644994974136353, ""value"": 3.0}], ""model_status"": 1, ""url"": ""http://die-unfallgutachter.com""}"
http://dievertine.github.io,flagged,blocked by Google Safe Browsing,,,True,"{""matches"": [{""cacheDuration"": ""300s"", ""platformType"": ""ANY_PLATFORM"", ""threat"": {""url"": ""http://dievertine.github.io""}, ""threatEntryType"": ""URL"", ""threatType"": ""SOCIAL_ENGINEERING""}]}",PHISHING,0,100.0,True,Flagged by Google Safe Browsing.,,"{""google_available"": true, ""google_flagged"": true, ""google_safe_browsing"": {""matches"": [{""cacheDuration"": ""300s"", ""platformType"": ""ANY_PLATFORM"", ""threat"": {""url"": ""http://dievertine.github.io""}, ""threatEntryType"": ""URL"", ""threatType"": ""SOCIAL_ENGINEERING""}]}, ""model_confidence"": 100.0, ""model_prediction"": ""PHISHING"", ""model_reasoning"": [""Flagged by Google Safe Browsing.""], ""model_status"": 0, ""url"": ""http://dievertine.github.io""}"
http://diewerkself.ru,clean,blocked by model,,,True,{},PHISHING,0,59.677757263183594,False,Qty Dot Domain=1.0 (increases phishing risk) | Qty Tld Url=2.0 (increases phishing risk),,"{""google_available"": true, ""google_flagged"": false, ""google_safe_browsing"": {}, ""model_confidence"": 59.677757263183594, ""model_prediction"": ""PHISHING"", ""model_reasoning"": [{""feature"": ""Qty Dot Domain"", ""impact"": ""increases phishing risk"", ""shap_value"": 0.9897260665893555, ""value"": 1.0}, {""feature"": ""Qty Tld Url"", ""impact"": ""increases phishing risk"", ""shap_value"": 0.44281312823295593, ""value"": 2.0}], ""model_status"": 0, ""url"": ""http://diewerkself.ru""}"
http://dieyong.sbs,clean,blocked by model,,,True,{},PHISHING,0,70.7752914428711,False,Qty Dot Domain=1.0 (increases phishing risk) | Length Url=11.0 (decreases phishing risk) | Qty Tld Url=3.0 (increases phishing risk),,"{""google_available"": true, ""google_flagged"": false, ""google_safe_browsing"": {}, ""model_confidence"": 70.7752914428711, ""model_prediction"": ""PHISHING"", ""model_reasoning"": [{""feature"": ""Qty Dot Domain"", ""impact"": ""increases phishing risk"", ""shap_value"": 1.0553627014160156, ""value"": 1.0}, {""feature"": ""Length Url"", ""impact"": ""decreases phishing risk"", ""shap_value"": -0.6960861086845398, ""value"": 11.0}, {""feature"": ""Qty Tld Url"", ""impact"": ""increases phishing risk"", ""shap_value"": 0.6616218686103821, ""value"": 3.0}], ""model_status"": 0, ""url"": ""http://dieyong.sbs""}"
http://diezestrellas.com,clean,blocked by model,,,True,{},PHISHING,0,59.04195785522461,False,Qty Dot Domain=1.0 (increases phishing risk) | Qty Tld Url=3.0 (increases phishing risk),,"{""google_available"": true, ""google_flagged"": false, ""google_safe_browsing"": {}, ""model_confidence"": 59.04195785522461, ""model_prediction"": ""PHISHING"", ""model_reasoning"": [{""feature"": ""Qty Dot Domain"", ""impact"": ""increases phishing risk"", ""shap_value"": 1.0890852212905884, ""value"": 1.0}, {""feature"": ""Qty Tld Url"", ""impact"": ""increases phishing risk"", ""shap_value"": 0.34279024600982666, ""value"": 3.0}], ""model_status"": 0, ""url"": ""http://diezestrellas.com""}"
http://difbtc.top,clean,blocked by model,,,True,{},PHISHING,0,75.95018005371094,False,Qty Dot Domain=1.0 (increases phishing risk) | Qty Tld Url=3.0 (increases phishing risk) | Length Url=10.0 (decreases phishing risk),,"{""google_available"": true, ""google_flagged"": false, ""google_safe_browsing"": {}, ""model_confidence"": 75.95018005371094, ""model_prediction"": ""PHISHING"", ""model_reasoning"": [{""feature"": ""Qty Dot Domain"", ""impact"": ""increases phishing risk"", ""shap_value"": 1.030136227607727, ""value"": 1.0}, {""feature"": ""Qty Tld Url"", ""impact"": ""increases phishing risk"", ""shap_value"": 0.6253941059112549, ""value"": 3.0}, {""feature"": ""Length Url"", ""impact"": ""decreases phishing risk"", ""shap_value"": -0.5414261817932129, ""value"": 10.0}], ""model_status"": 0, ""url"": ""http://difbtc.top""}"
http://difecorrao.shop,clean,blocked by model,,,True,{},PHISHING,0,67.64944458007812,False,Qty Dot Domain=1.0 (increases phishing risk) | Qty Tld Url=4.0 (increases phishing risk) | Length Url=15.0 (decreases phishing risk),,"{""google_available"": true, ""google_flagged"": false, ""google_safe_browsing"": {}, ""model_confidence"": 67.64944458007812, ""model_prediction"": ""PHISHING"", ""model_reasoning"": [{""feature"": ""Qty Dot Domain"", ""impact"": ""increases phishing risk"", ""shap_value"": 0.9262968897819519, ""value"": 1.0}, {""feature"": ""Qty Tld Url"", ""impact"": ""increases phishing risk"", ""shap_value"": 0.5170401334762573, ""value"": 4.0}, {""feature"": ""Length Url"", ""impact"": ""decreases phishing risk"", ""shap_value"": -0.4769231379032135, ""value"": 15.0}], ""model_status"": 0, ""url"": ""http://difecorrao.shop""}"
http://difehequan.ga,clean,blocked by model,,,True,{},PHISHING,0,73.1749267578125,False,Qty Dot Domain=1.0 (increases phishing risk) | Qty Tld Url=2.0 (increases phishing risk) | Length Url=13.0 (decreases phishing risk),,"{""google_available"": true, ""google_flagged"": false, ""google_safe_browsing"": {}, ""model_confidence"": 73.1749267578125, ""model_prediction"": ""PHISHING"", ""model_reasoning"": [{""feature"": ""Qty Dot Domain"", ""impact"": ""increases phishing risk"", ""shap_value"": 0.8302644491195679, ""value"": 1.0}, {""feature"": ""Qty Tld Url"", ""impact"": ""increases phishing risk"", ""shap_value"": 0.6817729473114014, ""value"": 2.0}, {""feature"": ""Length Url"", ""impact"": ""decreases phishing risk"", ""shap_value"": -0.597364604473114, ""value"": 13.0}], ""model_status"": 0, ""url"": ""http://difehequan.ga""}"
http://diffando.sa.com,clean,blocked by model,,,True,{},PHISHING,0,93.33383178710938,False,Length Url=15.0 (decreases phishing risk) | Qty Dot Domain=2.0 (decreases phishing risk),,"{""google_available"": true, ""google_flagged"": false, ""google_safe_browsing"": {}, ""model_confidence"": 93.33383178710938, ""model_prediction"": ""PHISHING"", ""model_reasoning"": [{""feature"": ""Length Url"", ""impact"": ""decreases phishing risk"", ""shap_value"": -0.449623167514801, ""value"": 15.0}, {""feature"": ""Qty Dot Domain"", ""impact"": ""decreases phishing risk"", ""shap_value"": -0.40847986936569214, ""value"": 2.0}], ""model_status"": 0, ""url"": ""http://diffando.sa.com""}"
http://diffculties-truly.duckdns.org,clean,allowed,,,True,{},Legitimate,1,66.05037689208984,False,Length Url=29.0 (increases phishing risk) | Qty Hyphen Url=1.0 (increases phishing risk) | Qty Tld Url=3.0 (increases phishing risk),,"{""google_available"": true, ""google_flagged"": false, ""google_safe_browsing"": {}, ""model_confidence"": 66.05037689208984, ""model_prediction"": ""Legitimate"", ""model_reasoning"": [{""feature"": ""Length Url"", ""impact"": ""increases phishing risk"", ""shap_value"": 0.645896852016449, ""value"": 29.0}, {""feature"": ""Qty Hyphen Url"", ""impact"": ""increases phishing risk"", ""shap_value"": 0.6059017777442932, ""value"": 1.0}, {""feature"": ""Qty Tld Url"", ""impact"": ""increases phishing risk"", ""shap_value"": 0.6023451089859009, ""value"": 3.0}], ""model_status"": 1, ""url"": ""http://diffculties-truly.duckdns.org""}"
http://differences-traveling-personal-tap.trycloudflare.com,clean,allowed,,,True,{},Legitimate,1,74.60759735107422,False,Length Url=52.0 (increases phishing risk) | Qty Vowels Domain=16.0 (increases phishing risk) | Qty Tld Url=3.0 (increases phishing risk),,"{""google_available"": true, ""google_flagged"": false, ""google_safe_browsing"": {}, ""model_confidence"": 74.60759735107422, ""model_prediction"": ""Legitimate"", ""model_reasoning"": [{""feature"": ""Length Url"", ""impact"": ""increases phishing risk"", ""shap_value"": 0.9995564818382263, ""value"": 52.0}, {""feature"": ""Qty Vowels Domain"", ""impact"": ""increases phishing risk"", ""shap_value"": 0.7098348140716553, ""value"": 16.0}, {""feature"": ""Qty Tld Url"", ""impact"": ""increases phishing risk"", ""shap_value"": 0.6187161207199097, ""value"": 3.0}], ""model_status"": 1, ""url"": ""http://differences-traveling-personal-tap.trycloudflare.com""}"
http://different-abaft-handsaw.glitch.me,clean,allowed,,,True,{},Legitimate,1,65.01341247558594,False,Qty Tld Url=2.0 (increases phishing risk) | Qty Hyphen Url=2.0 (increases phishing risk) | Length Url=33.0 (increases phishing risk),,"{""google_available"": true, ""google_flagged"": false, ""google_safe_browsing"": {}, ""model_confidence"": 65.01341247558594, ""model_prediction"": ""Legitimate"", ""model_reasoning"": [{""feature"": ""Qty Tld Url"", ""impact"": ""increases phishing risk"", ""shap_value"": 1.1829724311828613, ""value"": 2.0}, {""feature"": ""Qty Hyphen Url"", ""impact"": ""increases phishing risk"", ""shap_value"": 0.5128888487815857, ""value"": 2.0}, {""feature"": ""Length Url"", ""impact"": ""increases phishing risk"", ""shap_value"": 0.442473828792572, ""value"": 33.0}], ""model_status"": 1, ""url"": ""http://different-abaft-handsaw.glitch.me""}"
http://different-deinner.surge.sh,flagged,blocked by Google Safe Browsing,,,True,"{""matches"": [{""cacheDuration"": ""300s"", ""platformType"": ""ANY_PLATFORM"", ""threat"": {""url"": ""http://different-deinner.surge.sh""}, ""threatEntryType"": ""URL"", ""threatType"": ""SOCIAL_ENGINEERING""}]}",PHISHING,0,100.0,True,Flagged by Google Safe Browsing.,,"{""google_available"": true, ""google_flagged"": true, ""google_safe_browsing"": {""matches"": [{""cacheDuration"": ""300s"", ""platformType"": ""ANY_PLATFORM"", ""threat"": {""url"": ""http://different-deinner.surge.sh""}, ""threatEntryType"": ""URL"", ""threatType"": ""SOCIAL_ENGINEERING""}]}, ""model_confidence"": 100.0, ""model_prediction"": ""PHISHING"", ""model_reasoning"": [""Flagged by Google Safe Browsing.""], ""model_status"": 0, ""url"": ""http://different-deinner.surge.sh""}"
http://differentiating.cfd,clean,blocked by model,,,True,{},PHISHING,0,67.60105895996094,False,Qty Dot Domain=1.0 (increases phishing risk) | Qty Tld Url=3.0 (increases phishing risk),,"{""google_available"": true, ""google_flagged"": false, ""google_safe_browsing"": {}, ""model_confidence"": 67.60105895996094, ""model_prediction"": ""PHISHING"", ""model_reasoning"": [{""feature"": ""Qty Dot Domain"", ""impact"": ""increases phishing risk"", ""shap_value"": 0.9308356046676636, ""value"": 1.0}, {""feature"": ""Qty Tld Url"", ""impact"": ""increases phishing risk"", ""shap_value"": 0.38177770376205444, ""value"": 3.0}], ""model_status"": 0, ""url"": ""http://differentiating.cfd""}"
http://different-lot-868698.framer.app,clean,allowed,,,True,{},Legitimate,1,55.66651916503906,False,Qty Tld Url=3.0 (increases phishing risk) | Length Url=31.0 (increases phishing risk) | Domain Length=31.0 (increases phishing risk),,"{""google_available"": true, ""google_flagged"": false, ""google_safe_browsing"": {}, ""model_confidence"": 55.66651916503906, ""model_prediction"": ""Legitimate"", ""model_reasoning"": [{""feature"": ""Qty Tld Url"", ""impact"": ""increases phishing risk"", ""shap_value"": 0.6636362671852112, ""value"": 3.0}, {""feature"": ""Length Url"", ""impact"": ""increases phishing risk"", ""shap_value"": 0.5641992092132568, ""value"": 31.0}, {""feature"": ""Domain Length"", ""impact"": ""increases phishing risk"", ""shap_value"": 0.5562908053398132, ""value"": 31.0}], ""model_status"": 1, ""url"": ""http://different-lot-868698.framer.app""}"
http://differentnewt.build067.wpsandbox.app,clean,blocked by model,,,True,{},PHISHING,0,74.89248657226562,False,Qty Tld Url=3.0 (increases phishing risk) | Qty Dot Domain=3.0 (decreases phishing risk) | Length Url=36.0 (increases phishing risk),,"{""google_available"": true, ""google_flagged"": false, ""google_safe_browsing"": {}, ""model_confidence"": 74.89248657226562, ""model_prediction"": ""PHISHING"", ""model_reasoning"": [{""feature"": ""Qty Tld Url"", ""impact"": ""increases phishing risk"", ""shap_value"": 0.8959894776344299, ""value"": 3.0}, {""feature"": ""Qty Dot Domain"", ""impact"": ""decreases phishing risk"", ""shap_value"": -0.798982560634613, ""value"": 3.0}, {""feature"": ""Length Url"", ""impact"": ""increases phishing risk"", ""shap_value"": 0.6899736523628235, ""value"": 36.0}], ""model_status"": 0, ""url"": ""http://differentnewt.build067.wpsandbox.app""}"
http://different-shrouded-grill.glitch.me,clean,allowed,,,True,{},Legitimate,1,76.84632873535156,False,Qty Tld Url=2.0 (increases phishing risk) | Length Url=34.0 (increases phishing risk) | Qty Hyphen Url=2.0 (increases phishing risk),,"{""google_available"": true, ""google_flagged"": false, ""google_safe_browsing"": {}, ""model_confidence"": 76.84632873535156, ""model_prediction"": ""Legitimate"", ""model_reasoning"": [{""feature"": ""Qty Tld Url"", ""impact"": ""increases phishing risk"", ""shap_value"": 0.977733850479126, ""value"": 2.0}, {""feature"": ""Length Url"", ""impact"": ""increases phishing risk"", ""shap_value"": 0.6961525678634644, ""value"": 34.0}, {""feature"": ""Qty Hyphen Url"", ""impact"": ""increases phishing risk"", ""shap_value"": 0.5410490036010742, ""value"": 2.0}], ""model_status"": 1, ""url"": ""http://different-shrouded-grill.glitch.me""}"
http://different-smoggy-notify.glitch.me,clean,allowed,,,True,{},Legitimate,1,68.17378234863281,False,Qty Tld Url=2.0 (increases phishing risk) | Length Url=33.0 (increases phishing risk) | Qty Vowels Domain=8.0 (increases phishing risk),,"{""google_available"": true, ""google_flagged"": false, ""google_safe_browsing"": {}, ""model_confidence"": 68.17378234863281, ""model_prediction"": ""Legitimate"", ""model_reasoning"": [{""feature"": ""Qty Tld Url"", ""impact"": ""increases phishing risk"", ""shap_value"": 1.0130369663238525, ""value"": 2.0}, {""feature"": ""Length Url"", ""impact"": ""increases phishing risk"", ""shap_value"": 0.5817640423774719, ""value"": 33.0}, {""feature"": ""Qty Vowels Domain"", ""impact"": ""increases phishing risk"", ""shap_value"": 0.5186839699745178, ""value"": 8.0}], ""model_status"": 1, ""url"": ""http://different-smoggy-notify.glitch.me""}"
http://differentway5c0bb.s3.amazonaws.com,clean,blocked by model,,,True,{},PHISHING,0,70.39271545410156,False,Qty Tld Url=3.0 (increases phishing risk) | Qty Dot Domain=3.0 (decreases phishing risk) | Length Url=34.0 (increases phishing risk),,"{""google_available"": true, ""google_flagged"": false, ""google_safe_browsing"": {}, ""model_confidence"": 70.39271545410156, ""model_prediction"": ""PHISHING"", ""model_reasoning"": [{""feature"": ""Qty Tld Url"", ""impact"": ""increases phishing risk"", ""shap_value"": 1.0024566650390625, ""value"": 3.0}, {""feature"": ""Qty Dot Domain"", ""impact"": ""decreases phishing risk"", ""shap_value"": -0.7694578170776367, ""value"": 3.0}, {""feature"": ""Length Url"", ""impact"": ""increases phishing risk"", ""shap_value"": 0.6301295161247253, ""value"": 34.0}], ""model_status"": 0, ""url"": ""http://differentway5c0bb.s3.amazonaws.com""}"
http://differlemon.com,clean,blocked by model,,,True,{},PHISHING,0,54.03535461425781,False,Qty Dot Domain=1.0 (increases phishing risk) | Qty Tld Url=3.0 (increases phishing risk),,"{""google_available"": true, ""google_flagged"": false, ""google_safe_browsing"": {}, ""model_confidence"": 54.03535461425781, ""model_prediction"": ""PHISHING"", ""model_reasoning"": [{""feature"": ""Qty Dot Domain"", ""impact"": ""increases phishing risk"", ""shap_value"": 1.0949199199676514, ""value"": 1.0}, {""feature"": ""Qty Tld Url"", ""impact"": ""increases phishing risk"", ""shap_value"": 0.4800277352333069, ""value"": 3.0}], ""model_status"": 0, ""url"": ""http://differlemon.com""}"
http://difficult-decorous-woodwind.glitch.me,clean,allowed,,,True,{},Legitimate,1,78.79685974121094,False,Qty Tld Url=2.0 (increases phishing risk) | Length Url=37.0 (increases phishing risk) | Qty Hyphen Url=2.0 (increases phishing risk),,"{""google_available"": true, ""google_flagged"": false, ""google_safe_browsing"": {}, ""model_confidence"": 78.79685974121094, ""model_prediction"": ""Legitimate"", ""model_reasoning"": [{""feature"": ""Qty Tld Url"", ""impact"": ""increases phishing risk"", ""shap_value"": 1.0845892429351807, ""value"": 2.0}, {""feature"": ""Length Url"", ""impact"": ""increases phishing risk"", ""shap_value"": 0.7622292637825012, ""value"": 37.0}, {""feature"": ""Qty Hyphen Url"", ""impact"": ""increases phishing risk"", ""shap_value"": 0.5442742109298706, ""value"": 2.0}], ""model_status"": 1, ""url"": ""http://difficult-decorous-woodwind.glitch.me""}"
http://difficult-lackadaisical-beauty.glitch.me,clean,allowed,,,True,{},Legitimate,1,94.65353393554688,False,Length Url=40.0 (increases phishing risk) | Qty Tld Url=2.0 (increases phishing risk) | Qty Vowels Domain=14.0 (increases phishing risk),,"{""google_available"": true, ""google_flagged"": false, ""google_safe_browsing"": {}, ""model_confidence"": 94.65353393554688, ""model_prediction"": ""Legitimate"", ""model_reasoning"": [{""feature"": ""Length Url"", ""impact"": ""increases phishing risk"", ""shap_value"": 1.0923957824707031, ""value"": 40.0}, {""feature"": ""Qty Tld Url"", ""impact"": ""increases phishing risk"", ""shap_value"": 1.0199698209762573, ""value"": 2.0}, {""feature"": ""Qty Vowels Domain"", ""impact"": ""increases phishing risk"", ""shap_value"": 0.7732363939285278, ""value"": 14.0}], ""model_status"": 1, ""url"": ""http://difficult-lackadaisical-beauty.glitch.me""}"
http://difficult-peat-cashew.glitch.me,clean,allowed,,,True,{},Legitimate,1,80.40594482421875,False,Qty Tld Url=2.0 (increases phishing risk) | Qty Hyphen Url=2.0 (increases phishing risk) | Length Url=31.0 (increases phishing risk),,"{""google_available"": true, ""google_flagged"": false, ""google_safe_browsing"": {}, ""model_confidence"": 80.40594482421875, ""model_prediction"": ""Legitimate"", ""model_reasoning"": [{""feature"": ""Qty Tld Url"", ""impact"": ""increases phishing risk"", ""shap_value"": 1.4006869792938232, ""value"": 2.0}, {""feature"": ""Qty Hyphen Url"", ""impact"": ""increases phishing risk"", ""shap_value"": 0.5276446342468262, ""value"": 2.0}, {""feature"": ""Length Url"", ""impact"": ""increases phishing risk"", ""shap_value"": 0.3885965049266815, ""value"": 31.0}], ""model_status"": 1, ""url"": ""http://difficult-peat-cashew.glitch.me""}"
http://difficult-spangled-punishment.glitch.me,clean,allowed,,,True,{},Legitimate,1,78.94171905517578,False,Length Url=39.0 (increases phishing risk) | Qty Tld Url=2.0 (increases phishing risk) | Domain Length=39.0 (increases phishing risk),,"{""google_available"": true, ""google_flagged"": false, ""google_safe_browsing"": {}, ""model_confidence"": 78.94171905517578, ""model_prediction"": ""Legitimate"", ""model_reasoning"": [{""feature"": ""Length Url"", ""impact"": ""increases phishing risk"", ""shap_value"": 0.9297046065330505, ""value"": 39.0}, {""feature"": ""Qty Tld Url"", ""impact"": ""increases phishing risk"", ""shap_value"": 0.9198218584060669, ""value"": 2.0}, {""feature"": ""Domain Length"", ""impact"": ""increases phishing risk"", ""shap_value"": 0.5366899967193604, ""value"": 39.0}], ""model_status"": 1, ""url"": ""http://difficult-spangled-punishment.glitch.me""}"
http://diffmana.store,clean,blocked by model,,,True,{},PHISHING,0,59.677757263183594,False,Qty Dot Domain=1.0 (increases phishing risk) | Qty Tld Url=5.0 (increases phishing risk),,"{""google_available"": true, ""google_flagged"": false, ""google_safe_browsing"": {}, ""model_confidence"": 59.677757263183594, ""model_prediction"": ""PHISHING"", ""model_reasoning"": [{""feature"": ""Qty Dot Domain"", ""impact"": ""increases phishing risk"", ""shap_value"": 0.9897260665893555, ""value"": 1.0}, {""feature"": ""Qty Tld Url"", ""impact"": ""increases phishing risk"", ""shap_value"": 0.44281312823295593, ""value"": 5.0}], ""model_status"": 0, ""url"": ""http://diffmana.store""}"
http://diffpr0tocol.pages.dev,clean,blocked by model,,,True,{},PHISHING,0,87.63899993896484,False,Qty Tld Url=3.0 (increases phishing risk) | Qty Dot Domain=2.0 (decreases phishing risk),,"{""google_available"": true, ""google_flagged"": false, ""google_safe_browsing"": {}, ""model_confidence"": 87.63899993896484, ""model_prediction"": ""PHISHING"", ""model_reasoning"": [{""feature"": ""Qty Tld Url"", ""impact"": ""increases phishing risk"", ""shap_value"": 0.3941228985786438, ""value"": 3.0}, {""feature"": ""Qty Dot Domain"", ""impact"": ""decreases phishing risk"", ""shap_value"": -0.25048813223838806, ""value"": 2.0}], ""model_status"": 0, ""url"": ""http://diffpr0tocol.pages.dev""}"
http://difftritlodinnews.tk,clean,blocked by model,,,True,{},PHISHING,0,79.98625946044922,False,Qty Dot Domain=1.0 (increases phishing risk) | Length Url=20.0 (decreases phishing risk),,"{""google_available"": true, ""google_flagged"": false, ""google_safe_browsing"": {}, ""model_confidence"": 79.98625946044922, ""model_prediction"": ""PHISHING"", ""model_reasoning"": [{""feature"": ""Qty Dot Domain"", ""impact"": ""increases phishing risk"", ""shap_value"": 0.998538076877594, ""value"": 1.0}, {""feature"": ""Length Url"", ""impact"": ""decreases phishing risk"", ""shap_value"": -0.47570011019706726, ""value"": 20.0}], ""model_status"": 0, ""url"": ""http://difftritlodinnews.tk""}"
http://difmazatlan.com,clean,blocked by model,,,True,{},PHISHING,0,54.03535461425781,False,Qty Dot Domain=1.0 (increases phishing risk) | Qty Tld Url=3.0 (increases phishing risk),,"{""google_available"": true, ""google_flagged"": false, ""google_safe_browsing"": {}, ""model_confidence"": 54.03535461425781, ""model_prediction"": ""PHISHING"", ""model_reasoning"": [{""feature"": ""Qty Dot Domain"", ""impact"": ""increases phishing risk"", ""shap_value"": 1.0949199199676514, ""value"": 1.0}, {""feature"": ""Qty Tld Url"", ""impact"": ""increases phishing risk"", ""shap_value"": 0.4800277352333069, ""value"": 3.0}], ""model_status"": 0, ""url"": ""http://difmazatlan.com""}"
http://difpt.org,clean,blocked by model,,,True,{},PHISHING,0,90.6648178100586,False,Length Url=9.0 (decreases phishing risk) | Qty Dot Domain=1.0 (increases phishing risk) | Qty Tld Url=3.0 (increases phishing risk),,"{""google_available"": true, ""google_flagged"": false, ""google_safe_browsing"": {}, ""model_confidence"": 90.6648178100586, ""model_prediction"": ""PHISHING"", ""model_reasoning"": [{""feature"": ""Length Url"", ""impact"": ""decreases phishing risk"", ""shap_value"": -0.9633573889732361, ""value"": 9.0}, {""feature"": ""Qty Dot Domain"", ""impact"": ""increases phishing risk"", ""shap_value"": 0.8263784050941467, ""value"": 1.0}, {""feature"": ""Qty Tld Url"", ""impact"": ""increases phishing risk"", ""shap_value"": 0.6234415769577026, ""value"": 3.0}], ""model_status"": 0, ""url"": ""http://difpt.org""}"
http://difresvi-lasvivis.vercel.app,clean,allowed,,,True,{},Legitimate,1,80.2459945678711,False,Qty Tld Url=3.0 (increases phishing risk) | Qty Vowels Domain=9.0 (increases phishing risk) | Qty Hyphen Url=1.0 (increases phishing risk),,"{""google_available"": true, ""google_flagged"": false, ""google_safe_browsing"": {}, ""model_confidence"": 80.2459945678711, ""model_prediction"": ""Legitimate"", ""model_reasoning"": [{""feature"": ""Qty Tld Url"", ""impact"": ""increases phishing risk"", ""shap_value"": 1.3329565525054932, ""value"": 3.0}, {""feature"": ""Qty Vowels Domain"", ""impact"": ""increases phishing risk"", ""shap_value"": 0.41238707304000854, ""value"": 9.0}, {""feature"": ""Qty Hyphen Url"", ""impact"": ""increases phishing risk"", ""shap_value"": 0.40749847888946533, ""value"": 1.0}], ""model_status"": 1, ""url"": ""http://difresvi-lasvivis.vercel.app""}"
http://dig4-trk.cyclepost.cf,clean,allowed,,,True,{},Legitimate,1,58.070152282714844,False,Qty Vowels Domain=3.0 (increases phishing risk) | Domain Length=21.0 (increases phishing risk) | Qty Hyphen Url=1.0 (increases phishing risk),,"{""google_available"": true, ""google_flagged"": false, ""google_safe_browsing"": {}, ""model_confidence"": 58.070152282714844, ""model_prediction"": ""Legitimate"", ""model_reasoning"": [{""feature"": ""Qty Vowels Domain"", ""impact"": ""increases phishing risk"", ""shap_value"": 0.7745602130889893, ""value"": 3.0}, {""feature"": ""Domain Length"", ""impact"": ""increases phishing risk"", ""shap_value"": 0.6426097750663757, ""value"": 21.0}, {""feature"": ""Qty Hyphen Url"", ""impact"": ""increases phishing risk"", ""shap_value"": 0.6212553381919861, ""value"": 1.0}], ""model_status"": 1, ""url"": ""http://dig4-trk.cyclepost.cf""}"
http://digalarchitectandbuilders.com,clean,allowed,,,True,{},Legitimate,1,50.58964920043945,False,Qty Tld Url=3.0 (increases phishing risk) | Qty Vowels Domain=10.0 (increases phishing risk),,"{""google_available"": true, ""google_flagged"": false, ""google_safe_browsing"": {}, ""model_confidence"": 50.58964920043945, ""model_prediction"": ""Legitimate"", ""model_reasoning"": [{""feature"": ""Qty Tld Url"", ""impact"": ""increases phishing risk"", ""shap_value"": 0.8870248198509216, ""value"": 3.0}, {""feature"": ""Qty Vowels Domain"", ""impact"": ""increases phishing risk"", ""shap_value"": 0.37472444772720337, ""value"": 10.0}], ""model_status"": 1, ""url"": ""http://digalarchitectandbuilders.com""}"
http://digbaconnectpostalinogsmapp.u11019065b4.ha004.t.justns.ru,clean,allowed,,,True,{},Legitimate,1,96.0489273071289,False,Length Url=57.0 (increases phishing risk) | Domain Length=57.0 (increases phishing risk) | Qty Vowels Domain=13.0 (increases phishing risk),,"{""google_available"": true, ""google_flagged"": false, ""google_safe_browsing"": {}, ""model_confidence"": 96.0489273071289, ""model_prediction"": ""Legitimate"", ""model_reasoning"": [{""feature"": ""Length Url"", ""impact"": ""increases phishing risk"", ""shap_value"": 2.3558995723724365, ""value"": 57.0}, {""feature"": ""Domain Length"", ""impact"": ""increases phishing risk"", ""shap_value"": 1.198028326034546, ""value"": 57.0}, {""feature"": ""Qty Vowels Domain"", ""impact"": ""increases phishing risk"", ""shap_value"": 0.9455076456069946, ""value"": 13.0}], ""model_status"": 1, ""url"": ""http://digbaconnectpostalinogsmapp.u11019065b4.ha004.t.justns.ru""}"
http://digest-clause-approval-bolivia.trycloudflare.com,clean,allowed,,,True,{},Legitimate,1,92.37492370605469,False,Length Url=48.0 (increases phishing risk) | Domain Length=48.0 (increases phishing risk) | Qty Vowels Domain=17.0 (increases phishing risk),,"{""google_available"": true, ""google_flagged"": false, ""google_safe_browsing"": {}, ""model_confidence"": 92.37492370605469, ""model_prediction"": ""Legitimate"", ""model_reasoning"": [{""feature"": ""Length Url"", ""impact"": ""increases phishing risk"", ""shap_value"": 1.3464000225067139, ""value"": 48.0}, {""feature"": ""Domain Length"", ""impact"": ""increases phishing risk"", ""shap_value"": 1.0969542264938354, ""value"": 48.0}, {""feature"": ""Qty Vowels Domain"", ""impact"": ""increases phishing risk"", ""shap_value"": 0.9674062728881836, ""value"": 17.0}], ""model_status"": 1, ""url"": ""http://digest-clause-approval-bolivia.trycloudflare.com""}"
http://digestible-wholesal.000webhostapp.com,clean,allowed,,,True,{},Legitimate,1,72.5363998413086,False,Qty Tld Url=3.0 (increases phishing risk) | Length Url=37.0 (increases phishing risk) | Qty Vowels Domain=11.0 (increases phishing risk),,"{""google_available"": true, ""google_flagged"": false, ""google_safe_browsing"": {}, ""model_confidence"": 72.5363998413086, ""model_prediction"": ""Legitimate"", ""model_reasoning"": [{""feature"": ""Qty Tld Url"", ""impact"": ""increases phishing risk"", ""shap_value"": 1.14950430393219, ""value"": 3.0}, {""feature"": ""Length Url"", ""impact"": ""increases phishing risk"", ""shap_value"": 0.7353164553642273, ""value"": 37.0}, {""feature"": ""Qty Vowels Domain"", ""impact"": ""increases phishing risk"", ""shap_value"": 0.3635754883289337, ""value"": 11.0}], ""model_status"": 1, ""url"": ""http://digestible-wholesal.000webhostapp.com""}"
http://digestomisiones.gob.ar,clean,blocked by model,,,True,{},PHISHING,0,52.771400451660156,False,Qty Tld Url=2.0 (increases phishing risk) | Qty Vowels Domain=9.0 (increases phishing risk),,"{""google_available"": true, ""google_flagged"": false, ""google_safe_browsing"": {}, ""model_confidence"": 52.771400451660156, ""model_prediction"": ""PHISHING"", ""model_reasoning"": [{""feature"": ""Qty Tld Url"", ""impact"": ""increases phishing risk"", ""shap_value"": 0.9070289134979248, ""value"": 2.0}, {""feature"": ""Qty Vowels Domain"", ""impact"": ""increases phishing risk"", ""shap_value"": 0.6950258016586304, ""value"": 9.0}], ""model_status"": 0, ""url"": ""http://digestomisiones.gob.ar""}"
http://digest-se.com.br,clean,blocked by model,,,True,{},PHISHING,0,95.48715209960938,False,Length Url=16.0 (decreases phishing risk) | Qty Dot Domain=2.0 (decreases phishing risk),,"{""google_available"": true, ""google_flagged"": false, ""google_safe_browsing"": {}, ""model_confidence"": 95.48715209960938, ""model_prediction"": ""PHISHING"", ""model_reasoning"": [{""feature"": ""Length Url"", ""impact"": ""decreases phishing risk"", ""shap_value"": -0.49220356345176697, ""value"": 16.0}, {""feature"": ""Qty Dot Domain"", ""impact"": ""decreases phishing risk"", ""shap_value"": -0.4332889914512634, ""value"": 2.0}], ""model_status"": 0, ""url"": ""http://digest-se.com.br""}"
http://diggersnap.000webhostapp.com,clean,blocked by model,,,True,{},PHISHING,0,73.37020874023438,False,Qty Tld Url=3.0 (increases phishing risk) | Domain Length=28.0 (increases phishing risk) | Length Url=28.0 (increases phishing risk),,"{""google_available"": true, ""google_flagged"": false, ""google_safe_browsing"": {}, ""model_confidence"": 73.37020874023438, ""model_prediction"": ""PHISHING"", ""model_reasoning"": [{""feature"": ""Qty Tld Url"", ""impact"": ""increases phishing risk"", ""shap_value"": 0.572015106678009, ""value"": 3.0}, {""feature"": ""Domain Length"", ""impact"": ""increases phishing risk"", ""shap_value"": 0.37239572405815125, ""value"": 28.0}, {""feature"": ""Length Url"", ""impact"": ""increases phishing risk"", ""shap_value"": 0.3555319309234619, ""value"": 28.0}], ""model_status"": 0, ""url"": ""http://diggersnap.000webhostapp.com""}"
http://digginggrowert.com,clean,blocked by model,,,True,{},PHISHING,0,62.67680358886719,False,Qty Dot Domain=1.0 (increases phishing risk) | Length Url=18.0 (decreases phishing risk),,"{""google_available"": true, ""google_flagged"": false, ""google_safe_browsing"": {}, ""model_confidence"": 62.67680358886719, ""model_prediction"": ""PHISHING"", ""model_reasoning"": [{""feature"": ""Qty Dot Domain"", ""impact"": ""increases phishing risk"", ""shap_value"": 1.176480770111084, ""value"": 1.0}, {""feature"": ""Length Url"", ""impact"": ""decreases phishing risk"", ""shap_value"": -0.334529846906662, ""value"": 18.0}], ""model_status"": 0, ""url"": ""http://digginggrowert.com""}"
http://diggymaterial.com,clean,blocked by model,,,True,{},PHISHING,0,59.04195785522461,False,Qty Dot Domain=1.0 (increases phishing risk) | Qty Tld Url=3.0 (increases phishing risk),,"{""google_available"": true, ""google_flagged"": false, ""google_safe_browsing"": {}, ""model_confidence"": 59.04195785522461, ""model_prediction"": ""PHISHING"", ""model_reasoning"": [{""feature"": ""Qty Dot Domain"", ""impact"": ""increases phishing risk"", ""shap_value"": 1.0890852212905884, ""value"": 1.0}, {""feature"": ""Qty Tld Url"", ""impact"": ""increases phishing risk"", ""shap_value"": 0.34279024600982666, ""value"": 3.0}], ""model_status"": 0, ""url"": ""http://diggymaterial.com""}"
http://diggyride.com,clean,blocked by model,,,True,{},PHISHING,0,53.94972610473633,False,Qty Dot Domain=1.0 (increases phishing risk) | Qty Tld Url=3.0 (increases phishing risk),,"{""google_available"": true, ""google_flagged"": false, ""google_safe_browsing"": {}, ""model_confidence"": 53.94972610473633, ""model_prediction"": ""PHISHING"", ""model_reasoning"": [{""feature"": ""Qty Dot Domain"", ""impact"": ""increases phishing risk"", ""shap_value"": 0.9797619581222534, ""value"": 1.0}, {""feature"": ""Qty Tld Url"", ""impact"": ""increases phishing risk"", ""shap_value"": 0.6379356384277344, ""value"": 3.0}], ""model_status"": 0, ""url"": ""http://diggyride.com""}"
http://dighardshiplove.com,clean,blocked by model,,,True,{},PHISHING,0,67.60105895996094,False,Qty Dot Domain=1.0 (increases phishing risk) | Qty Tld Url=3.0 (increases phishing risk),,"{""google_available"": true, ""google_flagged"": false, ""google_safe_browsing"": {}, ""model_confidence"": 67.60105895996094, ""model_prediction"": ""PHISHING"", ""model_reasoning"": [{""feature"": ""Qty Dot Domain"", ""impact"": ""increases phishing risk"", ""shap_value"": 0.9308356046676636, ""value"": 1.0}, {""feature"": ""Qty Tld Url"", ""impact"": ""increases phishing risk"", ""shap_value"": 0.38177770376205444, ""value"": 3.0}], ""model_status"": 0, ""url"": ""http://dighardshiplove.com""}"
http://dights.paypal-merchant.ru,clean,blocked by model,,,True,{},PHISHING,0,78.80229949951172,False,Qty Hyphen Url=1.0 (increases phishing risk) | Qty Tld Url=2.0 (increases phishing risk),,"{""google_available"": true, ""google_flagged"": false, ""google_safe_browsing"": {}, ""model_confidence"": 78.80229949951172, ""model_prediction"": ""PHISHING"", ""model_reasoning"": [{""feature"": ""Qty Hyphen Url"", ""impact"": ""increases phishing risk"", ""shap_value"": 0.41117772459983826, ""value"": 1.0}, {""feature"": ""Qty Tld Url"", ""impact"": ""increases phishing risk"", ""shap_value"": 0.3850046396255493, ""value"": 2.0}], ""model_status"": 0, ""url"": ""http://dights.paypal-merchant.ru""}"
http://dighvqutagtgqzxfwueapnwbvg-dot-gleowayel400503.uc.r.appspot.com,clean,allowed,,,True,{},Legitimate,1,98.16726684570312,False,Length Url=63.0 (increases phishing risk) | Domain Length=63.0 (increases phishing risk) | Qty Vowels Domain=15.0 (increases phishing risk),,"{""google_available"": true, ""google_flagged"": false, ""google_safe_browsing"": {}, ""model_confidence"": 98.16726684570312, ""model_prediction"": ""Legitimate"", ""model_reasoning"": [{""feature"": ""Length Url"", ""impact"": ""increases phishing risk"", ""shap_value"": 2.6456899642944336, ""value"": 63.0}, {""feature"": ""Domain Length"", ""impact"": ""increases phishing risk"", ""shap_value"": 1.0156962871551514, ""value"": 63.0}, {""feature"": ""Qty Vowels Domain"", ""impact"": ""increases phishing risk"", ""shap_value"": 0.9017313122749329, ""value"": 15.0}], ""model_status"": 1, ""url"": ""http://dighvqutagtgqzxfwueapnwbvg-dot-gleowayel400503.uc.r.appspot.com""}"
http://digiaquila.in,clean,allowed,,,True,{},Legitimate,1,52.20490646362305,False,Qty Dot Domain=1.0 (increases phishing risk) | Qty Tld Url=2.0 (increases phishing risk),,"{""google_available"": true, ""google_flagged"": false, ""google_safe_browsing"": {}, ""model_confidence"": 52.20490646362305, ""model_prediction"": ""Legitimate"", ""model_reasoning"": [{""feature"": ""Qty Dot Domain"", ""impact"": ""increases phishing risk"", ""shap_value"": 0.876390814781189, ""value"": 1.0}, {""feature"": ""Qty Tld Url"", ""impact"": ""increases phishing risk"", ""shap_value"": 0.6579346656799316, ""value"": 2.0}], ""model_status"": 1, ""url"": ""http://digiaquila.in""}"
http://digibank-by-dbs.com,flagged,blocked by Google Safe Browsing,,,True,"{""matches"": [{""cacheDuration"": ""300s"", ""platformType"": ""ANY_PLATFORM"", ""threat"": {""url"": ""http://digibank-by-dbs.com""}, ""threatEntryType"": ""URL"", ""threatType"": ""SOCIAL_ENGINEERING""}]}",PHISHING,0,100.0,True,Flagged by Google Safe Browsing.,,"{""google_available"": true, ""google_flagged"": true, ""google_safe_browsing"": {""matches"": [{""cacheDuration"": ""300s"", ""platformType"": ""ANY_PLATFORM"", ""threat"": {""url"": ""http://digibank-by-dbs.com""}, ""threatEntryType"": ""URL"", ""threatType"": ""SOCIAL_ENGINEERING""}]}, ""model_confidence"": 100.0, ""model_prediction"": ""PHISHING"", ""model_reasoning"": [""Flagged by Google Safe Browsing.""], ""model_status"": 0, ""url"": ""http://digibank-by-dbs.com""}"
http://digibankbydbsidfreshcc.univer.se,clean,allowed,,,True,{},Legitimate,1,55.41775131225586,False,Qty Tld Url=2.0 (increases phishing risk) | Length Url=32.0 (increases phishing risk),,"{""google_available"": true, ""google_flagged"": false, ""google_safe_browsing"": {}, ""model_confidence"": 55.41775131225586, ""model_prediction"": ""Legitimate"", ""model_reasoning"": [{""feature"": ""Qty Tld Url"", ""impact"": ""increases phishing risk"", ""shap_value"": 1.4015830755233765, ""value"": 2.0}, {""feature"": ""Length Url"", ""impact"": ""increases phishing risk"", ""shap_value"": 0.47449520230293274, ""value"": 32.0}], ""model_status"": 1, ""url"": ""http://digibankbydbsidfreshcc.univer.se""}"
http://digibank.free.site.pro,clean,blocked by model,,,True,{},PHISHING,0,57.32707977294922,False,Qty Vowels Domain=8.0 (increases phishing risk) | Qty Tld Url=3.0 (increases phishing risk) | Qty Dot Domain=3.0 (decreases phishing risk),,"{""google_available"": true, ""google_flagged"": false, ""google_safe_browsing"": {}, ""model_confidence"": 57.32707977294922, ""model_prediction"": ""PHISHING"", ""model_reasoning"": [{""feature"": ""Qty Vowels Domain"", ""impact"": ""increases phishing risk"", ""shap_value"": 0.9795711040496826, ""value"": 8.0}, {""feature"": ""Qty Tld Url"", ""impact"": ""increases phishing risk"", ""shap_value"": 0.7714109420776367, ""value"": 3.0}, {""feature"": ""Qty Dot Domain"", ""impact"": ""decreases phishing risk"", ""shap_value"": -0.4898858070373535, ""value"": 3.0}], ""model_status"": 0, ""url"": ""http://digibank.free.site.pro""}"
http://digibankscam.trinaxmind.com,clean,allowed,,,True,{},Legitimate,1,81.15998077392578,False,Qty Tld Url=3.0 (increases phishing risk) | Qty Vowels Domain=8.0 (increases phishing risk) | Domain Length=27.0 (increases phishing risk),,"{""google_available"": true, ""google_flagged"": false, ""google_safe_browsing"": {}, ""model_confidence"": 81.15998077392578, ""model_prediction"": ""Legitimate"", ""model_reasoning"": [{""feature"": ""Qty Tld Url"", ""impact"": ""increases phishing risk"", ""shap_value"": 1.2675743103027344, ""value"": 3.0}, {""feature"": ""Qty Vowels Domain"", ""impact"": ""increases phishing risk"", ""shap_value"": 0.8903738260269165, ""value"": 8.0}, {""feature"": ""Domain Length"", ""impact"": ""increases phishing risk"", ""shap_value"": 0.38320833444595337, ""value"": 27.0}], ""model_status"": 1, ""url"": ""http://digibankscam.trinaxmind.com""}"
http://digibitxc.vercel.app,flagged,blocked by Google Safe Browsing,,,True,"{""matches"": [{""cacheDuration"": ""300s"", ""platformType"": ""ANY_PLATFORM"", ""threat"": {""url"": ""http://digibitxc.vercel.app""}, ""threatEntryType"": ""URL"", ""threatType"": ""SOCIAL_ENGINEERING""}]}",PHISHING,0,100.0,True,Flagged by Google Safe Browsing.,,"{""google_available"": true, ""google_flagged"": true, ""google_safe_browsing"": {""matches"": [{""cacheDuration"": ""300s"", ""platformType"": ""ANY_PLATFORM"", ""threat"": {""url"": ""http://digibitxc.vercel.app""}, ""threatEntryType"": ""URL"", ""threatType"": ""SOCIAL_ENGINEERING""}]}, ""model_confidence"": 100.0, ""model_prediction"": ""PHISHING"", ""model_reasoning"": [""Flagged by Google Safe Browsing.""], ""model_status"": 0, ""url"": ""http://digibitxc.vercel.app""}"
http://digicadgroups.online,clean,blocked by model,,,True,{},PHISHING,0,69.6194839477539,False,Qty Tld Url=6.0 (increases phishing risk) | Qty Dot Domain=1.0 (increases phishing risk),,"{""google_available"": true, ""google_flagged"": false, ""google_safe_browsing"": {}, ""model_confidence"": 69.6194839477539, ""model_prediction"": ""PHISHING"", ""model_reasoning"": [{""feature"": ""Qty Tld Url"", ""impact"": ""increases phishing risk"", ""shap_value"": 0.5908099412918091, ""value"": 6.0}, {""feature"": ""Qty Dot Domain"", ""impact"": ""increases phishing risk"", ""shap_value"": 0.4500807523727417, ""value"": 1.0}], ""model_status"": 0, ""url"": ""http://digicadgroups.online""}"
http://digicare-eg.com,clean,blocked by model,,,True,{},PHISHING,0,53.8121452331543,False,Qty Dot Domain=1.0 (increases phishing risk) | Length Url=15.0 (decreases phishing risk),,"{""google_available"": true, ""google_flagged"": false, ""google_safe_browsing"": {}, ""model_confidence"": 53.8121452331543, ""model_prediction"": ""PHISHING"", ""model_reasoning"": [{""feature"": ""Qty Dot Domain"", ""impact"": ""increases phishing risk"", ""shap_value"": 1.052139401435852, ""value"": 1.0}, {""feature"": ""Length Url"", ""impact"": ""decreases phishing risk"", ""shap_value"": -0.48969563841819763, ""value"": 15.0}], ""model_status"": 0, ""url"": ""http://digicare-eg.com""}"
http://digi-cart.top,clean,blocked by model,,,True,{},PHISHING,0,52.99530029296875,False,Qty Dot Domain=1.0 (increases phishing risk) | Qty Tld Url=3.0 (increases phishing risk) | Length Url=13.0 (decreases phishing risk),,"{""google_available"": true, ""google_flagged"": false, ""google_safe_browsing"": {}, ""model_confidence"": 52.99530029296875, ""model_prediction"": ""PHISHING"", ""model_reasoning"": [{""feature"": ""Qty Dot Domain"", ""impact"": ""increases phishing risk"", ""shap_value"": 1.0106483697891235, ""value"": 1.0}, {""feature"": ""Qty Tld Url"", ""impact"": ""increases phishing risk"", ""shap_value"": 0.5743379592895508, ""value"": 3.0}, {""feature"": ""Length Url"", ""impact"": ""decreases phishing risk"", ""shap_value"": -0.4914409816265106, ""value"": 13.0}], ""model_status"": 0, ""url"": ""http://digi-cart.top""}"
http://digiclass.co.in,clean,blocked by model,,,True,{},PHISHING,0,93.33383178710938,False,Length Url=15.0 (decreases phishing risk) | Qty Dot Domain=2.0 (decreases phishing risk),,"{""google_available"": true, ""google_flagged"": false, ""google_safe_browsing"": {}, ""model_confidence"": 93.33383178710938, ""model_prediction"": ""PHISHING"", ""model_reasoning"": [{""feature"": ""Length Url"", ""impact"": ""decreases phishing risk"", ""shap_value"": -0.449623167514801, ""value"": 15.0}, {""feature"": ""Qty Dot Domain"", ""impact"": ""decreases phishing risk"", ""shap_value"": -0.40847986936569214, ""value"": 2.0}], ""model_status"": 0, ""url"": ""http://digiclass.co.in""}"
http://digicomm.globaldigitaldev.com,clean,allowed,,,True,{},Legitimate,1,78.69993591308594,False,Qty Tld Url=3.0 (increases phishing risk) | Qty Vowels Domain=10.0 (increases phishing risk),,"{""google_available"": true, ""google_flagged"": false, ""google_safe_browsing"": {}, ""model_confidence"": 78.69993591308594, ""model_prediction"": ""Legitimate"", ""model_reasoning"": [{""feature"": ""Qty Tld Url"", ""impact"": ""increases phishing risk"", ""shap_value"": 1.5449459552764893, ""value"": 3.0}, {""feature"": ""Qty Vowels Domain"", ""impact"": ""increases phishing risk"", ""shap_value"": 0.7957025766372681, ""value"": 10.0}], ""model_status"": 1, ""url"": ""http://digicomm.globaldigitaldev.com""}"
http://digid-online.xyz,clean,allowed,,,True,{},Legitimate,1,50.147247314453125,False,Qty Dot Domain=1.0 (increases phishing risk) | Qty Hyphen Url=1.0 (increases phishing risk),,"{""google_available"": true, ""google_flagged"": false, ""google_safe_browsing"": {}, ""model_confidence"": 50.147247314453125, ""model_prediction"": ""Legitimate"", ""model_reasoning"": [{""feature"": ""Qty Dot Domain"", ""impact"": ""increases phishing risk"", ""shap_value"": 1.2394574880599976, ""value"": 1.0}, {""feature"": ""Qty Hyphen Url"", ""impact"": ""increases phishing risk"", ""shap_value"": 0.46600186824798584, ""value"": 1.0}], ""model_status"": 1, ""url"": ""http://digid-online.xyz""}"
http://digid-platform.xyz,clean,blocked by model,,,True,{},PHISHING,0,62.49782943725586,False,Qty Dot Domain=1.0 (increases phishing risk) | Length Url=18.0 (decreases phishing risk),,"{""google_available"": true, ""google_flagged"": false, ""google_safe_browsing"": {}, ""model_confidence"": 62.49782943725586, ""model_prediction"": ""PHISHING"", ""model_reasoning"": [{""feature"": ""Qty Dot Domain"", ""impact"": ""increases phishing risk"", ""shap_value"": 1.3010281324386597, ""value"": 1.0}, {""feature"": ""Length Url"", ""impact"": ""decreases phishing risk"", ""shap_value"": -0.46033236384391785, ""value"": 18.0}], ""model_status"": 0, ""url"": ""http://digid-platform.xyz""}"
http://digidteruggave-nl.ga,clean,allowed,,,True,{},Legitimate,1,77.04139709472656,False,Qty Dot Domain=1.0 (increases phishing risk) | Qty Hyphen Url=1.0 (increases phishing risk),,"{""google_available"": true, ""google_flagged"": false, ""google_safe_browsing"": {}, ""model_confidence"": 77.04139709472656, ""model_prediction"": ""Legitimate"", ""model_reasoning"": [{""feature"": ""Qty Dot Domain"", ""impact"": ""increases phishing risk"", ""shap_value"": 1.1125575304031372, ""value"": 1.0}, {""feature"": ""Qty Hyphen Url"", ""impact"": ""increases phishing risk"", ""shap_value"": 0.7679158449172974, ""value"": 1.0}], ""model_status"": 1, ""url"": ""http://digidteruggave-nl.ga""}"
http://digiexpert.in,clean,blocked by model,,,True,{},PHISHING,0,59.02406692504883,False,Qty Dot Domain=1.0 (increases phishing risk) | Qty Tld Url=2.0 (increases phishing risk),,"{""google_available"": true, ""google_flagged"": false, ""google_safe_browsing"": {}, ""model_confidence"": 59.02406692504883, ""model_prediction"": ""PHISHING"", ""model_reasoning"": [{""feature"": ""Qty Dot Domain"", ""impact"": ""increases phishing risk"", ""shap_value"": 0.9448511004447937, ""value"": 1.0}, {""feature"": ""Qty Tld Url"", ""impact"": ""increases phishing risk"", ""shap_value"": 0.638353705406189, ""value"": 2.0}], ""model_status"": 0, ""url"": ""http://digiexpert.in""}"
http://digiexplosur.com,clean,blocked by model,,,True,{},PHISHING,0,74.80116271972656,False,Qty Dot Domain=1.0 (increases phishing risk) | Length Url=16.0 (decreases phishing risk),,"{""google_available"": true, ""google_flagged"": false, ""google_safe_browsing"": {}, ""model_confidence"": 74.80116271972656, ""model_prediction"": ""PHISHING"", ""model_reasoning"": [{""feature"": ""Qty Dot Domain"", ""impact"": ""increases phishing risk"", ""shap_value"": 0.952678918838501, ""value"": 1.0}, {""feature"": ""Length Url"", ""impact"": ""decreases phishing risk"", ""shap_value"": -0.4943224787712097, ""value"": 16.0}], ""model_status"": 0, ""url"": ""http://digiexplosur.com""}"
http://digiguid.com,clean,blocked by model,,,True,{},PHISHING,0,69.9379653930664,False,Qty Dot Domain=1.0 (increases phishing risk) | Qty Tld Url=3.0 (increases phishing risk) | Length Url=12.0 (decreases phishing risk),,"{""google_available"": true, ""google_flagged"": false, ""google_safe_browsing"": {}, ""model_confidence"": 69.9379653930664, ""model_prediction"": ""PHISHING"", ""model_reasoning"": [{""feature"": ""Qty Dot Domain"", ""impact"": ""increases phishing risk"", ""shap_value"": 0.9567753076553345, ""value"": 1.0}, {""feature"": ""Qty Tld Url"", ""impact"": ""increases phishing risk"", ""shap_value"": 0.6444292068481445, ""value"": 3.0}, {""feature"": ""Length Url"", ""impact"": ""decreases phishing risk"", ""shap_value"": -0.6247010827064514, ""value"": 12.0}], ""model_status"": 0, ""url"": ""http://digiguid.com""}"
http://digikala.us,clean,blocked by model,,,True,{},PHISHING,0,58.391021728515625,False,Qty Dot Domain=1.0 (increases phishing risk) | Length Url=11.0 (decreases phishing risk) | Qty Tld Url=2.0 (increases phishing risk),,"{""google_available"": true, ""google_flagged"": false, ""google_safe_browsing"": {}, ""model_confidence"": 58.391021728515625, ""model_prediction"": ""PHISHING"", ""model_reasoning"": [{""feature"": ""Qty Dot Domain"", ""impact"": ""increases phishing risk"", ""shap_value"": 0.9861131906509399, ""value"": 1.0}, {""feature"": ""Length Url"", ""impact"": ""decreases phishing risk"", ""shap_value"": -0.6443174481391907, ""value"": 11.0}, {""feature"": ""Qty Tld Url"", ""impact"": ""increases phishing risk"", ""shap_value"": 0.6354691982269287, ""value"": 2.0}], ""model_status"": 0, ""url"": ""http://digikala.us""}"
http://digikalmedia.com,clean,blocked by model,,,True,{},PHISHING,0,76.52008819580078,False,Qty Dot Domain=1.0 (increases phishing risk) | Length Url=16.0 (decreases phishing risk) | Qty Tld Url=3.0 (increases phishing risk),,"{""google_available"": true, ""google_flagged"": false, ""google_safe_browsing"": {}, ""model_confidence"": 76.52008819580078, ""model_prediction"": ""PHISHING"", ""model_reasoning"": [{""feature"": ""Qty Dot Domain"", ""impact"": ""increases phishing risk"", ""shap_value"": 0.9524769186973572, ""value"": 1.0}, {""feature"": ""Length Url"", ""impact"": ""decreases phishing risk"", ""shap_value"": -0.5223985910415649, ""value"": 16.0}, {""feature"": ""Qty Tld Url"", ""impact"": ""increases phishing risk"", ""shap_value"": 0.45531031489372253, ""value"": 3.0}], ""model_status"": 0, ""url"": ""http://digikalmedia.com""}"
http://digilas.click,clean,blocked by model,,,True,{},PHISHING,0,53.94972610473633,False,Qty Dot Domain=1.0 (increases phishing risk) | Qty Tld Url=5.0 (increases phishing risk),,"{""google_available"": true, ""google_flagged"": false, ""google_safe_browsing"": {}, ""model_confidence"": 53.94972610473633, ""model_prediction"": ""PHISHING"", ""model_reasoning"": [{""feature"": ""Qty Dot Domain"", ""impact"": ""increases phishing risk"", ""shap_value"": 0.9797619581222534, ""value"": 1.0}, {""feature"": ""Qty Tld Url"", ""impact"": ""increases phishing risk"", ""shap_value"": 0.6379356384277344, ""value"": 5.0}], ""model_status"": 0, ""url"": ""http://digilas.click""}"
http://digilead.co.in,clean,blocked by model,,,True,{},PHISHING,0,89.00762939453125,False,Qty Tld Url=2.0 (increases phishing risk) | Qty Dot Domain=2.0 (decreases phishing risk),,"{""google_available"": true, ""google_flagged"": false, ""google_safe_browsing"": {}, ""model_confidence"": 89.00762939453125, ""model_prediction"": ""PHISHING"", ""model_reasoning"": [{""feature"": ""Qty Tld Url"", ""impact"": ""increases phishing risk"", ""shap_value"": 0.368145614862442, ""value"": 2.0}, {""feature"": ""Qty Dot Domain"", ""impact"": ""decreases phishing risk"", ""shap_value"": -0.29480886459350586, ""value"": 2.0}], ""model_status"": 0, ""url"": ""http://digilead.co.in""}"
http://digilib.iailm.ac.id,clean,blocked by model,,,True,{},PHISHING,0,74.1464614868164,False,Qty Vowels Domain=8.0 (increases phishing risk) | Qty Tld Url=2.0 (increases phishing risk) | Qty Dot Domain=3.0 (decreases phishing risk),,"{""google_available"": true, ""google_flagged"": false, ""google_safe_browsing"": {}, ""model_confidence"": 74.1464614868164, ""model_prediction"": ""PHISHING"", ""model_reasoning"": [{""feature"": ""Qty Vowels Domain"", ""impact"": ""increases phishing risk"", ""shap_value"": 1.1733348369598389, ""value"": 8.0}, {""feature"": ""Qty Tld Url"", ""impact"": ""increases phishing risk"", ""shap_value"": 0.6264894604682922, ""value"": 2.0}, {""feature"": ""Qty Dot Domain"", ""impact"": ""decreases phishing risk"", ""shap_value"": -0.6043054461479187, ""value"": 3.0}], ""model_status"": 0, ""url"": ""http://digilib.iailm.ac.id""}"
http://digilib.ivet.ac.id,clean,blocked by model,,,True,{},PHISHING,0,96.89714050292969,False,Qty Dot Domain=3.0 (decreases phishing risk) | Length Url=18.0 (decreases phishing risk) | Qty Dot Url=3.0 (decreases phishing risk),,"{""google_available"": true, ""google_flagged"": false, ""google_safe_browsing"": {}, ""model_confidence"": 96.89714050292969, ""model_prediction"": ""PHISHING"", ""model_reasoning"": [{""feature"": ""Qty Dot Domain"", ""impact"": ""decreases phishing risk"", ""shap_value"": -0.8960662484169006, ""value"": 3.0}, {""feature"": ""Length Url"", ""impact"": ""decreases phishing risk"", ""shap_value"": -0.5285599827766418, ""value"": 18.0}, {""feature"": ""Qty Dot Url"", ""impact"": ""decreases phishing risk"", ""shap_value"": -0.3921605050563812, ""value"": 3.0}], ""model_status"": 0, ""url"": ""http://digilib.ivet.ac.id""}"
http://digilib.usm.ac.id,clean,blocked by model,,,True,{},PHISHING,0,98.62332916259766,False,Qty Dot Domain=3.0 (decreases phishing risk) | Length Url=17.0 (decreases phishing risk),,"{""google_available"": true, ""google_flagged"": false, ""google_safe_browsing"": {}, ""model_confidence"": 98.62332916259766, ""model_prediction"": ""PHISHING"", ""model_reasoning"": [{""feature"": ""Qty Dot Domain"", ""impact"": ""decreases phishing risk"", ""shap_value"": -0.9864823818206787, ""value"": 3.0}, {""feature"": ""Length Url"", ""impact"": ""decreases phishing risk"", ""shap_value"": -0.6958566308021545, ""value"": 17.0}], ""model_status"": 0, ""url"": ""http://digilib.usm.ac.id""}"
http://digilircinta.4pu.com,clean,blocked by model,,,True,{},PHISHING,0,85.1717529296875,False,Qty Tld Url=3.0 (increases phishing risk) | Qty Vowels Domain=7.0 (increases phishing risk),,"{""google_available"": true, ""google_flagged"": false, ""google_safe_browsing"": {}, ""model_confidence"": 85.1717529296875, ""model_prediction"": ""PHISHING"", ""model_reasoning"": [{""feature"": ""Qty Tld Url"", ""impact"": ""increases phishing risk"", ""shap_value"": 0.384175181388855, ""value"": 3.0}, {""feature"": ""Qty Vowels Domain"", ""impact"": ""increases phishing risk"", ""shap_value"": 0.30544424057006836, ""value"": 7.0}], ""model_status"": 0, ""url"": ""http://digilircinta.4pu.com""}"
http://digi.management,clean,blocked by model,,,True,{},PHISHING,0,67.64944458007812,False,Qty Dot Domain=1.0 (increases phishing risk) | Qty Tld Url=10.0 (increases phishing risk) | Length Url=15.0 (decreases phishing risk),,"{""google_available"": true, ""google_flagged"": false, ""google_safe_browsing"": {}, ""model_confidence"": 67.64944458007812, ""model_prediction"": ""PHISHING"", ""model_reasoning"": [{""feature"": ""Qty Dot Domain"", ""impact"": ""increases phishing risk"", ""shap_value"": 0.9262968897819519, ""value"": 1.0}, {""feature"": ""Qty Tld Url"", ""impact"": ""increases phishing risk"", ""shap_value"": 0.5170401334762573, ""value"": 10.0}, {""feature"": ""Length Url"", ""impact"": ""decreases phishing risk"", ""shap_value"": -0.4769231379032135, ""value"": 15.0}], ""model_status"": 0, ""url"": ""http://digi.management""}"
http://digimaria.com,clean,blocked by model,,,True,{},PHISHING,0,73.1749267578125,False,Qty Dot Domain=1.0 (increases phishing risk) | Qty Tld Url=3.0 (increases phishing risk) | Length Url=13.0 (decreases phishing risk),,"{""google_available"": true, ""google_flagged"": false, ""google_safe_browsing"": {}, ""model_confidence"": 73.1749267578125, ""model_prediction"": ""PHISHING"", ""model_reasoning"": [{""feature"": ""Qty Dot Domain"", ""impact"": ""increases phishing risk"", ""shap_value"": 0.8302644491195679, ""value"": 1.0}, {""feature"": ""Qty Tld Url"", ""impact"": ""increases phishing risk"", ""shap_value"": 0.6817729473114014, ""value"": 3.0}, {""feature"": ""Length Url"", ""impact"": ""decreases phishing risk"", ""shap_value"": -0.597364604473114, ""value"": 13.0}], ""model_status"": 0, ""url"": ""http://digimaria.com""}"
http://digimarket.in.th,clean,blocked by model,,,True,{},PHISHING,0,96.5495376586914,False,Length Url=16.0 (decreases phishing risk) | Qty Dot Domain=2.0 (decreases phishing risk) | Domain Length=16.0 (decreases phishing risk),,"{""google_available"": true, ""google_flagged"": false, ""google_safe_browsing"": {}, ""model_confidence"": 96.5495376586914, ""model_prediction"": ""PHISHING"", ""model_reasoning"": [{""feature"": ""Length Url"", ""impact"": ""decreases phishing risk"", ""shap_value"": -0.44996199011802673, ""value"": 16.0}, {""feature"": ""Qty Dot Domain"", ""impact"": ""decreases phishing risk"", ""shap_value"": -0.4252976179122925, ""value"": 2.0}, {""feature"": ""Domain Length"", ""impact"": ""decreases phishing risk"", ""shap_value"": -0.39296862483024597, ""value"": 16.0}], ""model_status"": 0, ""url"": ""http://digimarket.in.th""}"
http://digi-mijnteruggave2021.xyz,clean,allowed,,,True,{},Legitimate,1,62.91647720336914,False,Qty Dot Domain=1.0 (increases phishing risk) | Qty Hyphen Url=1.0 (increases phishing risk) | Qty Tld Url=3.0 (increases phishing risk),,"{""google_available"": true, ""google_flagged"": false, ""google_safe_browsing"": {}, ""model_confidence"": 62.91647720336914, ""model_prediction"": ""Legitimate"", ""model_reasoning"": [{""feature"": ""Qty Dot Domain"", ""impact"": ""increases phishing risk"", ""shap_value"": 0.9604349732398987, ""value"": 1.0}, {""feature"": ""Qty Hyphen Url"", ""impact"": ""increases phishing risk"", ""shap_value"": 0.5497338175773621, ""value"": 1.0}, {""feature"": ""Qty Tld Url"", ""impact"": ""increases phishing risk"", ""shap_value"": 0.5363401174545288, ""value"": 3.0}], ""model_status"": 1, ""url"": ""http://digi-mijnteruggave2021.xyz""}"
http://digimoko.com,clean,blocked by model,,,True,{},PHISHING,0,69.9379653930664,False,Qty Dot Domain=1.0 (increases phishing risk) | Qty Tld Url=3.0 (increases phishing risk) | Length Url=12.0 (decreases phishing risk),,"{""google_available"": true, ""google_flagged"": false, ""google_safe_browsing"": {}, ""model_confidence"": 69.9379653930664, ""model_prediction"": ""PHISHING"", ""model_reasoning"": [{""feature"": ""Qty Dot Domain"", ""impact"": ""increases phishing risk"", ""shap_value"": 0.9567753076553345, ""value"": 1.0}, {""feature"": ""Qty Tld Url"", ""impact"": ""increases phishing risk"", ""shap_value"": 0.6444292068481445, ""value"": 3.0}, {""feature"": ""Length Url"", ""impact"": ""decreases phishing risk"", ""shap_value"": -0.6247010827064514, ""value"": 12.0}], ""model_status"": 0, ""url"": ""http://digimoko.com""}"
http://digimusicard.com,clean,blocked by model,,,True,{},PHISHING,0,74.80116271972656,False,Qty Dot Domain=1.0 (increases phishing risk) | Length Url=16.0 (decreases phishing risk),,"{""google_available"": true, ""google_flagged"": false, ""google_safe_browsing"": {}, ""model_confidence"": 74.80116271972656, ""model_prediction"": ""PHISHING"", ""model_reasoning"": [{""feature"": ""Qty Dot Domain"", ""impact"": ""increases phishing risk"", ""shap_value"": 0.952678918838501, ""value"": 1.0}, {""feature"": ""Length Url"", ""impact"": ""decreases phishing risk"", ""shap_value"": -0.4943224787712097, ""value"": 16.0}], ""model_status"": 0, ""url"": ""http://digimusicard.com""}"
http://diginexzen.com,clean,blocked by model,,,True,{},PHISHING,0,59.677757263183594,False,Qty Dot Domain=1.0 (increases phishing risk) | Qty Tld Url=3.0 (increases phishing risk),,"{""google_available"": true, ""google_flagged"": false, ""google_safe_browsing"": {}, ""model_confidence"": 59.677757263183594, ""model_prediction"": ""PHISHING"", ""model_reasoning"": [{""feature"": ""Qty Dot Domain"", ""impact"": ""increases phishing risk"", ""shap_value"": 0.9897260665893555, ""value"": 1.0}, {""feature"": ""Qty Tld Url"", ""impact"": ""increases phishing risk"", ""shap_value"": 0.44281312823295593, ""value"": 3.0}], ""model_status"": 0, ""url"": ""http://diginexzen.com""}"
http://diginlonline.me,clean,blocked by model,,,True,{},PHISHING,0,67.64944458007812,False,Qty Dot Domain=1.0 (increases phishing risk) | Qty Tld Url=2.0 (increases phishing risk) | Length Url=15.0 (decreases phishing risk),,"{""google_available"": true, ""google_flagged"": false, ""google_safe_browsing"": {}, ""model_confidence"": 67.64944458007812, ""model_prediction"": ""PHISHING"", ""model_reasoning"": [{""feature"": ""Qty Dot Domain"", ""impact"": ""increases phishing risk"", ""shap_value"": 0.9262968897819519, ""value"": 1.0}, {""feature"": ""Qty Tld Url"", ""impact"": ""increases phishing risk"", ""shap_value"": 0.5170401334762573, ""value"": 2.0}, {""feature"": ""Length Url"", ""impact"": ""decreases phishing risk"", ""shap_value"": -0.4769231379032135, ""value"": 15.0}], ""model_status"": 0, ""url"": ""http://diginlonline.me""}"
http://digi-pay.icu,clean,blocked by model,,,True,{},PHISHING,0,65.385498046875,False,Qty Dot Domain=1.0 (increases phishing risk) | Length Url=12.0 (decreases phishing risk) | Qty Tld Url=3.0 (increases phishing risk),,"{""google_available"": true, ""google_flagged"": false, ""google_safe_browsing"": {}, ""model_confidence"": 65.385498046875, ""model_prediction"": ""PHISHING"", ""model_reasoning"": [{""feature"": ""Qty Dot Domain"", ""impact"": ""increases phishing risk"", ""shap_value"": 0.9536113142967224, ""value"": 1.0}, {""feature"": ""Length Url"", ""impact"": ""decreases phishing risk"", ""shap_value"": -0.8438496589660645, ""value"": 12.0}, {""feature"": ""Qty Tld Url"", ""impact"": ""increases phishing risk"", ""shap_value"": 0.5891164541244507, ""value"": 3.0}], ""model_status"": 0, ""url"": ""http://digi-pay.icu""}"
http://digiplify.com,clean,blocked by model,,,True,{},PHISHING,0,53.94972610473633,False,Qty Dot Domain=1.0 (increases phishing risk) | Qty Tld Url=3.0 (increases phishing risk),,"{""google_available"": true, ""google_flagged"": false, ""google_safe_browsing"": {}, ""model_confidence"": 53.94972610473633, ""model_prediction"": ""PHISHING"", ""model_reasoning"": [{""feature"": ""Qty Dot Domain"", ""impact"": ""increases phishing risk"", ""shap_value"": 0.9797619581222534, ""value"": 1.0}, {""feature"": ""Qty Tld Url"", ""impact"": ""increases phishing risk"", ""shap_value"": 0.6379356384277344, ""value"": 3.0}], ""model_status"": 0, ""url"": ""http://digiplify.com""}"
http://digipoison.com,clean,blocked by model,,,True,{},PHISHING,0,65.59647369384766,False,Qty Dot Domain=1.0 (increases phishing risk) | Qty Tld Url=3.0 (increases phishing risk),,"{""google_available"": true, ""google_flagged"": false, ""google_safe_browsing"": {}, ""model_confidence"": 65.59647369384766, ""model_prediction"": ""PHISHING"", ""model_reasoning"": [{""feature"": ""Qty Dot Domain"", ""impact"": ""increases phishing risk"", ""shap_value"": 0.8950865864753723, ""value"": 1.0}, {""feature"": ""Qty Tld Url"", ""impact"": ""increases phishing risk"", ""shap_value"": 0.4784238338470459, ""value"": 3.0}], ""model_status"": 0, ""url"": ""http://digipoison.com""}"
http://digiprobeindonesia.com,clean,allowed,,,True,{},Legitimate,1,57.56461715698242,False,Qty Vowels Domain=10.0 (increases phishing risk) | Qty Tld Url=3.0 (increases phishing risk),,"{""google_available"": true, ""google_flagged"": false, ""google_safe_browsing"": {}, ""model_confidence"": 57.56461715698242, ""model_prediction"": ""Legitimate"", ""model_reasoning"": [{""feature"": ""Qty Vowels Domain"", ""impact"": ""increases phishing risk"", ""shap_value"": 1.0917645692825317, ""value"": 10.0}, {""feature"": ""Qty Tld Url"", ""impact"": ""increases phishing risk"", ""shap_value"": 0.606484591960907, ""value"": 3.0}], ""model_status"": 1, ""url"": ""http://digiprobeindonesia.com""}"
http://digiproduct.co.in,clean,blocked by model,,,True,{},PHISHING,0,95.26945495605469,False,Length Url=17.0 (decreases phishing risk) | Qty Dot Domain=2.0 (decreases phishing risk),,"{""google_available"": true, ""google_flagged"": false, ""google_safe_browsing"": {}, ""model_confidence"": 95.26945495605469, ""model_prediction"": ""PHISHING"", ""model_reasoning"": [{""feature"": ""Length Url"", ""impact"": ""decreases phishing risk"", ""shap_value"": -0.5113216042518616, ""value"": 17.0}, {""feature"": ""Qty Dot Domain"", ""impact"": ""decreases phishing risk"", ""shap_value"": -0.3907434046268463, ""value"": 2.0}], ""model_status"": 0, ""url"": ""http://digiproduct.co.in""}"
http://digipulso.com.br,clean,blocked by model,,,True,{},PHISHING,0,96.5495376586914,False,Length Url=16.0 (decreases phishing risk) | Qty Dot Domain=2.0 (decreases phishing risk) | Domain Length=16.0 (decreases phishing risk),,"{""google_available"": true, ""google_flagged"": false, ""google_safe_browsing"": {}, ""model_confidence"": 96.5495376586914, ""model_prediction"": ""PHISHING"", ""model_reasoning"": [{""feature"": ""Length Url"", ""impact"": ""decreases phishing risk"", ""shap_value"": -0.44996199011802673, ""value"": 16.0}, {""feature"": ""Qty Dot Domain"", ""impact"": ""decreases phishing risk"", ""shap_value"": -0.4252976179122925, ""value"": 2.0}, {""feature"": ""Domain Length"", ""impact"": ""decreases phishing risk"", ""shap_value"": -0.39296862483024597, ""value"": 16.0}], ""model_status"": 0, ""url"": ""http://digipulso.com.br""}"
http://digiredir-bdc-lif.pages.dev,clean,allowed,,,True,{},Legitimate,1,69.355224609375,False,Qty Tld Url=3.0 (increases phishing risk) | Qty Vowels Domain=8.0 (increases phishing risk) | Domain Length=27.0 (increases phishing risk),,"{""google_available"": true, ""google_flagged"": false, ""google_safe_browsing"": {}, ""model_confidence"": 69.355224609375, ""model_prediction"": ""Legitimate"", ""model_reasoning"": [{""feature"": ""Qty Tld Url"", ""impact"": ""increases phishing risk"", ""shap_value"": 1.2154608964920044, ""value"": 3.0}, {""feature"": ""Qty Vowels Domain"", ""impact"": ""increases phishing risk"", ""shap_value"": 0.5775755643844604, ""value"": 8.0}, {""feature"": ""Domain Length"", ""impact"": ""increases phishing risk"", ""shap_value"": 0.30567625164985657, ""value"": 27.0}], ""model_status"": 1, ""url"": ""http://digiredir-bdc-lif.pages.dev""}"
http://digisails.org,clean,blocked by model,,,True,{},PHISHING,0,59.02406692504883,False,Qty Dot Domain=1.0 (increases phishing risk) | Qty Tld Url=3.0 (increases phishing risk),,"{""google_available"": true, ""google_flagged"": false, ""google_safe_browsing"": {}, ""model_confidence"": 59.02406692504883, ""model_prediction"": ""PHISHING"", ""model_reasoning"": [{""feature"": ""Qty Dot Domain"", ""impact"": ""increases phishing risk"", ""shap_value"": 0.9448511004447937, ""value"": 1.0}, {""feature"": ""Qty Tld Url"", ""impact"": ""increases phishing risk"", ""shap_value"": 0.638353705406189, ""value"": 3.0}], ""model_status"": 0, ""url"": ""http://digisails.org""}"
http://digisapphire.com,flagged,blocked by Google Safe Browsing,,,True,"{""matches"": [{""cacheDuration"": ""300s"", ""platformType"": ""ANY_PLATFORM"", ""threat"": {""url"": ""http://digisapphire.com""}, ""threatEntryType"": ""URL"", ""threatType"": ""SOCIAL_ENGINEERING""}]}",PHISHING,0,100.0,True,Flagged by Google Safe Browsing.,,"{""google_available"": true, ""google_flagged"": true, ""google_safe_browsing"": {""matches"": [{""cacheDuration"": ""300s"", ""platformType"": ""ANY_PLATFORM"", ""threat"": {""url"": ""http://digisapphire.com""}, ""threatEntryType"": ""URL"", ""threatType"": ""SOCIAL_ENGINEERING""}]}, ""model_confidence"": 100.0, ""model_prediction"": ""PHISHING"", ""model_reasoning"": [""Flagged by Google Safe Browsing.""], ""model_status"": 0, ""url"": ""http://digisapphire.com""}"
http://digisat.cloudaccess.host,clean,allowed,,,True,{},Legitimate,1,53.13538360595703,False,Qty Vowels Domain=8.0 (increases phishing risk) | Qty Tld Url=4.0 (increases phishing risk),,"{""google_available"": true, ""google_flagged"": false, ""google_safe_browsing"": {}, ""model_confidence"": 53.13538360595703, ""model_prediction"": ""Legitimate"", ""model_reasoning"": [{""feature"": ""Qty Vowels Domain"", ""impact"": ""increases phishing risk"", ""shap_value"": 0.9771952629089355, ""value"": 8.0}, {""feature"": ""Qty Tld Url"", ""impact"": ""increases phishing risk"", ""shap_value"": 0.7947012186050415, ""value"": 4.0}], ""model_status"": 1, ""url"": ""http://digisat.cloudaccess.host""}"
http://digishock.vercel.app,flagged,blocked by Google Safe Browsing,,,True,"{""matches"": [{""cacheDuration"": ""300s"", ""platformType"": ""ANY_PLATFORM"", ""threat"": {""url"": ""http://digishock.vercel.app""}, ""threatEntryType"": ""URL"", ""threatType"": ""SOCIAL_ENGINEERING""}]}",PHISHING,0,100.0,True,Flagged by Google Safe Browsing.,,"{""google_available"": true, ""google_flagged"": true, ""google_safe_browsing"": {""matches"": [{""cacheDuration"": ""300s"", ""platformType"": ""ANY_PLATFORM"", ""threat"": {""url"": ""http://digishock.vercel.app""}, ""threatEntryType"": ""URL"", ""threatType"": ""SOCIAL_ENGINEERING""}]}, ""model_confidence"": 100.0, ""model_prediction"": ""PHISHING"", ""model_reasoning"": [""Flagged by Google Safe Browsing.""], ""model_status"": 0, ""url"": ""http://digishock.vercel.app""}"
http://digital-0.weebly.com,clean,blocked by model,,,True,{},PHISHING,0,88.79092407226562,False,Length Url=20.0 (decreases phishing risk) | Qty Hyphen Url=1.0 (increases phishing risk),,"{""google_available"": true, ""google_flagged"": false, ""google_safe_browsing"": {}, ""model_confidence"": 88.79092407226562, ""model_prediction"": ""PHISHING"", ""model_reasoning"": [{""feature"": ""Length Url"", ""impact"": ""decreases phishing risk"", ""shap_value"": -0.44153913855552673, ""value"": 20.0}, {""feature"": ""Qty Hyphen Url"", ""impact"": ""increases phishing risk"", ""shap_value"": 0.3897843062877655, ""value"": 1.0}], ""model_status"": 0, ""url"": ""http://digital-0.weebly.com""}"
http://digital365online-alert.com,clean,blocked by model,,,True,{},PHISHING,0,67.3035888671875,False,Qty Tld Url=3.0 (increases phishing risk) | Qty Dot Domain=1.0 (increases phishing risk),,"{""google_available"": true, ""google_flagged"": false, ""google_safe_browsing"": {}, ""model_confidence"": 67.3035888671875, ""model_prediction"": ""PHISHING"", ""model_reasoning"": [{""feature"": ""Qty Tld Url"", ""impact"": ""increases phishing risk"", ""shap_value"": 0.6925374269485474, ""value"": 3.0}, {""feature"": ""Qty Dot Domain"", ""impact"": ""increases phishing risk"", ""shap_value"": 0.5265887975692749, ""value"": 1.0}], ""model_status"": 0, ""url"": ""http://digital365online-alert.com""}"
http://digital365online.com,clean,blocked by model,,,True,{},PHISHING,0,68.72795867919922,False,Qty Dot Domain=1.0 (increases phishing risk) | Qty Tld Url=3.0 (increases phishing risk),,"{""google_available"": true, ""google_flagged"": false, ""google_safe_browsing"": {}, ""model_confidence"": 68.72795867919922, ""model_prediction"": ""PHISHING"", ""model_reasoning"": [{""feature"": ""Qty Dot Domain"", ""impact"": ""increases phishing risk"", ""shap_value"": 0.8318532705307007, ""value"": 1.0}, {""feature"": ""Qty Tld Url"", ""impact"": ""increases phishing risk"", ""shap_value"": 0.48812755942344666, ""value"": 3.0}], ""model_status"": 0, ""url"": ""http://digital365online.com""}"
http://digital365onlinemobile.com,clean,blocked by model,,,True,{},PHISHING,0,54.558902740478516,False,Qty Tld Url=3.0 (increases phishing risk) | Qty Vowels Domain=10.0 (increases phishing risk),,"{""google_available"": true, ""google_flagged"": false, ""google_safe_browsing"": {}, ""model_confidence"": 54.558902740478516, ""model_prediction"": ""PHISHING"", ""model_reasoning"": [{""feature"": ""Qty Tld Url"", ""impact"": ""increases phishing risk"", ""shap_value"": 0.7747527956962585, ""value"": 3.0}, {""feature"": ""Qty Vowels Domain"", ""impact"": ""increases phishing risk"", ""shap_value"": 0.3942217230796814, ""value"": 10.0}], ""model_status"": 0, ""url"": ""http://digital365onlinemobile.com""}"
http://digital-3rivers-sevrce.pages.dev,clean,allowed,,,True,{},Legitimate,1,80.69261169433594,False,Qty Tld Url=3.0 (increases phishing risk) | Qty Hyphen Url=2.0 (increases phishing risk) | Length Url=32.0 (increases phishing risk),,"{""google_available"": true, ""google_flagged"": false, ""google_safe_browsing"": {}, ""model_confidence"": 80.69261169433594, ""model_prediction"": ""Legitimate"", ""model_reasoning"": [{""feature"": ""Qty Tld Url"", ""impact"": ""increases phishing risk"", ""shap_value"": 1.2221580743789673, ""value"": 3.0}, {""feature"": ""Qty Hyphen Url"", ""impact"": ""increases phishing risk"", ""shap_value"": 0.5687097311019897, ""value"": 2.0}, {""feature"": ""Length Url"", ""impact"": ""increases phishing risk"", ""shap_value"": 0.5269039273262024, ""value"": 32.0}], ""model_status"": 1, ""url"": ""http://digital-3rivers-sevrce.pages.dev""}"
http://digital4africa.online,clean,blocked by model,,,True,{},PHISHING,0,64.34817504882812,False,Qty Tld Url=6.0 (increases phishing risk) | Qty Dot Domain=1.0 (increases phishing risk),,"{""google_available"": true, ""google_flagged"": false, ""google_safe_browsing"": {}, ""model_confidence"": 64.34817504882812, ""model_prediction"": ""PHISHING"", ""model_reasoning"": [{""feature"": ""Qty Tld Url"", ""impact"": ""increases phishing risk"", ""shap_value"": 0.5958523750305176, ""value"": 6.0}, {""feature"": ""Qty Dot Domain"", ""impact"": ""increases phishing risk"", ""shap_value"": 0.5174410343170166, ""value"": 1.0}], ""model_status"": 0, ""url"": ""http://digital4africa.online""}"
http://digitalaccessmail-com.umbler.net,clean,allowed,,,True,{},Legitimate,1,93.44538116455078,False,Qty Tld Url=3.0 (increases phishing risk) | Length Url=32.0 (increases phishing risk) | Qty Vowels Domain=11.0 (increases phishing risk),,"{""google_available"": true, ""google_flagged"": false, ""google_safe_browsing"": {}, ""model_confidence"": 93.44538116455078, ""model_prediction"": ""Legitimate"", ""model_reasoning"": [{""feature"": ""Qty Tld Url"", ""impact"": ""increases phishing risk"", ""shap_value"": 1.395656943321228, ""value"": 3.0}, {""feature"": ""Length Url"", ""impact"": ""increases phishing risk"", ""shap_value"": 0.7878702282905579, ""value"": 32.0}, {""feature"": ""Qty Vowels Domain"", ""impact"": ""increases phishing risk"", ""shap_value"": 0.7098656892776489, ""value"": 11.0}], ""model_status"": 1, ""url"": ""http://digitalaccessmail-com.umbler.net""}"
http://digitalaccessoriesltd.co.ke,clean,allowed,,,True,{},Legitimate,1,81.5338363647461,False,Qty Tld Url=2.0 (increases phishing risk) | Qty Vowels Domain=10.0 (increases phishing risk) | Domain Length=27.0 (increases phishing risk),,"{""google_available"": true, ""google_flagged"": false, ""google_safe_browsing"": {}, ""model_confidence"": 81.5338363647461, ""model_prediction"": ""Legitimate"", ""model_reasoning"": [{""feature"": ""Qty Tld Url"", ""impact"": ""increases phishing risk"", ""shap_value"": 1.4324146509170532, ""value"": 2.0}, {""feature"": ""Qty Vowels Domain"", ""impact"": ""increases phishing risk"", ""shap_value"": 0.9022544622421265, ""value"": 10.0}, {""feature"": ""Domain Length"", ""impact"": ""increases phishing risk"", ""shap_value"": 0.3382517099380493, ""value"": 27.0}], ""model_status"": 1, ""url"": ""http://digitalaccessoriesltd.co.ke""}"
http://digital.active-restrict.com,clean,allowed,,,True,{},Legitimate,1,77.5799789428711,False,Qty Tld Url=3.0 (increases phishing risk) | Qty Vowels Domain=9.0 (increases phishing risk) | Domain Length=27.0 (increases phishing risk),,"{""google_available"": true, ""google_flagged"": false, ""google_safe_browsing"": {}, ""model_confidence"": 77.5799789428711, ""model_prediction"": ""Legitimate"", ""model_reasoning"": [{""feature"": ""Qty Tld Url"", ""impact"": ""increases phishing risk"", ""shap_value"": 1.2937382459640503, ""value"": 3.0}, {""feature"": ""Qty Vowels Domain"", ""impact"": ""increases phishing risk"", ""shap_value"": 0.43882742524147034, ""value"": 9.0}, {""feature"": ""Domain Length"", ""impact"": ""increases phishing risk"", ""shap_value"": 0.3723379373550415, ""value"": 27.0}], ""model_status"": 1, ""url"": ""http://digital.active-restrict.com""}"
http://digitaladassistance.vercel.app,clean,allowed,,,True,{},Legitimate,1,89.44578552246094,False,Qty Tld Url=3.0 (increases phishing risk) | Qty Vowels Domain=11.0 (increases phishing risk) | Domain Length=30.0 (increases phishing risk),,"{""google_available"": true, ""google_flagged"": false, ""google_safe_browsing"": {}, ""model_confidence"": 89.44578552246094, ""model_prediction"": ""Legitimate"", ""model_reasoning"": [{""feature"": ""Qty Tld Url"", ""impact"": ""increases phishing risk"", ""shap_value"": 1.7089005708694458, ""value"": 3.0}, {""feature"": ""Qty Vowels Domain"", ""impact"": ""increases phishing risk"", ""shap_value"": 0.9227170348167419, ""value"": 11.0}, {""feature"": ""Domain Length"", ""impact"": ""increases phishing risk"", ""shap_value"": 0.42584696412086487, ""value"": 30.0}], ""model_status"": 1, ""url"": ""http://digitaladassistance.vercel.app""}"
http://digitalandroidapk.thats.im,clean,allowed,,,True,{},Legitimate,1,50.782257080078125,False,Qty Tld Url=2.0 (increases phishing risk) | Domain Length=26.0 (increases phishing risk),,"{""google_available"": true, ""google_flagged"": false, ""google_safe_browsing"": {}, ""model_confidence"": 50.782257080078125, ""model_prediction"": ""Legitimate"", ""model_reasoning"": [{""feature"": ""Qty Tld Url"", ""impact"": ""increases phishing risk"", ""shap_value"": 1.129949927330017, ""value"": 2.0}, {""feature"": ""Domain Length"", ""impact"": ""increases phishing risk"", ""shap_value"": 0.2446901798248291, ""value"": 26.0}], ""model_status"": 1, ""url"": ""http://digitalandroidapk.thats.im""}"
http://digitalankush.com,clean,blocked by model,,,True,{},PHISHING,0,59.04195785522461,False,Qty Dot Domain=1.0 (increases phishing risk) | Qty Tld Url=3.0 (increases phishing risk),,"{""google_available"": true, ""google_flagged"": false, ""google_safe_browsing"": {}, ""model_confidence"": 59.04195785522461, ""model_prediction"": ""PHISHING"", ""model_reasoning"": [{""feature"": ""Qty Dot Domain"", ""impact"": ""increases phishing risk"", ""shap_value"": 1.0890852212905884, ""value"": 1.0}, {""feature"": ""Qty Tld Url"", ""impact"": ""increases phishing risk"", ""shap_value"": 0.34279024600982666, ""value"": 3.0}], ""model_status"": 0, ""url"": ""http://digitalankush.com""}"
http://digital.anz.co.nz.secure1.betmoon10.com,clean,allowed,,,True,{},Legitimate,1,73.64555358886719,False,Qty Tld Url=3.0 (increases phishing risk) | Domain Length=39.0 (increases phishing risk) | Qty Vowels Domain=12.0 (increases phishing risk),,"{""google_available"": true, ""google_flagged"": false, ""google_safe_browsing"": {}, ""model_confidence"": 73.64555358886719, ""model_prediction"": ""Legitimate"", ""model_reasoning"": [{""feature"": ""Qty Tld Url"", ""impact"": ""increases phishing risk"", ""shap_value"": 0.9627490043640137, ""value"": 3.0}, {""feature"": ""Domain Length"", ""impact"": ""increases phishing risk"", ""shap_value"": 0.8265296816825867, ""value"": 39.0}, {""feature"": ""Qty Vowels Domain"", ""impact"": ""increases phishing risk"", ""shap_value"": 0.7506647706031799, ""value"": 12.0}], ""model_status"": 1, ""url"": ""http://digital.anz.co.nz.secure1.betmoon10.com""}"
http://digitalapps-navyfederal-org-0128ef.gitlab.io,clean,allowed,,,True,{},Legitimate,1,65.44645690917969,False,Length Url=44.0 (increases phishing risk) | Qty Tld Url=2.0 (increases phishing risk) | Domain Length=44.0 (increases phishing risk),,"{""google_available"": true, ""google_flagged"": false, ""google_safe_browsing"": {}, ""model_confidence"": 65.44645690917969, ""model_prediction"": ""Legitimate"", ""model_reasoning"": [{""feature"": ""Length Url"", ""impact"": ""increases phishing risk"", ""shap_value"": 0.9375106692314148, ""value"": 44.0}, {""feature"": ""Qty Tld Url"", ""impact"": ""increases phishing risk"", ""shap_value"": 0.7526535391807556, ""value"": 2.0}, {""feature"": ""Domain Length"", ""impact"": ""increases phishing risk"", ""shap_value"": 0.5818185806274414, ""value"": 44.0}], ""model_status"": 1, ""url"": ""http://digitalapps-navyfederal-org-0128ef.gitlab.io""}"
http://digitalapps.navyfedscu.workers.dev,flagged,blocked by Google Safe Browsing,,,True,"{""matches"": [{""cacheDuration"": ""300s"", ""platformType"": ""ANY_PLATFORM"", ""threat"": {""url"": ""http://digitalapps.navyfedscu.workers.dev""}, ""threatEntryType"": ""URL"", ""threatType"": ""SOCIAL_ENGINEERING""}]}",PHISHING,0,100.0,True,Flagged by Google Safe Browsing.,,"{""google_available"": true, ""google_flagged"": true, ""google_safe_browsing"": {""matches"": [{""cacheDuration"": ""300s"", ""platformType"": ""ANY_PLATFORM"", ""threat"": {""url"": ""http://digitalapps.navyfedscu.workers.dev""}, ""threatEntryType"": ""URL"", ""threatType"": ""SOCIAL_ENGINEERING""}]}, ""model_confidence"": 100.0, ""model_prediction"": ""PHISHING"", ""model_reasoning"": [""Flagged by Google Safe Browsing.""], ""model_status"": 0, ""url"": ""http://digitalapps.navyfedscu.workers.dev""}"
http://digital.app-user.com,clean,blocked by model,,,True,{},PHISHING,0,70.88652801513672,False,Qty Hyphen Url=1.0 (increases phishing risk) | Qty Vowels Domain=7.0 (increases phishing risk),,"{""google_available"": true, ""google_flagged"": false, ""google_safe_browsing"": {}, ""model_confidence"": 70.88652801513672, ""model_prediction"": ""PHISHING"", ""model_reasoning"": [{""feature"": ""Qty Hyphen Url"", ""impact"": ""increases phishing risk"", ""shap_value"": 0.5080072283744812, ""value"": 1.0}, {""feature"": ""Qty Vowels Domain"", ""impact"": ""increases phishing risk"", ""shap_value"": 0.3804113566875458, ""value"": 7.0}], ""model_status"": 0, ""url"": ""http://digital.app-user.com""}"
http://digitalapss.in,clean,blocked by model,,,True,{},PHISHING,0,59.677757263183594,False,Qty Dot Domain=1.0 (increases phishing risk) | Qty Tld Url=2.0 (increases phishing risk),,"{""google_available"": true, ""google_flagged"": false, ""google_safe_browsing"": {}, ""model_confidence"": 59.677757263183594, ""model_prediction"": ""PHISHING"", ""model_reasoning"": [{""feature"": ""Qty Dot Domain"", ""impact"": ""increases phishing risk"", ""shap_value"": 0.9897260665893555, ""value"": 1.0}, {""feature"": ""Qty Tld Url"", ""impact"": ""increases phishing risk"", ""shap_value"": 0.44281312823295593, ""value"": 2.0}], ""model_status"": 0, ""url"": ""http://digitalapss.in""}"
http://digitalari.org,clean,blocked by model,,,True,{},PHISHING,0,65.59647369384766,False,Qty Dot Domain=1.0 (increases phishing risk) | Qty Tld Url=3.0 (increases phishing risk),,"{""google_available"": true, ""google_flagged"": false, ""google_safe_browsing"": {}, ""model_confidence"": 65.59647369384766, ""model_prediction"": ""PHISHING"", ""model_reasoning"": [{""feature"": ""Qty Dot Domain"", ""impact"": ""increases phishing risk"", ""shap_value"": 0.8950865864753723, ""value"": 1.0}, {""feature"": ""Qty Tld Url"", ""impact"": ""increases phishing risk"", ""shap_value"": 0.4784238338470459, ""value"": 3.0}], ""model_status"": 0, ""url"": ""http://digitalari.org""}"
http://digitalartscontest.pages.dev,clean,allowed,,,True,{},Legitimate,1,70.29801177978516,False,Qty Tld Url=3.0 (increases phishing risk) | Qty Vowels Domain=9.0 (increases phishing risk) | Domain Length=28.0 (increases phishing risk),,"{""google_available"": true, ""google_flagged"": false, ""google_safe_browsing"": {}, ""model_confidence"": 70.29801177978516, ""model_prediction"": ""Legitimate"", ""model_reasoning"": [{""feature"": ""Qty Tld Url"", ""impact"": ""increases phishing risk"", ""shap_value"": 1.408170223236084, ""value"": 3.0}, {""feature"": ""Qty Vowels Domain"", ""impact"": ""increases phishing risk"", ""shap_value"": 0.3432319462299347, ""value"": 9.0}, {""feature"": ""Domain Length"", ""impact"": ""increases phishing risk"", ""shap_value"": 0.32861629128456116, ""value"": 28.0}], ""model_status"": 1, ""url"": ""http://digitalartscontest.pages.dev""}"
http://digitalartstuv.tk,clean,blocked by model,,,True,{},PHISHING,0,60.64023971557617,False,Qty Dot Domain=1.0 (increases phishing risk) | Length Url=17.0 (decreases phishing risk),,"{""google_available"": true, ""google_flagged"": false, ""google_safe_browsing"": {}, ""model_confidence"": 60.64023971557617, ""model_prediction"": ""PHISHING"", ""model_reasoning"": [{""feature"": ""Qty Dot Domain"", ""impact"": ""increases phishing risk"", ""shap_value"": 1.2164071798324585, ""value"": 1.0}, {""feature"": ""Length Url"", ""impact"": ""decreases phishing risk"", ""shap_value"": -0.3052317798137665, ""value"": 17.0}], ""model_status"": 0, ""url"": ""http://digitalartstuv.tk""}"
http://digital.arundelschool.net,clean,blocked by model,,,True,{},PHISHING,0,64.16634368896484,False,Qty Tld Url=3.0 (increases phishing risk) | Qty Vowels Domain=9.0 (increases phishing risk),,"{""google_available"": true, ""google_flagged"": false, ""google_safe_browsing"": {}, ""model_confidence"": 64.16634368896484, ""model_prediction"": ""PHISHING"", ""model_reasoning"": [{""feature"": ""Qty Tld Url"", ""impact"": ""increases phishing risk"", ""shap_value"": 1.0020475387573242, ""value"": 3.0}, {""feature"": ""Qty Vowels Domain"", ""impact"": ""increases phishing risk"", ""shap_value"": 0.34069007635116577, ""value"": 9.0}], ""model_status"": 0, ""url"": ""http://digital.arundelschool.net""}"
http://digitalassets-8rr.pages.dev,flagged,blocked by Google Safe Browsing,,,True,"{""matches"": [{""cacheDuration"": ""300s"", ""platformType"": ""ANY_PLATFORM"", ""threat"": {""url"": ""http://digitalassets-8rr.pages.dev""}, ""threatEntryType"": ""URL"", ""threatType"": ""SOCIAL_ENGINEERING""}]}",PHISHING,0,100.0,True,Flagged by Google Safe Browsing.,,"{""google_available"": true, ""google_flagged"": true, ""google_safe_browsing"": {""matches"": [{""cacheDuration"": ""300s"", ""platformType"": ""ANY_PLATFORM"", ""threat"": {""url"": ""http://digitalassets-8rr.pages.dev""}, ""threatEntryType"": ""URL"", ""threatType"": ""SOCIAL_ENGINEERING""}]}, ""model_confidence"": 100.0, ""model_prediction"": ""PHISHING"", ""model_reasoning"": [""Flagged by Google Safe Browsing.""], ""model_status"": 0, ""url"": ""http://digitalassets-8rr.pages.dev""}"
http://digitalathsala.000webhostapp.com,clean,allowed,,,True,{},Legitimate,1,66.9366226196289,False,Qty Tld Url=3.0 (increases phishing risk) | Qty Vowels Domain=10.0 (increases phishing risk) | Length Url=32.0 (increases phishing risk),,"{""google_available"": true, ""google_flagged"": false, ""google_safe_browsing"": {}, ""model_confidence"": 66.9366226196289, ""model_prediction"": ""Legitimate"", ""model_reasoning"": [{""feature"": ""Qty Tld Url"", ""impact"": ""increases phishing risk"", ""shap_value"": 1.4371885061264038, ""value"": 3.0}, {""feature"": ""Qty Vowels Domain"", ""impact"": ""increases phishing risk"", ""shap_value"": 0.5869303345680237, ""value"": 10.0}, {""feature"": ""Length Url"", ""impact"": ""increases phishing risk"", ""shap_value"": 0.3345087170600891, ""value"": 32.0}], ""model_status"": 1, ""url"": ""http://digitalathsala.000webhostapp.com""}"
http://digitalaziz.com,clean,blocked by model,,,True,{},PHISHING,0,67.64944458007812,False,Qty Dot Domain=1.0 (increases phishing risk) | Qty Tld Url=3.0 (increases phishing risk) | Length Url=15.0 (decreases phishing risk),,"{""google_available"": true, ""google_flagged"": false, ""google_safe_browsing"": {}, ""model_confidence"": 67.64944458007812, ""model_prediction"": ""PHISHING"", ""model_reasoning"": [{""feature"": ""Qty Dot Domain"", ""impact"": ""increases phishing risk"", ""shap_value"": 0.9262968897819519, ""value"": 1.0}, {""feature"": ""Qty Tld Url"", ""impact"": ""increases phishing risk"", ""shap_value"": 0.5170401334762573, ""value"": 3.0}, {""feature"": ""Length Url"", ""impact"": ""decreases phishing risk"", ""shap_value"": -0.4769231379032135, ""value"": 15.0}], ""model_status"": 0, ""url"": ""http://digitalaziz.com""}"
http://digitalbanking-accounts-support.com,clean,allowed,,,True,{},Legitimate,1,96.58845520019531,False,Length Url=35.0 (increases phishing risk) | Qty Dot Domain=1.0 (increases phishing risk) | Qty Hyphen Url=2.0 (increases phishing risk),,"{""google_available"": true, ""google_flagged"": false, ""google_safe_browsing"": {}, ""model_confidence"": 96.58845520019531, ""model_prediction"": ""Legitimate"", ""model_reasoning"": [{""feature"": ""Length Url"", ""impact"": ""increases phishing risk"", ""shap_value"": 1.3775379657745361, ""value"": 35.0}, {""feature"": ""Qty Dot Domain"", ""impact"": ""increases phishing risk"", ""shap_value"": 1.0822192430496216, ""value"": 1.0}, {""feature"": ""Qty Hyphen Url"", ""impact"": ""increases phishing risk"", ""shap_value"": 0.8580740690231323, ""value"": 2.0}], ""model_status"": 1, ""url"": ""http://digitalbanking-accounts-support.com""}"
http://digitalbanking-cancelpayee.com,clean,allowed,,,True,{},Legitimate,1,75.63761138916016,False,Qty Tld Url=3.0 (increases phishing risk) | Qty Vowels Domain=11.0 (increases phishing risk),,"{""google_available"": true, ""google_flagged"": false, ""google_safe_browsing"": {}, ""model_confidence"": 75.63761138916016, ""model_prediction"": ""Legitimate"", ""model_reasoning"": [{""feature"": ""Qty Tld Url"", ""impact"": ""increases phishing risk"", ""shap_value"": 0.9481142163276672, ""value"": 3.0}, {""feature"": ""Qty Vowels Domain"", ""impact"": ""increases phishing risk"", ""shap_value"": 0.4896073639392853, ""value"": 11.0}], ""model_status"": 1, ""url"": ""http://digitalbanking-cancelpayee.com""}"
http://digitalbanking-confirmation.com,clean,allowed,,,True,{},Legitimate,1,64.98387908935547,False,Qty Tld Url=3.0 (increases phishing risk) | Qty Hyphen Url=1.0 (increases phishing risk),,"{""google_available"": true, ""google_flagged"": false, ""google_safe_browsing"": {}, ""model_confidence"": 64.98387908935547, ""model_prediction"": ""Legitimate"", ""model_reasoning"": [{""feature"": ""Qty Tld Url"", ""impact"": ""increases phishing risk"", ""shap_value"": 0.9424552321434021, ""value"": 3.0}, {""feature"": ""Qty Hyphen Url"", ""impact"": ""increases phishing risk"", ""shap_value"": 0.48261675238609314, ""value"": 1.0}], ""model_status"": 1, ""url"": ""http://digitalbanking-confirmation.com""}"
http://digitalbanking-info-activity.com,clean,allowed,,,True,{},Legitimate,1,97.34272003173828,False,Length Url=32.0 (increases phishing risk) | Qty Dot Domain=1.0 (increases phishing risk) | Qty Hyphen Url=2.0 (increases phishing risk),,"{""google_available"": true, ""google_flagged"": false, ""google_safe_browsing"": {}, ""model_confidence"": 97.34272003173828, ""model_prediction"": ""Legitimate"", ""model_reasoning"": [{""feature"": ""Length Url"", ""impact"": ""increases phishing risk"", ""shap_value"": 1.125626802444458, ""value"": 32.0}, {""feature"": ""Qty Dot Domain"", ""impact"": ""increases phishing risk"", ""shap_value"": 0.9930590987205505, ""value"": 1.0}, {""feature"": ""Qty Hyphen Url"", ""impact"": ""increases phishing risk"", ""shap_value"": 0.9878860116004944, ""value"": 2.0}], ""model_status"": 1, ""url"": ""http://digitalbanking-info-activity.com""}"
http://digitalbanking-info-update.com,clean,allowed,,,True,{},Legitimate,1,75.89667510986328,False,Qty Tld Url=3.0 (increases phishing risk) | Qty Hyphen Url=2.0 (increases phishing risk) | Qty Dot Domain=1.0 (increases phishing risk),,"{""google_available"": true, ""google_flagged"": false, ""google_safe_browsing"": {}, ""model_confidence"": 75.89667510986328, ""model_prediction"": ""Legitimate"", ""model_reasoning"": [{""feature"": ""Qty Tld Url"", ""impact"": ""increases phishing risk"", ""shap_value"": 0.9353234767913818, ""value"": 3.0}, {""feature"": ""Qty Hyphen Url"", ""impact"": ""increases phishing risk"", ""shap_value"": 0.510309636592865, ""value"": 2.0}, {""feature"": ""Qty Dot Domain"", ""impact"": ""increases phishing risk"", ""shap_value"": 0.4979061782360077, ""value"": 1.0}], ""model_status"": 1, ""url"": ""http://digitalbanking-info-update.com""}"
http://digitalbanking-mobile-info.com,clean,allowed,,,True,{},Legitimate,1,75.89667510986328,False,Qty Tld Url=3.0 (increases phishing risk) | Qty Hyphen Url=2.0 (increases phishing risk) | Qty Dot Domain=1.0 (increases phishing risk),,"{""google_available"": true, ""google_flagged"": false, ""google_safe_browsing"": {}, ""model_confidence"": 75.89667510986328, ""model_prediction"": ""Legitimate"", ""model_reasoning"": [{""feature"": ""Qty Tld Url"", ""impact"": ""increases phishing risk"", ""shap_value"": 0.9353234767913818, ""value"": 3.0}, {""feature"": ""Qty Hyphen Url"", ""impact"": ""increases phishing risk"", ""shap_value"": 0.510309636592865, ""value"": 2.0}, {""feature"": ""Qty Dot Domain"", ""impact"": ""increases phishing risk"", ""shap_value"": 0.4979061782360077, ""value"": 1.0}], ""model_status"": 1, ""url"": ""http://digitalbanking-mobile-info.com""}"
http://digitalbanking-mobile-signin.com,clean,allowed,,,True,{},Legitimate,1,97.34272003173828,False,Length Url=32.0 (increases phishing risk) | Qty Dot Domain=1.0 (increases phishing risk) | Qty Hyphen Url=2.0 (increases phishing risk),,"{""google_available"": true, ""google_flagged"": false, ""google_safe_browsing"": {}, ""model_confidence"": 97.34272003173828, ""model_prediction"": ""Legitimate"", ""model_reasoning"": [{""feature"": ""Length Url"", ""impact"": ""increases phishing risk"", ""shap_value"": 1.125626802444458, ""value"": 32.0}, {""feature"": ""Qty Dot Domain"", ""impact"": ""increases phishing risk"", ""shap_value"": 0.9930590987205505, ""value"": 1.0}, {""feature"": ""Qty Hyphen Url"", ""impact"": ""increases phishing risk"", ""shap_value"": 0.9878860116004944, ""value"": 2.0}], ""model_status"": 1, ""url"": ""http://digitalbanking-mobile-signin.com""}"
http://digitalbanking-payment.com,clean,blocked by model,,,True,{},PHISHING,0,58.689796447753906,False,Qty Tld Url=3.0 (increases phishing risk) | Qty Dot Domain=1.0 (increases phishing risk),,"{""google_available"": true, ""google_flagged"": false, ""google_safe_browsing"": {}, ""model_confidence"": 58.689796447753906, ""model_prediction"": ""PHISHING"", ""model_reasoning"": [{""feature"": ""Qty Tld Url"", ""impact"": ""increases phishing risk"", ""shap_value"": 0.7050570249557495, ""value"": 3.0}, {""feature"": ""Qty Dot Domain"", ""impact"": ""increases phishing risk"", ""shap_value"": 0.444062203168869, ""value"": 1.0}], ""model_status"": 0, ""url"": ""http://digitalbanking-payment.com""}"
http://digitalbanking-signin-info.com,clean,allowed,,,True,{},Legitimate,1,72.57084655761719,False,Qty Tld Url=3.0 (increases phishing risk) | Qty Dot Domain=1.0 (increases phishing risk),,"{""google_available"": true, ""google_flagged"": false, ""google_safe_browsing"": {}, ""model_confidence"": 72.57084655761719, ""model_prediction"": ""Legitimate"", ""model_reasoning"": [{""feature"": ""Qty Tld Url"", ""impact"": ""increases phishing risk"", ""shap_value"": 0.8982926607131958, ""value"": 3.0}, {""feature"": ""Qty Dot Domain"", ""impact"": ""increases phishing risk"", ""shap_value"": 0.555108904838562, ""value"": 1.0}], ""model_status"": 1, ""url"": ""http://digitalbanking-signin-info.com""}"
http://digitalbcplr.site,clean,blocked by model,,,True,{},PHISHING,0,60.64023971557617,False,Qty Dot Domain=1.0 (increases phishing risk) | Length Url=17.0 (decreases phishing risk),,"{""google_available"": true, ""google_flagged"": false, ""google_safe_browsing"": {}, ""model_confidence"": 60.64023971557617, ""model_prediction"": ""PHISHING"", ""model_reasoning"": [{""feature"": ""Qty Dot Domain"", ""impact"": ""increases phishing risk"", ""shap_value"": 1.2164071798324585, ""value"": 1.0}, {""feature"": ""Length Url"", ""impact"": ""decreases phishing risk"", ""shap_value"": -0.3052317798137665, ""value"": 17.0}], ""model_status"": 0, ""url"": ""http://digitalbcplr.site""}"
http://digitalbitfarms.top,clean,blocked by model,,,True,{},PHISHING,0,67.60105895996094,False,Qty Dot Domain=1.0 (increases phishing risk) | Qty Tld Url=3.0 (increases phishing risk),,"{""google_available"": true, ""google_flagged"": false, ""google_safe_browsing"": {}, ""model_confidence"": 67.60105895996094, ""model_prediction"": ""PHISHING"", ""model_reasoning"": [{""feature"": ""Qty Dot Domain"", ""impact"": ""increases phishing risk"", ""shap_value"": 0.9308356046676636, ""value"": 1.0}, {""feature"": ""Qty Tld Url"", ""impact"": ""increases phishing risk"", ""shap_value"": 0.38177770376205444, ""value"": 3.0}], ""model_status"": 0, ""url"": ""http://digitalbitfarms.top""}"
http://digitalbitriver.org,clean,blocked by model,,,True,{},PHISHING,0,60.15568542480469,False,Qty Dot Domain=1.0 (increases phishing risk) | Qty Tld Url=3.0 (increases phishing risk),,"{""google_available"": true, ""google_flagged"": false, ""google_safe_browsing"": {}, ""model_confidence"": 60.15568542480469, ""model_prediction"": ""PHISHING"", ""model_reasoning"": [{""feature"": ""Qty Dot Domain"", ""impact"": ""increases phishing risk"", ""shap_value"": 0.895470380783081, ""value"": 1.0}, {""feature"": ""Qty Tld Url"", ""impact"": ""increases phishing risk"", ""shap_value"": 0.43321841955184937, ""value"": 3.0}], ""model_status"": 0, ""url"": ""http://digitalbitriver.org""}"
http://digitalbpop.com,clean,blocked by model,,,True,{},PHISHING,0,54.03535461425781,False,Qty Dot Domain=1.0 (increases phishing risk) | Qty Tld Url=3.0 (increases phishing risk),,"{""google_available"": true, ""google_flagged"": false, ""google_safe_browsing"": {}, ""model_confidence"": 54.03535461425781, ""model_prediction"": ""PHISHING"", ""model_reasoning"": [{""feature"": ""Qty Dot Domain"", ""impact"": ""increases phishing risk"", ""shap_value"": 1.0949199199676514, ""value"": 1.0}, {""feature"": ""Qty Tld Url"", ""impact"": ""increases phishing risk"", ""shap_value"": 0.4800277352333069, ""value"": 3.0}], ""model_status"": 0, ""url"": ""http://digitalbpop.com""}"
http://digitalbrains247.com,clean,blocked by model,,,True,{},PHISHING,0,73.5141372680664,False,Qty Dot Domain=1.0 (increases phishing risk) | Qty Tld Url=3.0 (increases phishing risk),,"{""google_available"": true, ""google_flagged"": false, ""google_safe_browsing"": {}, ""model_confidence"": 73.5141372680664, ""model_prediction"": ""PHISHING"", ""model_reasoning"": [{""feature"": ""Qty Dot Domain"", ""impact"": ""increases phishing risk"", ""shap_value"": 0.8883709907531738, ""value"": 1.0}, {""feature"": ""Qty Tld Url"", ""impact"": ""increases phishing risk"", ""shap_value"": 0.4214326739311218, ""value"": 3.0}], ""model_status"": 0, ""url"": ""http://digitalbrains247.com""}"
http://digitalbrandits.com.au,clean,blocked by model,,,True,{},PHISHING,0,50.458770751953125,False,Qty Vowels Domain=8.0 (increases phishing risk) | Qty Tld Url=2.0 (increases phishing risk) | Length Url=22.0 (decreases phishing risk),,"{""google_available"": true, ""google_flagged"": false, ""google_safe_browsing"": {}, ""model_confidence"": 50.458770751953125, ""model_prediction"": ""PHISHING"", ""model_reasoning"": [{""feature"": ""Qty Vowels Domain"", ""impact"": ""increases phishing risk"", ""shap_value"": 0.9554358720779419, ""value"": 8.0}, {""feature"": ""Qty Tld Url"", ""impact"": ""increases phishing risk"", ""shap_value"": 0.9027603268623352, ""value"": 2.0}, {""feature"": ""Length Url"", ""impact"": ""decreases phishing risk"", ""shap_value"": -0.36428070068359375, ""value"": 22.0}], ""model_status"": 0, ""url"": ""http://digitalbrandits.com.au""}"
http://digitalbusiness.sa.com,clean,blocked by model,,,True,{},PHISHING,0,50.458770751953125,False,Qty Vowels Domain=8.0 (increases phishing risk) | Qty Tld Url=3.0 (increases phishing risk) | Length Url=22.0 (decreases phishing risk),,"{""google_available"": true, ""google_flagged"": false, ""google_safe_browsing"": {}, ""model_confidence"": 50.458770751953125, ""model_prediction"": ""PHISHING"", ""model_reasoning"": [{""feature"": ""Qty Vowels Domain"", ""impact"": ""increases phishing risk"", ""shap_value"": 0.9554358720779419, ""value"": 8.0}, {""feature"": ""Qty Tld Url"", ""impact"": ""increases phishing risk"", ""shap_value"": 0.9027603268623352, ""value"": 3.0}, {""feature"": ""Length Url"", ""impact"": ""decreases phishing risk"", ""shap_value"": -0.36428070068359375, ""value"": 22.0}], ""model_status"": 0, ""url"": ""http://digitalbusiness.sa.com""}"
http://digitalcertificate-update.online,clean,allowed,,,True,{},Legitimate,1,96.5289077758789,False,Qty Hyphen Url=1.0 (increases phishing risk) | Length Url=32.0 (increases phishing risk) | Qty Tld Url=6.0 (increases phishing risk),,"{""google_available"": true, ""google_flagged"": false, ""google_safe_browsing"": {}, ""model_confidence"": 96.5289077758789, ""model_prediction"": ""Legitimate"", ""model_reasoning"": [{""feature"": ""Qty Hyphen Url"", ""impact"": ""increases phishing risk"", ""shap_value"": 1.011844515800476, ""value"": 1.0}, {""feature"": ""Length Url"", ""impact"": ""increases phishing risk"", ""shap_value"": 0.9179700613021851, ""value"": 32.0}, {""feature"": ""Qty Tld Url"", ""impact"": ""increases phishing risk"", ""shap_value"": 0.8177923560142517, ""value"": 6.0}], ""model_status"": 1, ""url"": ""http://digitalcertificate-update.online""}"
http://digitalcloudq.buzz,clean,blocked by model,,,True,{},PHISHING,0,63.64768600463867,False,Qty Dot Domain=1.0 (increases phishing risk) | Length Url=18.0 (decreases phishing risk),,"{""google_available"": true, ""google_flagged"": false, ""google_safe_browsing"": {}, ""model_confidence"": 63.64768600463867, ""model_prediction"": ""PHISHING"", ""model_reasoning"": [{""feature"": ""Qty Dot Domain"", ""impact"": ""increases phishing risk"", ""shap_value"": 0.9997248649597168, ""value"": 1.0}, {""feature"": ""Length Url"", ""impact"": ""decreases phishing risk"", ""shap_value"": -0.3152015507221222, ""value"": 18.0}], ""model_status"": 0, ""url"": ""http://digitalcloudq.buzz""}"
http://digital-coinbase-pro-login-auth.webflow.io,clean,allowed,,,True,{},Legitimate,1,82.36507415771484,False,Length Url=42.0 (increases phishing risk) | Qty Tld Url=2.0 (increases phishing risk) | Domain Length=42.0 (increases phishing risk),,"{""google_available"": true, ""google_flagged"": false, ""google_safe_browsing"": {}, ""model_confidence"": 82.36507415771484, ""model_prediction"": ""Legitimate"", ""model_reasoning"": [{""feature"": ""Length Url"", ""impact"": ""increases phishing risk"", ""shap_value"": 0.9414580464363098, ""value"": 42.0}, {""feature"": ""Qty Tld Url"", ""impact"": ""increases phishing risk"", ""shap_value"": 0.7120616436004639, ""value"": 2.0}, {""feature"": ""Domain Length"", ""impact"": ""increases phishing risk"", ""shap_value"": 0.643274188041687, ""value"": 42.0}], ""model_status"": 1, ""url"": ""http://digital-coinbase-pro-login-auth.webflow.io""}"
http://digitalconcept.pro,clean,blocked by model,,,True,{},PHISHING,0,63.64768600463867,False,Qty Dot Domain=1.0 (increases phishing risk) | Length Url=18.0 (decreases phishing risk),,"{""google_available"": true, ""google_flagged"": false, ""google_safe_browsing"": {}, ""model_confidence"": 63.64768600463867, ""model_prediction"": ""PHISHING"", ""model_reasoning"": [{""feature"": ""Qty Dot Domain"", ""impact"": ""increases phishing risk"", ""shap_value"": 0.9997248649597168, ""value"": 1.0}, {""feature"": ""Length Url"", ""impact"": ""decreases phishing risk"", ""shap_value"": -0.3152015507221222, ""value"": 18.0}], ""model_status"": 0, ""url"": ""http://digitalconcept.pro""}"
http://digitalconexao.tk,clean,blocked by model,,,True,{},PHISHING,0,65.95339965820312,False,Qty Dot Domain=1.0 (increases phishing risk) | Qty Tld Url=2.0 (increases phishing risk),,"{""google_available"": true, ""google_flagged"": false, ""google_safe_browsing"": {}, ""model_confidence"": 65.95339965820312, ""model_prediction"": ""PHISHING"", ""model_reasoning"": [{""feature"": ""Qty Dot Domain"", ""impact"": ""increases phishing risk"", ""shap_value"": 1.023862361907959, ""value"": 1.0}, {""feature"": ""Qty Tld Url"", ""impact"": ""increases phishing risk"", ""shap_value"": 0.3902795910835266, ""value"": 2.0}], ""model_status"": 0, ""url"": ""http://digitalconexao.tk""}"
http://digital-desbloqueio.com,clean,allowed,,,True,{},Legitimate,1,88.04597473144531,False,Qty Vowels Domain=10.0 (increases phishing risk) | Qty Dot Domain=1.0 (increases phishing risk) | Qty Hyphen Url=1.0 (increases phishing risk),,"{""google_available"": true, ""google_flagged"": false, ""google_safe_browsing"": {}, ""model_confidence"": 88.04597473144531, ""model_prediction"": ""Legitimate"", ""model_reasoning"": [{""feature"": ""Qty Vowels Domain"", ""impact"": ""increases phishing risk"", ""shap_value"": 0.9541966319084167, ""value"": 10.0}, {""feature"": ""Qty Dot Domain"", ""impact"": ""increases phishing risk"", ""shap_value"": 0.8273983001708984, ""value"": 1.0}, {""feature"": ""Qty Hyphen Url"", ""impact"": ""increases phishing risk"", ""shap_value"": 0.6667391657829285, ""value"": 1.0}], ""model_status"": 1, ""url"": ""http://digital-desbloqueio.com""}"
http://digitaldesksoftware.in,clean,blocked by model,,,True,{},PHISHING,0,73.59403228759766,False,Qty Tld Url=2.0 (increases phishing risk) | Qty Dot Domain=1.0 (increases phishing risk),,"{""google_available"": true, ""google_flagged"": false, ""google_safe_browsing"": {}, ""model_confidence"": 73.59403228759766, ""model_prediction"": ""PHISHING"", ""model_reasoning"": [{""feature"": ""Qty Tld Url"", ""impact"": ""increases phishing risk"", ""shap_value"": 0.6706541776657104, ""value"": 2.0}, {""feature"": ""Qty Dot Domain"", ""impact"": ""increases phishing risk"", ""shap_value"": 0.37095388770103455, ""value"": 1.0}], ""model_status"": 0, ""url"": ""http://digitaldesksoftware.in""}"
http://digitale-agenda30.de,clean,allowed,,,True,{},Legitimate,1,80.5652084350586,False,Qty Dot Domain=1.0 (increases phishing risk) | Qty Hyphen Url=1.0 (increases phishing risk) | Qty Vowels Domain=8.0 (increases phishing risk),,"{""google_available"": true, ""google_flagged"": false, ""google_safe_browsing"": {}, ""model_confidence"": 80.5652084350586, ""model_prediction"": ""Legitimate"", ""model_reasoning"": [{""feature"": ""Qty Dot Domain"", ""impact"": ""increases phishing risk"", ""shap_value"": 0.7815861105918884, ""value"": 1.0}, {""feature"": ""Qty Hyphen Url"", ""impact"": ""increases phishing risk"", ""shap_value"": 0.7791401743888855, ""value"": 1.0}, {""feature"": ""Qty Vowels Domain"", ""impact"": ""increases phishing risk"", ""shap_value"": 0.5500546097755432, ""value"": 8.0}], ""model_status"": 1, ""url"": ""http://digitale-agenda30.de""}"
http://digitalebeveiliging.xyz,clean,blocked by model,,,True,{},PHISHING,0,80.14268493652344,False,Qty Tld Url=3.0 (increases phishing risk) | Qty Dot Domain=1.0 (increases phishing risk),,"{""google_available"": true, ""google_flagged"": false, ""google_safe_browsing"": {}, ""model_confidence"": 80.14268493652344, ""model_prediction"": ""PHISHING"", ""model_reasoning"": [{""feature"": ""Qty Tld Url"", ""impact"": ""increases phishing risk"", ""shap_value"": 0.5765414237976074, ""value"": 3.0}, {""feature"": ""Qty Dot Domain"", ""impact"": ""increases phishing risk"", ""shap_value"": 0.47360140085220337, ""value"": 1.0}], ""model_status"": 0, ""url"": ""http://digitalebeveiliging.xyz""}"
http://digitaleconsoleauth.web.app,clean,allowed,,,True,{},Legitimate,1,86.91484069824219,False,Qty Tld Url=3.0 (increases phishing risk) | Qty Vowels Domain=11.0 (increases phishing risk) | Domain Length=27.0 (increases phishing risk),,"{""google_available"": true, ""google_flagged"": false, ""google_safe_browsing"": {}, ""model_confidence"": 86.91484069824219, ""model_prediction"": ""Legitimate"", ""model_reasoning"": [{""feature"": ""Qty Tld Url"", ""impact"": ""increases phishing risk"", ""shap_value"": 1.4601950645446777, ""value"": 3.0}, {""feature"": ""Qty Vowels Domain"", ""impact"": ""increases phishing risk"", ""shap_value"": 1.0286740064620972, ""value"": 11.0}, {""feature"": ""Domain Length"", ""impact"": ""increases phishing risk"", ""shap_value"": 0.47438234090805054, ""value"": 27.0}], ""model_status"": 1, ""url"": ""http://digitaleconsoleauth.web.app""}"
http://digital.edicionescastillo.com,clean,allowed,,,True,{},Legitimate,1,87.47370147705078,False,Qty Tld Url=3.0 (increases phishing risk) | Qty Vowels Domain=12.0 (increases phishing risk) | Domain Length=29.0 (increases phishing risk),,"{""google_available"": true, ""google_flagged"": false, ""google_safe_browsing"": {}, ""model_confidence"": 87.47370147705078, ""model_prediction"": ""Legitimate"", ""model_reasoning"": [{""feature"": ""Qty Tld Url"", ""impact"": ""increases phishing risk"", ""shap_value"": 1.5445348024368286, ""value"": 3.0}, {""feature"": ""Qty Vowels Domain"", ""impact"": ""increases phishing risk"", ""shap_value"": 1.2007362842559814, ""value"": 12.0}, {""feature"": ""Domain Length"", ""impact"": ""increases phishing risk"", ""shap_value"": 0.402690589427948, ""value"": 29.0}], ""model_status"": 1, ""url"": ""http://digital.edicionescastillo.com""}"
http://digitalelegance.com,clean,blocked by model,,,True,{},PHISHING,0,72.8264389038086,False,Qty Tld Url=3.0 (increases phishing risk) | Qty Dot Domain=1.0 (increases phishing risk) | Length Url=19.0 (decreases phishing risk),,"{""google_available"": true, ""google_flagged"": false, ""google_safe_browsing"": {}, ""model_confidence"": 72.8264389038086, ""model_prediction"": ""PHISHING"", ""model_reasoning"": [{""feature"": ""Qty Tld Url"", ""impact"": ""increases phishing risk"", ""shap_value"": 0.5529255270957947, ""value"": 3.0}, {""feature"": ""Qty Dot Domain"", ""impact"": ""increases phishing risk"", ""shap_value"": 0.4865688383579254, ""value"": 1.0}, {""feature"": ""Length Url"", ""impact"": ""decreases phishing risk"", ""shap_value"": -0.47980043292045593, ""value"": 19.0}], ""model_status"": 0, ""url"": ""http://digitalelegance.com""}"
http://digitale-macarte.com,clean,allowed,,,True,{},Legitimate,1,80.5652084350586,False,Qty Dot Domain=1.0 (increases phishing risk) | Qty Hyphen Url=1.0 (increases phishing risk) | Qty Vowels Domain=8.0 (increases phishing risk),,"{""google_available"": true, ""google_flagged"": false, ""google_safe_browsing"": {}, ""model_confidence"": 80.5652084350586, ""model_prediction"": ""Legitimate"", ""model_reasoning"": [{""feature"": ""Qty Dot Domain"", ""impact"": ""increases phishing risk"", ""shap_value"": 0.7815861105918884, ""value"": 1.0}, {""feature"": ""Qty Hyphen Url"", ""impact"": ""increases phishing risk"", ""shap_value"": 0.7791401743888855, ""value"": 1.0}, {""feature"": ""Qty Vowels Domain"", ""impact"": ""increases phishing risk"", ""shap_value"": 0.5500546097755432, ""value"": 8.0}], ""model_status"": 1, ""url"": ""http://digitale-macarte.com""}"
http://digitalempiire.000webhostapp.com,clean,allowed,,,True,{},Legitimate,1,77.99436950683594,False,Qty Tld Url=3.0 (increases phishing risk) | Qty Vowels Domain=11.0 (increases phishing risk) | Length Url=32.0 (increases phishing risk),,"{""google_available"": true, ""google_flagged"": false, ""google_safe_browsing"": {}, ""model_confidence"": 77.99436950683594, ""model_prediction"": ""Legitimate"", ""model_reasoning"": [{""feature"": ""Qty Tld Url"", ""impact"": ""increases phishing risk"", ""shap_value"": 1.4620327949523926, ""value"": 3.0}, {""feature"": ""Qty Vowels Domain"", ""impact"": ""increases phishing risk"", ""shap_value"": 0.7486008405685425, ""value"": 11.0}, {""feature"": ""Length Url"", ""impact"": ""increases phishing risk"", ""shap_value"": 0.4397972524166107, ""value"": 32.0}], ""model_status"": 1, ""url"": ""http://digitalempiire.000webhostapp.com""}"
http://digitalenforcementbrandbuilder.vercel.app,clean,allowed,,,True,{},Legitimate,1,70.39035034179688,False,Qty Tld Url=3.0 (increases phishing risk) | Length Url=41.0 (increases phishing risk) | Domain Length=41.0 (increases phishing risk),,"{""google_available"": true, ""google_flagged"": false, ""google_safe_browsing"": {}, ""model_confidence"": 70.39035034179688, ""model_prediction"": ""Legitimate"", ""model_reasoning"": [{""feature"": ""Qty Tld Url"", ""impact"": ""increases phishing risk"", ""shap_value"": 0.9331287741661072, ""value"": 3.0}, {""feature"": ""Length Url"", ""impact"": ""increases phishing risk"", ""shap_value"": 0.9056367874145508, ""value"": 41.0}, {""feature"": ""Domain Length"", ""impact"": ""increases phishing risk"", ""shap_value"": 0.8165598511695862, ""value"": 41.0}], ""model_status"": 1, ""url"": ""http://digitalenforcementbrandbuilder.vercel.app""}"
http://digitalenforcementgrowthnation.vercel.app,clean,allowed,,,True,{},Legitimate,1,70.39035034179688,False,Qty Tld Url=3.0 (increases phishing risk) | Length Url=41.0 (increases phishing risk) | Domain Length=41.0 (increases phishing risk),,"{""google_available"": true, ""google_flagged"": false, ""google_safe_browsing"": {}, ""model_confidence"": 70.39035034179688, ""model_prediction"": ""Legitimate"", ""model_reasoning"": [{""feature"": ""Qty Tld Url"", ""impact"": ""increases phishing risk"", ""shap_value"": 0.9331287741661072, ""value"": 3.0}, {""feature"": ""Length Url"", ""impact"": ""increases phishing risk"", ""shap_value"": 0.9056367874145508, ""value"": 41.0}, {""feature"": ""Domain Length"", ""impact"": ""increases phishing risk"", ""shap_value"": 0.8165598511695862, ""value"": 41.0}], ""model_status"": 1, ""url"": ""http://digitalenforcementgrowthnation.vercel.app""}"
http://digitalenforcementleadgenius.vercel.app,clean,allowed,,,True,{},Legitimate,1,54.606597900390625,False,Qty Tld Url=3.0 (increases phishing risk) | Qty Vowels Domain=15.0 (increases phishing risk),,"{""google_available"": true, ""google_flagged"": false, ""google_safe_browsing"": {}, ""model_confidence"": 54.606597900390625, ""model_prediction"": ""Legitimate"", ""model_reasoning"": [{""feature"": ""Qty Tld Url"", ""impact"": ""increases phishing risk"", ""shap_value"": 0.9960412383079529, ""value"": 3.0}, {""feature"": ""Qty Vowels Domain"", ""impact"": ""increases phishing risk"", ""shap_value"": 0.6608031988143921, ""value"": 15.0}], ""model_status"": 1, ""url"": ""http://digitalenforcementleadgenius.vercel.app""}"
http://digital-engagement-key-a0ce2.web.app,clean,blocked by model,,,True,{},PHISHING,0,58.44437026977539,False,Qty Tld Url=3.0 (increases phishing risk) | Length Url=36.0 (increases phishing risk) | Qty Dot Domain=2.0 (decreases phishing risk),,"{""google_available"": true, ""google_flagged"": false, ""google_safe_browsing"": {}, ""model_confidence"": 58.44437026977539, ""model_prediction"": ""PHISHING"", ""model_reasoning"": [{""feature"": ""Qty Tld Url"", ""impact"": ""increases phishing risk"", ""shap_value"": 0.839386522769928, ""value"": 3.0}, {""feature"": ""Length Url"", ""impact"": ""increases phishing risk"", ""shap_value"": 0.48859959840774536, ""value"": 36.0}, {""feature"": ""Qty Dot Domain"", ""impact"": ""decreases phishing risk"", ""shap_value"": -0.35559067130088806, ""value"": 2.0}], ""model_status"": 0, ""url"": ""http://digital-engagement-key-a0ce2.web.app""}"
http://digitalenterpriselimited.com,clean,allowed,,,True,{},Legitimate,1,58.145713806152344,False,Qty Tld Url=3.0 (increases phishing risk) | Qty Vowels Domain=11.0 (increases phishing risk),,"{""google_available"": true, ""google_flagged"": false, ""google_safe_browsing"": {}, ""model_confidence"": 58.145713806152344, ""model_prediction"": ""Legitimate"", ""model_reasoning"": [{""feature"": ""Qty Tld Url"", ""impact"": ""increases phishing risk"", ""shap_value"": 0.8424016833305359, ""value"": 3.0}, {""feature"": ""Qty Vowels Domain"", ""impact"": ""increases phishing risk"", ""shap_value"": 0.5818521976470947, ""value"": 11.0}], ""model_status"": 1, ""url"": ""http://digitalenterpriselimited.com""}"
http://digitalentry.com,clean,blocked by model,,,True,{},PHISHING,0,63.93718719482422,False,Qty Dot Domain=1.0 (increases phishing risk) | Qty Tld Url=3.0 (increases phishing risk),,"{""google_available"": true, ""google_flagged"": false, ""google_safe_browsing"": {}, ""model_confidence"": 63.93718719482422, ""model_prediction"": ""PHISHING"", ""model_reasoning"": [{""feature"": ""Qty Dot Domain"", ""impact"": ""increases phishing risk"", ""shap_value"": 1.1500656604766846, ""value"": 1.0}, {""feature"": ""Qty Tld Url"", ""impact"": ""increases phishing risk"", ""shap_value"": 0.36487871408462524, ""value"": 3.0}], ""model_status"": 0, ""url"": ""http://digitalentry.com""}"
http://digitale-support.com,clean,allowed,,,True,{},Legitimate,1,77.04139709472656,False,Qty Dot Domain=1.0 (increases phishing risk) | Qty Hyphen Url=1.0 (increases phishing risk),,"{""google_available"": true, ""google_flagged"": false, ""google_safe_browsing"": {}, ""model_confidence"": 77.04139709472656, ""model_prediction"": ""Legitimate"", ""model_reasoning"": [{""feature"": ""Qty Dot Domain"", ""impact"": ""increases phishing risk"", ""shap_value"": 1.1125575304031372, ""value"": 1.0}, {""feature"": ""Qty Hyphen Url"", ""impact"": ""increases phishing risk"", ""shap_value"": 0.7679158449172974, ""value"": 1.0}], ""model_status"": 1, ""url"": ""http://digitale-support.com""}"
http://digital-exodssweb3-com.pages.dev,clean,allowed,,,True,{},Legitimate,1,80.69261169433594,False,Qty Tld Url=3.0 (increases phishing risk) | Qty Hyphen Url=2.0 (increases phishing risk) | Length Url=32.0 (increases phishing risk),,"{""google_available"": true, ""google_flagged"": false, ""google_safe_browsing"": {}, ""model_confidence"": 80.69261169433594, ""model_prediction"": ""Legitimate"", ""model_reasoning"": [{""feature"": ""Qty Tld Url"", ""impact"": ""increases phishing risk"", ""shap_value"": 1.2221580743789673, ""value"": 3.0}, {""feature"": ""Qty Hyphen Url"", ""impact"": ""increases phishing risk"", ""shap_value"": 0.5687097311019897, ""value"": 2.0}, {""feature"": ""Length Url"", ""impact"": ""increases phishing risk"", ""shap_value"": 0.5269039273262024, ""value"": 32.0}], ""model_status"": 1, ""url"": ""http://digital-exodssweb3-com.pages.dev""}"
http://digital.fidelityinv.cc,clean,blocked by model,,,True,{},PHISHING,0,87.16590118408203,False,Qty Tld Url=2.0 (increases phishing risk) | Qty Dot Domain=2.0 (decreases phishing risk),,"{""google_available"": true, ""google_flagged"": false, ""google_safe_browsing"": {}, ""model_confidence"": 87.16590118408203, ""model_prediction"": ""PHISHING"", ""model_reasoning"": [{""feature"": ""Qty Tld Url"", ""impact"": ""increases phishing risk"", ""shap_value"": 0.47207969427108765, ""value"": 2.0}, {""feature"": ""Qty Dot Domain"", ""impact"": ""decreases phishing risk"", ""shap_value"": -0.26376673579216003, ""value"": 2.0}], ""model_status"": 0, ""url"": ""http://digital.fidelityinv.cc""}"
http://digital.flexcontact.com.br,clean,blocked by model,,,True,{},PHISHING,0,76.76458740234375,False,Qty Tld Url=2.0 (increases phishing risk) | Qty Dot Domain=3.0 (decreases phishing risk) | Domain Length=26.0 (increases phishing risk),,"{""google_available"": true, ""google_flagged"": false, ""google_safe_browsing"": {}, ""model_confidence"": 76.76458740234375, ""model_prediction"": ""PHISHING"", ""model_reasoning"": [{""feature"": ""Qty Tld Url"", ""impact"": ""increases phishing risk"", ""shap_value"": 0.6816440224647522, ""value"": 2.0}, {""feature"": ""Qty Dot Domain"", ""impact"": ""decreases phishing risk"", ""shap_value"": -0.5821318030357361, ""value"": 3.0}, {""feature"": ""Domain Length"", ""impact"": ""increases phishing risk"", ""shap_value"": 0.39740028977394104, ""value"": 26.0}], ""model_status"": 0, ""url"": ""http://digital.flexcontact.com.br""}"
http://digitalfmcuritiba.com.br,clean,allowed,,,True,{},Legitimate,1,53.13538360595703,False,Qty Vowels Domain=8.0 (increases phishing risk) | Qty Tld Url=2.0 (increases phishing risk),,"{""google_available"": true, ""google_flagged"": false, ""google_safe_browsing"": {}, ""model_confidence"": 53.13538360595703, ""model_prediction"": ""Legitimate"", ""model_reasoning"": [{""feature"": ""Qty Vowels Domain"", ""impact"": ""increases phishing risk"", ""shap_value"": 0.9771952629089355, ""value"": 8.0}, {""feature"": ""Qty Tld Url"", ""impact"": ""increases phishing risk"", ""shap_value"": 0.7947012186050415, ""value"": 2.0}], ""model_status"": 1, ""url"": ""http://digitalfmcuritiba.com.br""}"
http://digitalforensiccommunity.com,clean,blocked by model,,,True,{},PHISHING,0,50.77119445800781,False,Qty Tld Url=3.0 (increases phishing risk) | Qty Vowels Domain=10.0 (increases phishing risk),,"{""google_available"": true, ""google_flagged"": false, ""google_safe_browsing"": {}, ""model_confidence"": 50.77119445800781, ""model_prediction"": ""PHISHING"", ""model_reasoning"": [{""feature"": ""Qty Tld Url"", ""impact"": ""increases phishing risk"", ""shap_value"": 0.8298843502998352, ""value"": 3.0}, {""feature"": ""Qty Vowels Domain"", ""impact"": ""increases phishing risk"", ""shap_value"": 0.4623553156852722, ""value"": 10.0}], ""model_status"": 0, ""url"": ""http://digitalforensiccommunity.com""}"
http://digitalforensicsassociation.com,clean,blocked by model,,,True,{},PHISHING,0,57.77751159667969,False,Qty Tld Url=3.0 (increases phishing risk) | Qty Vowels Domain=13.0 (increases phishing risk),,"{""google_available"": true, ""google_flagged"": false, ""google_safe_browsing"": {}, ""model_confidence"": 57.77751159667969, ""model_prediction"": ""PHISHING"", ""model_reasoning"": [{""feature"": ""Qty Tld Url"", ""impact"": ""increases phishing risk"", ""shap_value"": 0.931459367275238, ""value"": 3.0}, {""feature"": ""Qty Vowels Domain"", ""impact"": ""increases phishing risk"", ""shap_value"": 0.4517667591571808, ""value"": 13.0}], ""model_status"": 0, ""url"": ""http://digitalforensicsassociation.com""}"
http://digitalforensicsassociation.org,clean,blocked by model,,,True,{},PHISHING,0,57.77751159667969,False,Qty Tld Url=3.0 (increases phishing risk) | Qty Vowels Domain=13.0 (increases phishing risk),,"{""google_available"": true, ""google_flagged"": false, ""google_safe_browsing"": {}, ""model_confidence"": 57.77751159667969, ""model_prediction"": ""PHISHING"", ""model_reasoning"": [{""feature"": ""Qty Tld Url"", ""impact"": ""increases phishing risk"", ""shap_value"": 0.931459367275238, ""value"": 3.0}, {""feature"": ""Qty Vowels Domain"", ""impact"": ""increases phishing risk"", ""shap_value"": 0.4517667591571808, ""value"": 13.0}], ""model_status"": 0, ""url"": ""http://digitalforensicsassociation.org""}"
http://digitalfrondev.wpengine.com,clean,allowed,,,True,{},Legitimate,1,75.46503448486328,False,Qty Tld Url=3.0 (increases phishing risk) | Qty Vowels Domain=9.0 (increases phishing risk) | Domain Length=27.0 (increases phishing risk),,"{""google_available"": true, ""google_flagged"": false, ""google_safe_browsing"": {}, ""model_confidence"": 75.46503448486328, ""model_prediction"": ""Legitimate"", ""model_reasoning"": [{""feature"": ""Qty Tld Url"", ""impact"": ""increases phishing risk"", ""shap_value"": 1.362503170967102, ""value"": 3.0}, {""feature"": ""Qty Vowels Domain"", ""impact"": ""increases phishing risk"", ""shap_value"": 0.4930875301361084, ""value"": 9.0}, {""feature"": ""Domain Length"", ""impact"": ""increases phishing risk"", ""shap_value"": 0.42893338203430176, ""value"": 27.0}], ""model_status"": 1, ""url"": ""http://digitalfrondev.wpengine.com""}"
http://digitalfusecontentviolation.vercel.app,clean,allowed,,,True,{},Legitimate,1,96.10923767089844,False,Qty Vowels Domain=15.0 (increases phishing risk) | Length Url=38.0 (increases phishing risk) | Qty Tld Url=3.0 (increases phishing risk),,"{""google_available"": true, ""google_flagged"": false, ""google_safe_browsing"": {}, ""model_confidence"": 96.10923767089844, ""model_prediction"": ""Legitimate"", ""model_reasoning"": [{""feature"": ""Qty Vowels Domain"", ""impact"": ""increases phishing risk"", ""shap_value"": 1.6897915601730347, ""value"": 15.0}, {""feature"": ""Length Url"", ""impact"": ""increases phishing risk"", ""shap_value"": 1.3953826427459717, ""value"": 38.0}, {""feature"": ""Qty Tld Url"", ""impact"": ""increases phishing risk"", ""shap_value"": 0.8141267895698547, ""value"": 3.0}], ""model_status"": 1, ""url"": ""http://digitalfusecontentviolation.vercel.app""}"
http://digitalgrowthoficial.com.br,clean,allowed,,,True,{},Legitimate,1,75.46503448486328,False,Qty Tld Url=2.0 (increases phishing risk) | Qty Vowels Domain=9.0 (increases phishing risk) | Domain Length=27.0 (increases phishing risk),,"{""google_available"": true, ""google_flagged"": false, ""google_safe_browsing"": {}, ""model_confidence"": 75.46503448486328, ""model_prediction"": ""Legitimate"", ""model_reasoning"": [{""feature"": ""Qty Tld Url"", ""impact"": ""increases phishing risk"", ""shap_value"": 1.362503170967102, ""value"": 2.0}, {""feature"": ""Qty Vowels Domain"", ""impact"": ""increases phishing risk"", ""shap_value"": 0.4930875301361084, ""value"": 9.0}, {""feature"": ""Domain Length"", ""impact"": ""increases phishing risk"", ""shap_value"": 0.42893338203430176, ""value"": 27.0}], ""model_status"": 1, ""url"": ""http://digitalgrowthoficial.com.br""}"
http://digital.guard-restrict.com,clean,allowed,,,True,{},Legitimate,1,61.26374435424805,False,Qty Tld Url=3.0 (increases phishing risk) | Qty Vowels Domain=8.0 (increases phishing risk),,"{""google_available"": true, ""google_flagged"": false, ""google_safe_browsing"": {}, ""model_confidence"": 61.26374435424805, ""model_prediction"": ""Legitimate"", ""model_reasoning"": [{""feature"": ""Qty Tld Url"", ""impact"": ""increases phishing risk"", ""shap_value"": 0.9929636120796204, ""value"": 3.0}, {""feature"": ""Qty Vowels Domain"", ""impact"": ""increases phishing risk"", ""shap_value"": 0.717469334602356, ""value"": 8.0}], ""model_status"": 1, ""url"": ""http://digital.guard-restrict.com""}"
http://digitalhands.ru,clean,blocked by model,,,True,{},PHISHING,0,54.03535461425781,False,Qty Dot Domain=1.0 (increases phishing risk) | Qty Tld Url=2.0 (increases phishing risk),,"{""google_available"": true, ""google_flagged"": false, ""google_safe_browsing"": {}, ""model_confidence"": 54.03535461425781, ""model_prediction"": ""PHISHING"", ""model_reasoning"": [{""feature"": ""Qty Dot Domain"", ""impact"": ""increases phishing risk"", ""shap_value"": 1.0949199199676514, ""value"": 1.0}, {""feature"": ""Qty Tld Url"", ""impact"": ""increases phishing risk"", ""shap_value"": 0.4800277352333069, ""value"": 2.0}], ""model_status"": 0, ""url"": ""http://digitalhands.ru""}"
http://digitalhealthchat.com,clean,blocked by model,,,True,{},PHISHING,0,58.8826904296875,False,Qty Dot Domain=1.0 (increases phishing risk) | Qty Tld Url=3.0 (increases phishing risk),,"{""google_available"": true, ""google_flagged"": false, ""google_safe_browsing"": {}, ""model_confidence"": 58.8826904296875, ""model_prediction"": ""PHISHING"", ""model_reasoning"": [{""feature"": ""Qty Dot Domain"", ""impact"": ""increases phishing risk"", ""shap_value"": 0.8650433421134949, ""value"": 1.0}, {""feature"": ""Qty Tld Url"", ""impact"": ""increases phishing risk"", ""shap_value"": 0.5566880106925964, ""value"": 3.0}], ""model_status"": 0, ""url"": ""http://digitalhealthchat.com""}"
http://digitalidea.com.eg,clean,blocked by model,,,True,{},PHISHING,0,59.26016616821289,False,Qty Vowels Domain=8.0 (increases phishing risk) | Qty Tld Url=2.0 (increases phishing risk) | Length Url=18.0 (decreases phishing risk),,"{""google_available"": true, ""google_flagged"": false, ""google_safe_browsing"": {}, ""model_confidence"": 59.26016616821289, ""model_prediction"": ""PHISHING"", ""model_reasoning"": [{""feature"": ""Qty Vowels Domain"", ""impact"": ""increases phishing risk"", ""shap_value"": 1.2529267072677612, ""value"": 8.0}, {""feature"": ""Qty Tld Url"", ""impact"": ""increases phishing risk"", ""shap_value"": 0.6877996325492859, ""value"": 2.0}, {""feature"": ""Length Url"", ""impact"": ""decreases phishing risk"", ""shap_value"": -0.601569652557373, ""value"": 18.0}], ""model_status"": 0, ""url"": ""http://digitalidea.com.eg""}"
http://digitalillusionsvideo.com,clean,allowed,,,True,{},Legitimate,1,50.526798248291016,False,Qty Tld Url=3.0 (increases phishing risk) | Qty Vowels Domain=11.0 (increases phishing risk) | Qty Dot Domain=1.0 (increases phishing risk),,"{""google_available"": true, ""google_flagged"": false, ""google_safe_browsing"": {}, ""model_confidence"": 50.526798248291016, ""model_prediction"": ""Legitimate"", ""model_reasoning"": [{""feature"": ""Qty Tld Url"", ""impact"": ""increases phishing risk"", ""shap_value"": 0.7055341005325317, ""value"": 3.0}, {""feature"": ""Qty Vowels Domain"", ""impact"": ""increases phishing risk"", ""shap_value"": 0.5087798833847046, ""value"": 11.0}, {""feature"": ""Qty Dot Domain"", ""impact"": ""increases phishing risk"", ""shap_value"": 0.4299030303955078, ""value"": 1.0}], ""model_status"": 1, ""url"": ""http://digitalillusionsvideo.com""}"
http://digitalimages.tk,clean,blocked by model,,,True,{},PHISHING,0,74.80116271972656,False,Qty Dot Domain=1.0 (increases phishing risk) | Length Url=16.0 (decreases phishing risk),,"{""google_available"": true, ""google_flagged"": false, ""google_safe_browsing"": {}, ""model_confidence"": 74.80116271972656, ""model_prediction"": ""PHISHING"", ""model_reasoning"": [{""feature"": ""Qty Dot Domain"", ""impact"": ""increases phishing risk"", ""shap_value"": 0.952678918838501, ""value"": 1.0}, {""feature"": ""Length Url"", ""impact"": ""decreases phishing risk"", ""shap_value"": -0.4943224787712097, ""value"": 16.0}], ""model_status"": 0, ""url"": ""http://digitalimages.tk""}"
http://digitalinfocle.firebaseapp.com,clean,allowed,,,True,{},Legitimate,1,90.80189514160156,False,Qty Tld Url=3.0 (increases phishing risk) | Qty Vowels Domain=12.0 (increases phishing risk) | Domain Length=30.0 (increases phishing risk),,"{""google_available"": true, ""google_flagged"": false, ""google_safe_browsing"": {}, ""model_confidence"": 90.80189514160156, ""model_prediction"": ""Legitimate"", ""model_reasoning"": [{""feature"": ""Qty Tld Url"", ""impact"": ""increases phishing risk"", ""shap_value"": 1.6737785339355469, ""value"": 3.0}, {""feature"": ""Qty Vowels Domain"", ""impact"": ""increases phishing risk"", ""shap_value"": 1.16187584400177, ""value"": 12.0}, {""feature"": ""Domain Length"", ""impact"": ""increases phishing risk"", ""shap_value"": 0.4737307131290436, ""value"": 30.0}], ""model_status"": 1, ""url"": ""http://digitalinfocle.firebaseapp.com""}"
http://digitalink.hu,clean,blocked by model,,,True,{},PHISHING,0,59.02406692504883,False,Qty Dot Domain=1.0 (increases phishing risk) | Qty Tld Url=2.0 (increases phishing risk),,"{""google_available"": true, ""google_flagged"": false, ""google_safe_browsing"": {}, ""model_confidence"": 59.02406692504883, ""model_prediction"": ""PHISHING"", ""model_reasoning"": [{""feature"": ""Qty Dot Domain"", ""impact"": ""increases phishing risk"", ""shap_value"": 0.9448511004447937, ""value"": 1.0}, {""feature"": ""Qty Tld Url"", ""impact"": ""increases phishing risk"", ""shap_value"": 0.638353705406189, ""value"": 2.0}], ""model_status"": 0, ""url"": ""http://digitalink.hu""}"
http://digitalkarachi.pk,clean,blocked by model,,,True,{},PHISHING,0,59.04195785522461,False,Qty Dot Domain=1.0 (increases phishing risk) | Qty Tld Url=2.0 (increases phishing risk),,"{""google_available"": true, ""google_flagged"": false, ""google_safe_browsing"": {}, ""model_confidence"": 59.04195785522461, ""model_prediction"": ""PHISHING"", ""model_reasoning"": [{""feature"": ""Qty Dot Domain"", ""impact"": ""increases phishing risk"", ""shap_value"": 1.0890852212905884, ""value"": 1.0}, {""feature"": ""Qty Tld Url"", ""impact"": ""increases phishing risk"", ""shap_value"": 0.34279024600982666, ""value"": 2.0}], ""model_status"": 0, ""url"": ""http://digitalkarachi.pk""}"
http://digital-ledger-downloadd.webflow.io,clean,allowed,,,True,{},Legitimate,1,78.11235809326172,False,Qty Tld Url=2.0 (increases phishing risk) | Length Url=35.0 (increases phishing risk) | Qty Hyphen Url=2.0 (increases phishing risk),,"{""google_available"": true, ""google_flagged"": false, ""google_safe_browsing"": {}, ""model_confidence"": 78.11235809326172, ""model_prediction"": ""Legitimate"", ""model_reasoning"": [{""feature"": ""Qty Tld Url"", ""impact"": ""increases phishing risk"", ""shap_value"": 0.9886693358421326, ""value"": 2.0}, {""feature"": ""Length Url"", ""impact"": ""increases phishing risk"", ""shap_value"": 0.724282443523407, ""value"": 35.0}, {""feature"": ""Qty Hyphen Url"", ""impact"": ""increases phishing risk"", ""shap_value"": 0.48967671394348145, ""value"": 2.0}], ""model_status"": 1, ""url"": ""http://digital-ledger-downloadd.webflow.io""}"
http://digitallightingdesigners.com,clean,blocked by model,,,True,{},PHISHING,0,74.61882781982422,False,Qty Tld Url=3.0 (increases phishing risk) | Qty Vowels Domain=9.0 (decreases phishing risk),,"{""google_available"": true, ""google_flagged"": false, ""google_safe_browsing"": {}, ""model_confidence"": 74.61882781982422, ""model_prediction"": ""PHISHING"", ""model_reasoning"": [{""feature"": ""Qty Tld Url"", ""impact"": ""increases phishing risk"", ""shap_value"": 0.7540629506111145, ""value"": 3.0}, {""feature"": ""Qty Vowels Domain"", ""impact"": ""decreases phishing risk"", ""shap_value"": -0.22489506006240845, ""value"": 9.0}], ""model_status"": 0, ""url"": ""http://digitallightingdesigners.com""}"
http://digitallog-security.com,flagged,blocked by Google Safe Browsing,,,True,"{""matches"": [{""cacheDuration"": ""300s"", ""platformType"": ""ANY_PLATFORM"", ""threat"": {""url"": ""http://digitallog-security.com""}, ""threatEntryType"": ""URL"", ""threatType"": ""SOCIAL_ENGINEERING""}]}",PHISHING,0,100.0,True,Flagged by Google Safe Browsing.,,"{""google_available"": true, ""google_flagged"": true, ""google_safe_browsing"": {""matches"": [{""cacheDuration"": ""300s"", ""platformType"": ""ANY_PLATFORM"", ""threat"": {""url"": ""http://digitallog-security.com""}, ""threatEntryType"": ""URL"", ""threatType"": ""SOCIAL_ENGINEERING""}]}, ""model_confidence"": 100.0, ""model_prediction"": ""PHISHING"", ""model_reasoning"": [""Flagged by Google Safe Browsing.""], ""model_status"": 0, ""url"": ""http://digitallog-security.com""}"
http://digitallyjustified.com,clean,blocked by model,,,True,{},PHISHING,0,73.59403228759766,False,Qty Tld Url=3.0 (increases phishing risk) | Qty Dot Domain=1.0 (increases phishing risk),,"{""google_available"": true, ""google_flagged"": false, ""google_safe_browsing"": {}, ""model_confidence"": 73.59403228759766, ""model_prediction"": ""PHISHING"", ""model_reasoning"": [{""feature"": ""Qty Tld Url"", ""impact"": ""increases phishing risk"", ""shap_value"": 0.6706541776657104, ""value"": 3.0}, {""feature"": ""Qty Dot Domain"", ""impact"": ""increases phishing risk"", ""shap_value"": 0.37095388770103455, ""value"": 1.0}], ""model_status"": 0, ""url"": ""http://digitallyjustified.com""}"
http://digitalmarketingcompanyinlucknow.com,clean,allowed,,,True,{},Legitimate,1,75.31910705566406,False,Length Url=36.0 (increases phishing risk) | Qty Tld Url=3.0 (increases phishing risk) | Qty Dot Domain=1.0 (increases phishing risk),,"{""google_available"": true, ""google_flagged"": false, ""google_safe_browsing"": {}, ""model_confidence"": 75.31910705566406, ""model_prediction"": ""Legitimate"", ""model_reasoning"": [{""feature"": ""Length Url"", ""impact"": ""increases phishing risk"", ""shap_value"": 1.1427186727523804, ""value"": 36.0}, {""feature"": ""Qty Tld Url"", ""impact"": ""increases phishing risk"", ""shap_value"": 0.8033921122550964, ""value"": 3.0}, {""feature"": ""Qty Dot Domain"", ""impact"": ""increases phishing risk"", ""shap_value"": 0.6964277625083923, ""value"": 1.0}], ""model_status"": 1, ""url"": ""http://digitalmarketingcompanyinlucknow.com""}"
http://digitalmarketingdoyen.com,clean,blocked by model,,,True,{},PHISHING,0,72.1098861694336,False,Qty Tld Url=3.0 (increases phishing risk) | Qty Dot Domain=1.0 (increases phishing risk),,"{""google_available"": true, ""google_flagged"": false, ""google_safe_browsing"": {}, ""model_confidence"": 72.1098861694336, ""model_prediction"": ""PHISHING"", ""model_reasoning"": [{""feature"": ""Qty Tld Url"", ""impact"": ""increases phishing risk"", ""shap_value"": 0.620402991771698, ""value"": 3.0}, {""feature"": ""Qty Dot Domain"", ""impact"": ""increases phishing risk"", ""shap_value"": 0.5123047828674316, ""value"": 1.0}], ""model_status"": 0, ""url"": ""http://digitalmarketingdoyen.com""}"
http://digitalmarketingtraining.institute,clean,allowed,,,True,{},Legitimate,1,73.96841430664062,False,Length Url=34.0 (increases phishing risk) | Qty Tld Url=9.0 (increases phishing risk) | Qty Dot Domain=1.0 (increases phishing risk),,"{""google_available"": true, ""google_flagged"": false, ""google_safe_browsing"": {}, ""model_confidence"": 73.96841430664062, ""model_prediction"": ""Legitimate"", ""model_reasoning"": [{""feature"": ""Length Url"", ""impact"": ""increases phishing risk"", ""shap_value"": 0.9922832250595093, ""value"": 34.0}, {""feature"": ""Qty Tld Url"", ""impact"": ""increases phishing risk"", ""shap_value"": 0.8102201819419861, ""value"": 9.0}, {""feature"": ""Qty Dot Domain"", ""impact"": ""increases phishing risk"", ""shap_value"": 0.583570122718811, ""value"": 1.0}], ""model_status"": 1, ""url"": ""http://digitalmarketingtraining.institute""}"
http://digitalmediasocialnetworking.com,clean,allowed,,,True,{},Legitimate,1,59.08269119262695,False,Qty Tld Url=3.0 (increases phishing risk) | Length Url=32.0 (increases phishing risk) | Qty Dot Domain=1.0 (increases phishing risk),,"{""google_available"": true, ""google_flagged"": false, ""google_safe_browsing"": {}, ""model_confidence"": 59.08269119262695, ""model_prediction"": ""Legitimate"", ""model_reasoning"": [{""feature"": ""Qty Tld Url"", ""impact"": ""increases phishing risk"", ""shap_value"": 0.8616561889648438, ""value"": 3.0}, {""feature"": ""Length Url"", ""impact"": ""increases phishing risk"", ""shap_value"": 0.5254268646240234, ""value"": 32.0}, {""feature"": ""Qty Dot Domain"", ""impact"": ""increases phishing risk"", ""shap_value"": 0.5237700939178467, ""value"": 1.0}], ""model_status"": 1, ""url"": ""http://digitalmediasocialnetworking.com""}"
http://digitalmediawatch.com,clean,blocked by model,,,True,{},PHISHING,0,54.88972473144531,False,Qty Tld Url=3.0 (increases phishing risk) | Qty Dot Domain=1.0 (increases phishing risk) | Qty Vowels Domain=8.0 (increases phishing risk),,"{""google_available"": true, ""google_flagged"": false, ""google_safe_browsing"": {}, ""model_confidence"": 54.88972473144531, ""model_prediction"": ""PHISHING"", ""model_reasoning"": [{""feature"": ""Qty Tld Url"", ""impact"": ""increases phishing risk"", ""shap_value"": 0.6485721468925476, ""value"": 3.0}, {""feature"": ""Qty Dot Domain"", ""impact"": ""increases phishing risk"", ""shap_value"": 0.4753514528274536, ""value"": 1.0}, {""feature"": ""Qty Vowels Domain"", ""impact"": ""increases phishing risk"", ""shap_value"": 0.4742727279663086, ""value"": 8.0}], ""model_status"": 0, ""url"": ""http://digitalmediawatch.com""}"
http://digital.momentumacademy.net,clean,allowed,,,True,{},Legitimate,1,81.5338363647461,False,Qty Tld Url=3.0 (increases phishing risk) | Qty Vowels Domain=10.0 (increases phishing risk) | Domain Length=27.0 (increases phishing risk),,"{""google_available"": true, ""google_flagged"": false, ""google_safe_browsing"": {}, ""model_confidence"": 81.5338363647461, ""model_prediction"": ""Legitimate"", ""model_reasoning"": [{""feature"": ""Qty Tld Url"", ""impact"": ""increases phishing risk"", ""shap_value"": 1.4324146509170532, ""value"": 3.0}, {""feature"": ""Qty Vowels Domain"", ""impact"": ""increases phishing risk"", ""shap_value"": 0.9022544622421265, ""value"": 10.0}, {""feature"": ""Domain Length"", ""impact"": ""increases phishing risk"", ""shap_value"": 0.3382517099380493, ""value"": 27.0}], ""model_status"": 1, ""url"": ""http://digital.momentumacademy.net""}"
http://digitalmonark.com,clean,blocked by model,,,True,{},PHISHING,0,59.04195785522461,False,Qty Dot Domain=1.0 (increases phishing risk) | Qty Tld Url=3.0 (increases phishing risk),,"{""google_available"": true, ""google_flagged"": false, ""google_safe_browsing"": {}, ""model_confidence"": 59.04195785522461, ""model_prediction"": ""PHISHING"", ""model_reasoning"": [{""feature"": ""Qty Dot Domain"", ""impact"": ""increases phishing risk"", ""shap_value"": 1.0890852212905884, ""value"": 1.0}, {""feature"": ""Qty Tld Url"", ""impact"": ""increases phishing risk"", ""shap_value"": 0.34279024600982666, ""value"": 3.0}], ""model_status"": 0, ""url"": ""http://digitalmonark.com""}"
http://digitalmpg.com,clean,blocked by model,,,True,{},PHISHING,0,53.378822326660156,False,Qty Dot Domain=1.0 (increases phishing risk) | Qty Tld Url=3.0 (increases phishing risk),,"{""google_available"": true, ""google_flagged"": false, ""google_safe_browsing"": {}, ""model_confidence"": 53.378822326660156, ""model_prediction"": ""PHISHING"", ""model_reasoning"": [{""feature"": ""Qty Dot Domain"", ""impact"": ""increases phishing risk"", ""shap_value"": 1.0844541788101196, ""value"": 1.0}, {""feature"": ""Qty Tld Url"", ""impact"": ""increases phishing risk"", ""shap_value"": 0.45790866017341614, ""value"": 3.0}], ""model_status"": 0, ""url"": ""http://digitalmpg.com""}"
http://digitalmps.info,clean,blocked by model,,,True,{},PHISHING,0,54.03535461425781,False,Qty Dot Domain=1.0 (increases phishing risk) | Qty Tld Url=4.0 (increases phishing risk),,"{""google_available"": true, ""google_flagged"": false, ""google_safe_browsing"": {}, ""model_confidence"": 54.03535461425781, ""model_prediction"": ""PHISHING"", ""model_reasoning"": [{""feature"": ""Qty Dot Domain"", ""impact"": ""increases phishing risk"", ""shap_value"": 1.0949199199676514, ""value"": 1.0}, {""feature"": ""Qty Tld Url"", ""impact"": ""increases phishing risk"", ""shap_value"": 0.4800277352333069, ""value"": 4.0}], ""model_status"": 0, ""url"": ""http://digitalmps.info""}"
http://digital.mps.it.pri.login.home.mobile.newconcept-furnire.com,clean,allowed,,,True,{},Legitimate,1,99.7324447631836,False,Length Url=59.0 (increases phishing risk) | Qty Vowels Domain=19.0 (increases phishing risk) | Domain Length=59.0 (increases phishing risk) | Qty Dot Url=8.0 (increases phishing risk),,"{""google_available"": true, ""google_flagged"": false, ""google_safe_browsing"": {}, ""model_confidence"": 99.7324447631836, ""model_prediction"": ""Legitimate"", ""model_reasoning"": [{""feature"": ""Length Url"", ""impact"": ""increases phishing risk"", ""shap_value"": 2.5914227962493896, ""value"": 59.0}, {""feature"": ""Qty Vowels Domain"", ""impact"": ""increases phishing risk"", ""shap_value"": 1.5828291177749634, ""value"": 19.0}, {""feature"": ""Domain Length"", ""impact"": ""increases phishing risk"", ""shap_value"": 1.1125184297561646, ""value"": 59.0}, {""feature"": ""Qty Dot Url"", ""impact"": ""increases phishing risk"", ""shap_value"": 0.9664303064346313, ""value"": 8.0}], ""model_status"": 1, ""url"": ""http://digital.mps.it.pri.login.home.mobile.newconcept-furnire.com""}"
http://digitalmultired1bn-corn-pe.xyz,clean,allowed,,,True,{},Legitimate,1,53.144378662109375,False,Qty Tld Url=3.0 (increases phishing risk) | Qty Dot Domain=1.0 (increases phishing risk),,"{""google_available"": true, ""google_flagged"": false, ""google_safe_browsing"": {}, ""model_confidence"": 53.144378662109375, ""model_prediction"": ""Legitimate"", ""model_reasoning"": [{""feature"": ""Qty Tld Url"", ""impact"": ""increases phishing risk"", ""shap_value"": 0.8285365104675293, ""value"": 3.0}, {""feature"": ""Qty Dot Domain"", ""impact"": ""increases phishing risk"", ""shap_value"": 0.4437068700790405, ""value"": 1.0}], ""model_status"": 1, ""url"": ""http://digitalmultired1bn-corn-pe.xyz""}"
http://digitalmygovtody.info,clean,blocked by model,,,True,{},PHISHING,0,58.8826904296875,False,Qty Dot Domain=1.0 (increases phishing risk) | Qty Tld Url=4.0 (increases phishing risk),,"{""google_available"": true, ""google_flagged"": false, ""google_safe_browsing"": {}, ""model_confidence"": 58.8826904296875, ""model_prediction"": ""PHISHING"", ""model_reasoning"": [{""feature"": ""Qty Dot Domain"", ""impact"": ""increases phishing risk"", ""shap_value"": 0.8650433421134949, ""value"": 1.0}, {""feature"": ""Qty Tld Url"", ""impact"": ""increases phishing risk"", ""shap_value"": 0.5566880106925964, ""value"": 4.0}], ""model_status"": 0, ""url"": ""http://digitalmygovtody.info""}"
http://digitalnewstore.com,clean,blocked by model,,,True,{},PHISHING,0,60.15568542480469,False,Qty Dot Domain=1.0 (increases phishing risk) | Qty Tld Url=3.0 (increases phishing risk),,"{""google_available"": true, ""google_flagged"": false, ""google_safe_browsing"": {}, ""model_confidence"": 60.15568542480469, ""model_prediction"": ""PHISHING"", ""model_reasoning"": [{""feature"": ""Qty Dot Domain"", ""impact"": ""increases phishing risk"", ""shap_value"": 0.895470380783081, ""value"": 1.0}, {""feature"": ""Qty Tld Url"", ""impact"": ""increases phishing risk"", ""shap_value"": 0.43321841955184937, ""value"": 3.0}], ""model_status"": 0, ""url"": ""http://digitalnewstore.com""}"
http://digitalnhscpass.com,clean,blocked by model,,,True,{},PHISHING,0,68.4349594116211,False,Qty Dot Domain=1.0 (increases phishing risk) | Length Url=19.0 (decreases phishing risk),,"{""google_available"": true, ""google_flagged"": false, ""google_safe_browsing"": {}, ""model_confidence"": 68.4349594116211, ""model_prediction"": ""PHISHING"", ""model_reasoning"": [{""feature"": ""Qty Dot Domain"", ""impact"": ""increases phishing risk"", ""shap_value"": 1.1021499633789062, ""value"": 1.0}, {""feature"": ""Length Url"", ""impact"": ""decreases phishing risk"", ""shap_value"": -0.42996084690093994, ""value"": 19.0}], ""model_status"": 0, ""url"": ""http://digitalnhscpass.com""}"
http://digitalnodeservexyz.pages.dev,clean,allowed,,,True,{},Legitimate,1,78.69993591308594,False,Qty Tld Url=3.0 (increases phishing risk) | Qty Vowels Domain=10.0 (increases phishing risk),,"{""google_available"": true, ""google_flagged"": false, ""google_safe_browsing"": {}, ""model_confidence"": 78.69993591308594, ""model_prediction"": ""Legitimate"", ""model_reasoning"": [{""feature"": ""Qty Tld Url"", ""impact"": ""increases phishing risk"", ""shap_value"": 1.5449459552764893, ""value"": 3.0}, {""feature"": ""Qty Vowels Domain"", ""impact"": ""increases phishing risk"", ""shap_value"": 0.7957025766372681, ""value"": 10.0}], ""model_status"": 1, ""url"": ""http://digitalnodeservexyz.pages.dev""}"
http://digital-novelty-10f9b58.ingress-erytho.ewp.live,clean,allowed,,,True,{},Legitimate,1,65.2296371459961,False,Length Url=47.0 (increases phishing risk) | Domain Length=47.0 (increases phishing risk) | Qty Tld Url=4.0 (increases phishing risk),,"{""google_available"": true, ""google_flagged"": false, ""google_safe_browsing"": {}, ""model_confidence"": 65.2296371459961, ""model_prediction"": ""Legitimate"", ""model_reasoning"": [{""feature"": ""Length Url"", ""impact"": ""increases phishing risk"", ""shap_value"": 1.3245174884796143, ""value"": 47.0}, {""feature"": ""Domain Length"", ""impact"": ""increases phishing risk"", ""shap_value"": 1.1186796426773071, ""value"": 47.0}, {""feature"": ""Qty Tld Url"", ""impact"": ""increases phishing risk"", ""shap_value"": 0.8210048079490662, ""value"": 4.0}], ""model_status"": 1, ""url"": ""http://digital-novelty-10f9b58.ingress-erytho.ewp.live""}"
http://digitaloceans.sgp1.digitaloceanspaces.com,clean,allowed,,,True,{},Legitimate,1,54.35198974609375,False,Qty Tld Url=3.0 (increases phishing risk) | Length Url=41.0 (increases phishing risk) | Domain Length=41.0 (increases phishing risk),,"{""google_available"": true, ""google_flagged"": false, ""google_safe_browsing"": {}, ""model_confidence"": 54.35198974609375, ""model_prediction"": ""Legitimate"", ""model_reasoning"": [{""feature"": ""Qty Tld Url"", ""impact"": ""increases phishing risk"", ""shap_value"": 0.9795452356338501, ""value"": 3.0}, {""feature"": ""Length Url"", ""impact"": ""increases phishing risk"", ""shap_value"": 0.6519523859024048, ""value"": 41.0}, {""feature"": ""Domain Length"", ""impact"": ""increases phishing risk"", ""shap_value"": 0.6143507361412048, ""value"": 41.0}], ""model_status"": 1, ""url"": ""http://digitaloceans.sgp1.digitaloceanspaces.com""}"
http://digital-post.net,clean,allowed,,,True,{},Legitimate,1,50.147247314453125,False,Qty Dot Domain=1.0 (increases phishing risk) | Qty Hyphen Url=1.0 (increases phishing risk),,"{""google_available"": true, ""google_flagged"": false, ""google_safe_browsing"": {}, ""model_confidence"": 50.147247314453125, ""model_prediction"": ""Legitimate"", ""model_reasoning"": [{""feature"": ""Qty Dot Domain"", ""impact"": ""increases phishing risk"", ""shap_value"": 1.2394574880599976, ""value"": 1.0}, {""feature"": ""Qty Hyphen Url"", ""impact"": ""increases phishing risk"", ""shap_value"": 0.46600186824798584, ""value"": 1.0}], ""model_status"": 1, ""url"": ""http://digital-post.net""}"
http://digitalprinceton.com,clean,blocked by model,,,True,{},PHISHING,0,68.72795867919922,False,Qty Dot Domain=1.0 (increases phishing risk) | Qty Tld Url=3.0 (increases phishing risk),,"{""google_available"": true, ""google_flagged"": false, ""google_safe_browsing"": {}, ""model_confidence"": 68.72795867919922, ""model_prediction"": ""PHISHING"", ""model_reasoning"": [{""feature"": ""Qty Dot Domain"", ""impact"": ""increases phishing risk"", ""shap_value"": 0.8318532705307007, ""value"": 1.0}, {""feature"": ""Qty Tld Url"", ""impact"": ""increases phishing risk"", ""shap_value"": 0.48812755942344666, ""value"": 3.0}], ""model_status"": 0, ""url"": ""http://digitalprinceton.com""}"
http://digitalprivacyadvocates.com,clean,blocked by model,,,True,{},PHISHING,0,58.4526252746582,False,Qty Tld Url=3.0 (increases phishing risk) | Qty Vowels Domain=10.0 (increases phishing risk),,"{""google_available"": true, ""google_flagged"": false, ""google_safe_browsing"": {}, ""model_confidence"": 58.4526252746582, ""model_prediction"": ""PHISHING"", ""model_reasoning"": [{""feature"": ""Qty Tld Url"", ""impact"": ""increases phishing risk"", ""shap_value"": 0.8892396688461304, ""value"": 3.0}, {""feature"": ""Qty Vowels Domain"", ""impact"": ""increases phishing risk"", ""shap_value"": 0.3061472177505493, ""value"": 10.0}], ""model_status"": 0, ""url"": ""http://digitalprivacyadvocates.com""}"
http://digital-private-web.com,clean,allowed,,,True,{},Legitimate,1,68.66527557373047,False,Qty Dot Domain=1.0 (increases phishing risk) | Qty Hyphen Url=2.0 (increases phishing risk) | Qty Tld Url=3.0 (increases phishing risk),,"{""google_available"": true, ""google_flagged"": false, ""google_safe_browsing"": {}, ""model_confidence"": 68.66527557373047, ""model_prediction"": ""Legitimate"", ""model_reasoning"": [{""feature"": ""Qty Dot Domain"", ""impact"": ""increases phishing risk"", ""shap_value"": 0.9472408890724182, ""value"": 1.0}, {""feature"": ""Qty Hyphen Url"", ""impact"": ""increases phishing risk"", ""shap_value"": 0.7608295679092407, ""value"": 2.0}, {""feature"": ""Qty Tld Url"", ""impact"": ""increases phishing risk"", ""shap_value"": 0.568288266658783, ""value"": 3.0}], ""model_status"": 1, ""url"": ""http://digital-private-web.com""}"
http://digitalprocurements.com,clean,blocked by model,,,True,{},PHISHING,0,68.55219268798828,False,Qty Tld Url=3.0 (increases phishing risk) | Qty Dot Domain=1.0 (increases phishing risk),,"{""google_available"": true, ""google_flagged"": false, ""google_safe_browsing"": {}, ""model_confidence"": 68.55219268798828, ""model_prediction"": ""PHISHING"", ""model_reasoning"": [{""feature"": ""Qty Tld Url"", ""impact"": ""increases phishing risk"", ""shap_value"": 0.6070929169654846, ""value"": 3.0}, {""feature"": ""Qty Dot Domain"", ""impact"": ""increases phishing risk"", ""shap_value"": 0.4321024417877197, ""value"": 1.0}], ""model_status"": 0, ""url"": ""http://digitalprocurements.com""}"
http://digitalprompt.pages.dev,clean,blocked by model,,,True,{},PHISHING,0,91.45160675048828,False,Qty Tld Url=3.0 (increases phishing risk) | Qty Dot Domain=2.0 (decreases phishing risk),,"{""google_available"": true, ""google_flagged"": false, ""google_safe_browsing"": {}, ""model_confidence"": 91.45160675048828, ""model_prediction"": ""PHISHING"", ""model_reasoning"": [{""feature"": ""Qty Tld Url"", ""impact"": ""increases phishing risk"", ""shap_value"": 0.44834068417549133, ""value"": 3.0}, {""feature"": ""Qty Dot Domain"", ""impact"": ""decreases phishing risk"", ""shap_value"": -0.2856503129005432, ""value"": 2.0}], ""model_status"": 0, ""url"": ""http://digitalprompt.pages.dev""}"
http://digitalprotectionadzone-ten.vercel.app,clean,allowed,,,True,{},Legitimate,1,95.95903015136719,False,Qty Vowels Domain=14.0 (increases phishing risk) | Length Url=38.0 (increases phishing risk) | Qty Tld Url=3.0 (increases phishing risk),,"{""google_available"": true, ""google_flagged"": false, ""google_safe_browsing"": {}, ""model_confidence"": 95.95903015136719, ""model_prediction"": ""Legitimate"", ""model_reasoning"": [{""feature"": ""Qty Vowels Domain"", ""impact"": ""increases phishing risk"", ""shap_value"": 1.259900450706482, ""value"": 14.0}, {""feature"": ""Length Url"", ""impact"": ""increases phishing risk"", ""shap_value"": 1.2247921228408813, ""value"": 38.0}, {""feature"": ""Qty Tld Url"", ""impact"": ""increases phishing risk"", ""shap_value"": 1.0027661323547363, ""value"": 3.0}], ""model_status"": 1, ""url"": ""http://digitalprotectionadzone-ten.vercel.app""}"
http://digitalprotectionbrandshift.vercel.app,clean,allowed,,,True,{},Legitimate,1,91.4549560546875,False,Length Url=38.0 (increases phishing risk) | Qty Tld Url=3.0 (increases phishing risk) | Qty Vowels Domain=12.0 (increases phishing risk),,"{""google_available"": true, ""google_flagged"": false, ""google_safe_browsing"": {}, ""model_confidence"": 91.4549560546875, ""model_prediction"": ""Legitimate"", ""model_reasoning"": [{""feature"": ""Length Url"", ""impact"": ""increases phishing risk"", ""shap_value"": 1.130497694015503, ""value"": 38.0}, {""feature"": ""Qty Tld Url"", ""impact"": ""increases phishing risk"", ""shap_value"": 1.1031807661056519, ""value"": 3.0}, {""feature"": ""Qty Vowels Domain"", ""impact"": ""increases phishing risk"", ""shap_value"": 0.8882123827934265, ""value"": 12.0}], ""model_status"": 1, ""url"": ""http://digitalprotectionbrandshift.vercel.app""}"
http://digitalprotectionviralforge.vercel.app,clean,allowed,,,True,{},Legitimate,1,89.34199523925781,False,Length Url=38.0 (increases phishing risk) | Qty Tld Url=3.0 (increases phishing risk) | Qty Vowels Domain=14.0 (increases phishing risk),,"{""google_available"": true, ""google_flagged"": false, ""google_safe_browsing"": {}, ""model_confidence"": 89.34199523925781, ""model_prediction"": ""Legitimate"", ""model_reasoning"": [{""feature"": ""Length Url"", ""impact"": ""increases phishing risk"", ""shap_value"": 1.1734826564788818, ""value"": 38.0}, {""feature"": ""Qty Tld Url"", ""impact"": ""increases phishing risk"", ""shap_value"": 1.052743673324585, ""value"": 3.0}, {""feature"": ""Qty Vowels Domain"", ""impact"": ""increases phishing risk"", ""shap_value"": 0.9380290508270264, ""value"": 14.0}], ""model_status"": 1, ""url"": ""http://digitalprotectionviralforge.vercel.app""}"
http://digitalquarter.ml,clean,blocked by model,,,True,{},PHISHING,0,59.04195785522461,False,Qty Dot Domain=1.0 (increases phishing risk) | Qty Tld Url=2.0 (increases phishing risk),,"{""google_available"": true, ""google_flagged"": false, ""google_safe_browsing"": {}, ""model_confidence"": 59.04195785522461, ""model_prediction"": ""PHISHING"", ""model_reasoning"": [{""feature"": ""Qty Dot Domain"", ""impact"": ""increases phishing risk"", ""shap_value"": 1.0890852212905884, ""value"": 1.0}, {""feature"": ""Qty Tld Url"", ""impact"": ""increases phishing risk"", ""shap_value"": 0.34279024600982666, ""value"": 2.0}], ""model_status"": 0, ""url"": ""http://digitalquarter.ml""}"
http://digitalrainmakers.com,clean,blocked by model,,,True,{},PHISHING,0,54.88972473144531,False,Qty Tld Url=3.0 (increases phishing risk) | Qty Dot Domain=1.0 (increases phishing risk) | Qty Vowels Domain=8.0 (increases phishing risk),,"{""google_available"": true, ""google_flagged"": false, ""google_safe_browsing"": {}, ""model_confidence"": 54.88972473144531, ""model_prediction"": ""PHISHING"", ""model_reasoning"": [{""feature"": ""Qty Tld Url"", ""impact"": ""increases phishing risk"", ""shap_value"": 0.6485721468925476, ""value"": 3.0}, {""feature"": ""Qty Dot Domain"", ""impact"": ""increases phishing risk"", ""shap_value"": 0.4753514528274536, ""value"": 1.0}, {""feature"": ""Qty Vowels Domain"", ""impact"": ""increases phishing risk"", ""shap_value"": 0.4742727279663086, ""value"": 8.0}], ""model_status"": 0, ""url"": ""http://digitalrainmakers.com""}"
http://digital.realizar-se.com.br,clean,blocked by model,,,True,{},PHISHING,0,80.93524932861328,False,Qty Tld Url=2.0 (increases phishing risk) | Qty Dot Domain=3.0 (decreases phishing risk) | Qty Dot Url=3.0 (decreases phishing risk),,"{""google_available"": true, ""google_flagged"": false, ""google_safe_browsing"": {}, ""model_confidence"": 80.93524932861328, ""model_prediction"": ""PHISHING"", ""model_reasoning"": [{""feature"": ""Qty Tld Url"", ""impact"": ""increases phishing risk"", ""shap_value"": 1.0071219205856323, ""value"": 2.0}, {""feature"": ""Qty Dot Domain"", ""impact"": ""decreases phishing risk"", ""shap_value"": -0.6040724515914917, ""value"": 3.0}, {""feature"": ""Qty Dot Url"", ""impact"": ""decreases phishing risk"", ""shap_value"": -0.447812020778656, ""value"": 3.0}], ""model_status"": 0, ""url"": ""http://digital.realizar-se.com.br""}"
http://digital-report-medi.net,clean,allowed,,,True,{},Legitimate,1,68.66527557373047,False,Qty Dot Domain=1.0 (increases phishing risk) | Qty Hyphen Url=2.0 (increases phishing risk) | Qty Tld Url=3.0 (increases phishing risk),,"{""google_available"": true, ""google_flagged"": false, ""google_safe_browsing"": {}, ""model_confidence"": 68.66527557373047, ""model_prediction"": ""Legitimate"", ""model_reasoning"": [{""feature"": ""Qty Dot Domain"", ""impact"": ""increases phishing risk"", ""shap_value"": 0.9472408890724182, ""value"": 1.0}, {""feature"": ""Qty Hyphen Url"", ""impact"": ""increases phishing risk"", ""shap_value"": 0.7608295679092407, ""value"": 2.0}, {""feature"": ""Qty Tld Url"", ""impact"": ""increases phishing risk"", ""shap_value"": 0.568288266658783, ""value"": 3.0}], ""model_status"": 1, ""url"": ""http://digital-report-medi.net""}"
http://digitalrightsbuzzxpert.vercel.app,flagged,blocked by Google Safe Browsing,,,True,"{""matches"": [{""cacheDuration"": ""300s"", ""platformType"": ""ANY_PLATFORM"", ""threat"": {""url"": ""http://digitalrightsbuzzxpert.vercel.app""}, ""threatEntryType"": ""URL"", ""threatType"": ""SOCIAL_ENGINEERING""}]}",PHISHING,0,100.0,True,Flagged by Google Safe Browsing.,,"{""google_available"": true, ""google_flagged"": true, ""google_safe_browsing"": {""matches"": [{""cacheDuration"": ""300s"", ""platformType"": ""ANY_PLATFORM"", ""threat"": {""url"": ""http://digitalrightsbuzzxpert.vercel.app""}, ""threatEntryType"": ""URL"", ""threatType"": ""SOCIAL_ENGINEERING""}]}, ""model_confidence"": 100.0, ""model_prediction"": ""PHISHING"", ""model_reasoning"": [""Flagged by Google Safe Browsing.""], ""model_status"": 0, ""url"": ""http://digitalrightsbuzzxpert.vercel.app""}"
http://digitalrightssocialvision.vercel.app,clean,allowed,,,True,{},Legitimate,1,71.82022094726562,False,Qty Tld Url=3.0 (increases phishing risk) | Length Url=36.0 (increases phishing risk) | Qty Vowels Domain=13.0 (increases phishing risk),,"{""google_available"": true, ""google_flagged"": false, ""google_safe_browsing"": {}, ""model_confidence"": 71.82022094726562, ""model_prediction"": ""Legitimate"", ""model_reasoning"": [{""feature"": ""Qty Tld Url"", ""impact"": ""increases phishing risk"", ""shap_value"": 1.1220194101333618, ""value"": 3.0}, {""feature"": ""Length Url"", ""impact"": ""increases phishing risk"", ""shap_value"": 0.6453790664672852, ""value"": 36.0}, {""feature"": ""Qty Vowels Domain"", ""impact"": ""increases phishing risk"", ""shap_value"": 0.6195893287658691, ""value"": 13.0}], ""model_status"": 1, ""url"": ""http://digitalrightssocialvision.vercel.app""}"
http://digitals.duckdns.org,clean,blocked by model,,,True,{},PHISHING,0,96.84407806396484,False,Length Url=20.0 (decreases phishing risk) | Qty Vowels Domain=5.0 (decreases phishing risk),,"{""google_available"": true, ""google_flagged"": false, ""google_safe_browsing"": {}, ""model_confidence"": 96.84407806396484, ""model_prediction"": ""PHISHING"", ""model_reasoning"": [{""feature"": ""Length Url"", ""impact"": ""decreases phishing risk"", ""shap_value"": -0.5589215755462646, ""value"": 20.0}, {""feature"": ""Qty Vowels Domain"", ""impact"": ""decreases phishing risk"", ""shap_value"": -0.4130485951900482, ""value"": 5.0}], ""model_status"": 0, ""url"": ""http://digitals.duckdns.org""}"
http://digital.service.53com.ogboard.com,flagged,blocked by Google Safe Browsing,,,True,"{""matches"": [{""cacheDuration"": ""300s"", ""platformType"": ""ANY_PLATFORM"", ""threat"": {""url"": ""http://digital.service.53com.ogboard.com""}, ""threatEntryType"": ""URL"", ""threatType"": ""SOCIAL_ENGINEERING""}]}",PHISHING,0,100.0,True,Flagged by Google Safe Browsing.,,"{""google_available"": true, ""google_flagged"": true, ""google_safe_browsing"": {""matches"": [{""cacheDuration"": ""300s"", ""platformType"": ""ANY_PLATFORM"", ""threat"": {""url"": ""http://digital.service.53com.ogboard.com""}, ""threatEntryType"": ""URL"", ""threatType"": ""SOCIAL_ENGINEERING""}]}, ""model_confidence"": 100.0, ""model_prediction"": ""PHISHING"", ""model_reasoning"": [""Flagged by Google Safe Browsing.""], ""model_status"": 0, ""url"": ""http://digital.service.53com.ogboard.com""}"
http://digitalsetembro02.com,clean,blocked by model,,,True,{},PHISHING,0,58.8826904296875,False,Qty Dot Domain=1.0 (increases phishing risk) | Qty Tld Url=3.0 (increases phishing risk),,"{""google_available"": true, ""google_flagged"": false, ""google_safe_browsing"": {}, ""model_confidence"": 58.8826904296875, ""model_prediction"": ""PHISHING"", ""model_reasoning"": [{""feature"": ""Qty Dot Domain"", ""impact"": ""increases phishing risk"", ""shap_value"": 0.8650433421134949, ""value"": 1.0}, {""feature"": ""Qty Tld Url"", ""impact"": ""increases phishing risk"", ""shap_value"": 0.5566880106925964, ""value"": 3.0}], ""model_status"": 0, ""url"": ""http://digitalsetembro02.com""}"
http://digitalsl-lif.pages.dev,clean,blocked by model,,,True,{},PHISHING,0,85.6368637084961,False,Qty Hyphen Url=1.0 (increases phishing risk) | Qty Tld Url=3.0 (increases phishing risk) | Qty Dot Domain=2.0 (decreases phishing risk),,"{""google_available"": true, ""google_flagged"": false, ""google_safe_browsing"": {}, ""model_confidence"": 85.6368637084961, ""model_prediction"": ""PHISHING"", ""model_reasoning"": [{""feature"": ""Qty Hyphen Url"", ""impact"": ""increases phishing risk"", ""shap_value"": 0.4435420632362366, ""value"": 1.0}, {""feature"": ""Qty Tld Url"", ""impact"": ""increases phishing risk"", ""shap_value"": 0.4147816300392151, ""value"": 3.0}, {""feature"": ""Qty Dot Domain"", ""impact"": ""decreases phishing risk"", ""shap_value"": -0.3844110369682312, ""value"": 2.0}], ""model_status"": 0, ""url"": ""http://digitalsl-lif.pages.dev""}"
http://digitalsproduct.com,clean,blocked by model,,,True,{},PHISHING,0,67.60105895996094,False,Qty Dot Domain=1.0 (increases phishing risk) | Qty Tld Url=3.0 (increases phishing risk),,"{""google_available"": true, ""google_flagged"": false, ""google_safe_browsing"": {}, ""model_confidence"": 67.60105895996094, ""model_prediction"": ""PHISHING"", ""model_reasoning"": [{""feature"": ""Qty Dot Domain"", ""impact"": ""increases phishing risk"", ""shap_value"": 0.9308356046676636, ""value"": 1.0}, {""feature"": ""Qty Tld Url"", ""impact"": ""increases phishing risk"", ""shap_value"": 0.38177770376205444, ""value"": 3.0}], ""model_status"": 0, ""url"": ""http://digitalsproduct.com""}"
http://digital-sso-uphold--cdn-d.webflow.io,clean,allowed,,,True,{},Legitimate,1,55.351661682128906,False,Length Url=36.0 (increases phishing risk) | Qty Tld Url=2.0 (increases phishing risk),,"{""google_available"": true, ""google_flagged"": false, ""google_safe_browsing"": {}, ""model_confidence"": 55.351661682128906, ""model_prediction"": ""Legitimate"", ""model_reasoning"": [{""feature"": ""Length Url"", ""impact"": ""increases phishing risk"", ""shap_value"": 0.744006335735321, ""value"": 36.0}, {""feature"": ""Qty Tld Url"", ""impact"": ""increases phishing risk"", ""shap_value"": 0.6421461701393127, ""value"": 2.0}], ""model_status"": 1, ""url"": ""http://digital-sso-uphold--cdn-d.webflow.io""}"
http://digital-sso-uphold-helps.webflow.io,clean,blocked by model,,,True,{},PHISHING,0,66.59083557128906,False,Qty Tld Url=2.0 (increases phishing risk) | Length Url=35.0 (increases phishing risk),,"{""google_available"": true, ""google_flagged"": false, ""google_safe_browsing"": {}, ""model_confidence"": 66.59083557128906, ""model_prediction"": ""PHISHING"", ""model_reasoning"": [{""feature"": ""Qty Tld Url"", ""impact"": ""increases phishing risk"", ""shap_value"": 0.7810288667678833, ""value"": 2.0}, {""feature"": ""Length Url"", ""impact"": ""increases phishing risk"", ""shap_value"": 0.4696880578994751, ""value"": 35.0}], ""model_status"": 0, ""url"": ""http://digital-sso-uphold-helps.webflow.io""}"
http://digital-support.online,clean,allowed,,,True,{},Legitimate,1,73.20685577392578,False,Qty Hyphen Url=1.0 (increases phishing risk) | Qty Dot Domain=1.0 (increases phishing risk) | Qty Tld Url=6.0 (increases phishing risk),,"{""google_available"": true, ""google_flagged"": false, ""google_safe_browsing"": {}, ""model_confidence"": 73.20685577392578, ""model_prediction"": ""Legitimate"", ""model_reasoning"": [{""feature"": ""Qty Hyphen Url"", ""impact"": ""increases phishing risk"", ""shap_value"": 0.7679193615913391, ""value"": 1.0}, {""feature"": ""Qty Dot Domain"", ""impact"": ""increases phishing risk"", ""shap_value"": 0.7587214112281799, ""value"": 1.0}, {""feature"": ""Qty Tld Url"", ""impact"": ""increases phishing risk"", ""shap_value"": 0.6108750700950623, ""value"": 6.0}], ""model_status"": 1, ""url"": ""http://digital-support.online""}"
http://digital-support-sync.firebaseapp.com,clean,allowed,,,True,{},Legitimate,1,90.46958923339844,False,Length Url=36.0 (increases phishing risk) | Qty Tld Url=3.0 (increases phishing risk) | Qty Vowels Domain=11.0 (increases phishing risk),,"{""google_available"": true, ""google_flagged"": false, ""google_safe_browsing"": {}, ""model_confidence"": 90.46958923339844, ""model_prediction"": ""Legitimate"", ""model_reasoning"": [{""feature"": ""Length Url"", ""impact"": ""increases phishing risk"", ""shap_value"": 1.0027945041656494, ""value"": 36.0}, {""feature"": ""Qty Tld Url"", ""impact"": ""increases phishing risk"", ""shap_value"": 0.871839165687561, ""value"": 3.0}, {""feature"": ""Qty Vowels Domain"", ""impact"": ""increases phishing risk"", ""shap_value"": 0.6152549386024475, ""value"": 11.0}], ""model_status"": 1, ""url"": ""http://digital-support-sync.firebaseapp.com""}"
http://digital-surface-845978.framer.app,clean,allowed,,,True,{},Legitimate,1,65.01341247558594,False,Qty Tld Url=3.0 (increases phishing risk) | Qty Hyphen Url=2.0 (increases phishing risk) | Length Url=33.0 (increases phishing risk),,"{""google_available"": true, ""google_flagged"": false, ""google_safe_browsing"": {}, ""model_confidence"": 65.01341247558594, ""model_prediction"": ""Legitimate"", ""model_reasoning"": [{""feature"": ""Qty Tld Url"", ""impact"": ""increases phishing risk"", ""shap_value"": 1.1829724311828613, ""value"": 3.0}, {""feature"": ""Qty Hyphen Url"", ""impact"": ""increases phishing risk"", ""shap_value"": 0.5128888487815857, ""value"": 2.0}, {""feature"": ""Length Url"", ""impact"": ""increases phishing risk"", ""shap_value"": 0.442473828792572, ""value"": 33.0}], ""model_status"": 1, ""url"": ""http://digital-surface-845978.framer.app""}"
http://digital-systems-processing-center.pages.dev,clean,allowed,,,True,{},Legitimate,1,68.2507095336914,False,Length Url=43.0 (increases phishing risk) | Domain Length=43.0 (increases phishing risk) | Qty Tld Url=3.0 (increases phishing risk),,"{""google_available"": true, ""google_flagged"": false, ""google_safe_browsing"": {}, ""model_confidence"": 68.2507095336914, ""model_prediction"": ""Legitimate"", ""model_reasoning"": [{""feature"": ""Length Url"", ""impact"": ""increases phishing risk"", ""shap_value"": 1.108201026916504, ""value"": 43.0}, {""feature"": ""Domain Length"", ""impact"": ""increases phishing risk"", ""shap_value"": 0.9213738441467285, ""value"": 43.0}, {""feature"": ""Qty Tld Url"", ""impact"": ""increases phishing risk"", ""shap_value"": 0.7612850069999695, ""value"": 3.0}], ""model_status"": 1, ""url"": ""http://digital-systems-processing-center.pages.dev""}"
http://digitaltiger.in,clean,blocked by model,,,True,{},PHISHING,0,67.64944458007812,False,Qty Dot Domain=1.0 (increases phishing risk) | Qty Tld Url=2.0 (increases phishing risk) | Length Url=15.0 (decreases phishing risk),,"{""google_available"": true, ""google_flagged"": false, ""google_safe_browsing"": {}, ""model_confidence"": 67.64944458007812, ""model_prediction"": ""PHISHING"", ""model_reasoning"": [{""feature"": ""Qty Dot Domain"", ""impact"": ""increases phishing risk"", ""shap_value"": 0.9262968897819519, ""value"": 1.0}, {""feature"": ""Qty Tld Url"", ""impact"": ""increases phishing risk"", ""shap_value"": 0.5170401334762573, ""value"": 2.0}, {""feature"": ""Length Url"", ""impact"": ""decreases phishing risk"", ""shap_value"": -0.4769231379032135, ""value"": 15.0}], ""model_status"": 0, ""url"": ""http://digitaltiger.in""}"
http://digitaltimbangan.com,clean,blocked by model,,,True,{},PHISHING,0,68.72795867919922,False,Qty Dot Domain=1.0 (increases phishing risk) | Qty Tld Url=3.0 (increases phishing risk),,"{""google_available"": true, ""google_flagged"": false, ""google_safe_browsing"": {}, ""model_confidence"": 68.72795867919922, ""model_prediction"": ""PHISHING"", ""model_reasoning"": [{""feature"": ""Qty Dot Domain"", ""impact"": ""increases phishing risk"", ""shap_value"": 0.8318532705307007, ""value"": 1.0}, {""feature"": ""Qty Tld Url"", ""impact"": ""increases phishing risk"", ""shap_value"": 0.48812755942344666, ""value"": 3.0}], ""model_status"": 0, ""url"": ""http://digitaltimbangan.com""}"
http://digital-times.biz,clean,blocked by model,,,True,{},PHISHING,0,52.02344512939453,False,Qty Dot Domain=1.0 (increases phishing risk) | Qty Hyphen Url=1.0 (increases phishing risk),,"{""google_available"": true, ""google_flagged"": false, ""google_safe_browsing"": {}, ""model_confidence"": 52.02344512939453, ""model_prediction"": ""PHISHING"", ""model_reasoning"": [{""feature"": ""Qty Dot Domain"", ""impact"": ""increases phishing risk"", ""shap_value"": 1.1401840448379517, ""value"": 1.0}, {""feature"": ""Qty Hyphen Url"", ""impact"": ""increases phishing risk"", ""shap_value"": 0.40379297733306885, ""value"": 1.0}], ""model_status"": 0, ""url"": ""http://digital-times.biz""}"
http://digitaltokenswap.me,clean,blocked by model,,,True,{},PHISHING,0,60.15568542480469,False,Qty Dot Domain=1.0 (increases phishing risk) | Qty Tld Url=2.0 (increases phishing risk),,"{""google_available"": true, ""google_flagged"": false, ""google_safe_browsing"": {}, ""model_confidence"": 60.15568542480469, ""model_prediction"": ""PHISHING"", ""model_reasoning"": [{""feature"": ""Qty Dot Domain"", ""impact"": ""increases phishing risk"", ""shap_value"": 0.895470380783081, ""value"": 1.0}, {""feature"": ""Qty Tld Url"", ""impact"": ""increases phishing risk"", ""shap_value"": 0.43321841955184937, ""value"": 2.0}], ""model_status"": 0, ""url"": ""http://digitaltokenswap.me""}"
http://digitaltool-die.com.snocomb.com,clean,blocked by model,,,True,{},PHISHING,0,52.73554992675781,False,Qty Tld Url=3.0 (increases phishing risk) | Qty Dot Domain=3.0 (decreases phishing risk) | Qty Dot Url=3.0 (decreases phishing risk),,"{""google_available"": true, ""google_flagged"": false, ""google_safe_browsing"": {}, ""model_confidence"": 52.73554992675781, ""model_prediction"": ""PHISHING"", ""model_reasoning"": [{""feature"": ""Qty Tld Url"", ""impact"": ""increases phishing risk"", ""shap_value"": 1.419104814529419, ""value"": 3.0}, {""feature"": ""Qty Dot Domain"", ""impact"": ""decreases phishing risk"", ""shap_value"": -0.6379146575927734, ""value"": 3.0}, {""feature"": ""Qty Dot Url"", ""impact"": ""decreases phishing risk"", ""shap_value"": -0.6064900159835815, ""value"": 3.0}], ""model_status"": 0, ""url"": ""http://digitaltool-die.com.snocomb.com""}"
http://digital-trace.io,clean,allowed,,,True,{},Legitimate,1,51.466941833496094,False,Qty Dot Domain=1.0 (increases phishing risk) | Qty Hyphen Url=1.0 (increases phishing risk) | Length Url=16.0 (decreases phishing risk),,"{""google_available"": true, ""google_flagged"": false, ""google_safe_browsing"": {}, ""model_confidence"": 51.466941833496094, ""model_prediction"": ""Legitimate"", ""model_reasoning"": [{""feature"": ""Qty Dot Domain"", ""impact"": ""increases phishing risk"", ""shap_value"": 1.0522816181182861, ""value"": 1.0}, {""feature"": ""Qty Hyphen Url"", ""impact"": ""increases phishing risk"", ""shap_value"": 0.6181033849716187, ""value"": 1.0}, {""feature"": ""Length Url"", ""impact"": ""decreases phishing risk"", ""shap_value"": -0.5684561729431152, ""value"": 16.0}], ""model_status"": 1, ""url"": ""http://digital-trace.io""}"
http://digitaltrends.com.ar,clean,blocked by model,,,True,{},PHISHING,0,92.89201354980469,False,Length Url=20.0 (decreases phishing risk) | Qty Tld Url=2.0 (increases phishing risk),,"{""google_available"": true, ""google_flagged"": false, ""google_safe_browsing"": {}, ""model_confidence"": 92.89201354980469, ""model_prediction"": ""PHISHING"", ""model_reasoning"": [{""feature"": ""Length Url"", ""impact"": ""decreases phishing risk"", ""shap_value"": -0.44949451088905334, ""value"": 20.0}, {""feature"": ""Qty Tld Url"", ""impact"": ""increases phishing risk"", ""shap_value"": 0.30563884973526, ""value"": 2.0}], ""model_status"": 0, ""url"": ""http://digitaltrends.com.ar""}"
http://digital-trezor-hardware.webflow.io,clean,allowed,,,True,{},Legitimate,1,83.4025650024414,False,Qty Tld Url=2.0 (increases phishing risk) | Length Url=34.0 (increases phishing risk) | Qty Vowels Domain=12.0 (increases phishing risk),,"{""google_available"": true, ""google_flagged"": false, ""google_safe_browsing"": {}, ""model_confidence"": 83.4025650024414, ""model_prediction"": ""Legitimate"", ""model_reasoning"": [{""feature"": ""Qty Tld Url"", ""impact"": ""increases phishing risk"", ""shap_value"": 1.1340323686599731, ""value"": 2.0}, {""feature"": ""Length Url"", ""impact"": ""increases phishing risk"", ""shap_value"": 0.6803337931632996, ""value"": 34.0}, {""feature"": ""Qty Vowels Domain"", ""impact"": ""increases phishing risk"", ""shap_value"": 0.6280819177627563, ""value"": 12.0}], ""model_status"": 1, ""url"": ""http://digital-trezor-hardware.webflow.io""}"
http://digital-unicredlt.com,clean,allowed,,,True,{},Legitimate,1,78.98554229736328,False,Qty Dot Domain=1.0 (increases phishing risk) | Qty Hyphen Url=1.0 (increases phishing risk) | Qty Tld Url=3.0 (increases phishing risk),,"{""google_available"": true, ""google_flagged"": false, ""google_safe_browsing"": {}, ""model_confidence"": 78.98554229736328, ""model_prediction"": ""Legitimate"", ""model_reasoning"": [{""feature"": ""Qty Dot Domain"", ""impact"": ""increases phishing risk"", ""shap_value"": 1.1038657426834106, ""value"": 1.0}, {""feature"": ""Qty Hyphen Url"", ""impact"": ""increases phishing risk"", ""shap_value"": 0.7337136268615723, ""value"": 1.0}, {""feature"": ""Qty Tld Url"", ""impact"": ""increases phishing risk"", ""shap_value"": 0.5114245414733887, ""value"": 3.0}], ""model_status"": 1, ""url"": ""http://digital-unicredlt.com""}"
http://digitalupdates-02forms.com,clean,blocked by model,,,True,{},PHISHING,0,58.689796447753906,False,Qty Tld Url=3.0 (increases phishing risk) | Qty Dot Domain=1.0 (increases phishing risk),,"{""google_available"": true, ""google_flagged"": false, ""google_safe_browsing"": {}, ""model_confidence"": 58.689796447753906, ""model_prediction"": ""PHISHING"", ""model_reasoning"": [{""feature"": ""Qty Tld Url"", ""impact"": ""increases phishing risk"", ""shap_value"": 0.7050570249557495, ""value"": 3.0}, {""feature"": ""Qty Dot Domain"", ""impact"": ""increases phishing risk"", ""shap_value"": 0.444062203168869, ""value"": 1.0}], ""model_status"": 0, ""url"": ""http://digitalupdates-02forms.com""}"
http://digitalwebfb.000webhostapp.com,clean,allowed,,,True,{},Legitimate,1,81.94834899902344,False,Qty Tld Url=3.0 (increases phishing risk) | Qty Vowels Domain=8.0 (increases phishing risk) | Length Url=30.0 (increases phishing risk),,"{""google_available"": true, ""google_flagged"": false, ""google_safe_browsing"": {}, ""model_confidence"": 81.94834899902344, ""model_prediction"": ""Legitimate"", ""model_reasoning"": [{""feature"": ""Qty Tld Url"", ""impact"": ""increases phishing risk"", ""shap_value"": 1.5058224201202393, ""value"": 3.0}, {""feature"": ""Qty Vowels Domain"", ""impact"": ""increases phishing risk"", ""shap_value"": 0.7319245338439941, ""value"": 8.0}, {""feature"": ""Length Url"", ""impact"": ""increases phishing risk"", ""shap_value"": 0.43489471077919006, ""value"": 30.0}], ""model_status"": 1, ""url"": ""http://digitalwebfb.000webhostapp.com""}"
http://digitalweblink.live,clean,blocked by model,,,True,{},PHISHING,0,60.15568542480469,False,Qty Dot Domain=1.0 (increases phishing risk) | Qty Tld Url=4.0 (increases phishing risk),,"{""google_available"": true, ""google_flagged"": false, ""google_safe_browsing"": {}, ""model_confidence"": 60.15568542480469, ""model_prediction"": ""PHISHING"", ""model_reasoning"": [{""feature"": ""Qty Dot Domain"", ""impact"": ""increases phishing risk"", ""shap_value"": 0.895470380783081, ""value"": 1.0}, {""feature"": ""Qty Tld Url"", ""impact"": ""increases phishing risk"", ""shap_value"": 0.43321841955184937, ""value"": 4.0}], ""model_status"": 0, ""url"": ""http://digitalweblink.live""}"
http://digital-web-mps.com,clean,allowed,,,True,{},Legitimate,1,82.34648132324219,False,Qty Dot Domain=1.0 (increases phishing risk) | Qty Hyphen Url=2.0 (increases phishing risk),,"{""google_available"": true, ""google_flagged"": false, ""google_safe_browsing"": {}, ""model_confidence"": 82.34648132324219, ""model_prediction"": ""Legitimate"", ""model_reasoning"": [{""feature"": ""Qty Dot Domain"", ""impact"": ""increases phishing risk"", ""shap_value"": 1.6576206684112549, ""value"": 1.0}, {""feature"": ""Qty Hyphen Url"", ""impact"": ""increases phishing risk"", ""shap_value"": 0.9751548171043396, ""value"": 2.0}], ""model_status"": 1, ""url"": ""http://digital-web-mps.com""}"
http://digitalweb--vakifbankk--com.cf,clean,allowed,,,True,{},Legitimate,1,61.23065185546875,False,Qty Tld Url=2.0 (increases phishing risk) | Qty Hyphen Url=4.0 (increases phishing risk) | Qty Dot Domain=1.0 (increases phishing risk),,"{""google_available"": true, ""google_flagged"": false, ""google_safe_browsing"": {}, ""model_confidence"": 61.23065185546875, ""model_prediction"": ""Legitimate"", ""model_reasoning"": [{""feature"": ""Qty Tld Url"", ""impact"": ""increases phishing risk"", ""shap_value"": 0.7829983830451965, ""value"": 2.0}, {""feature"": ""Qty Hyphen Url"", ""impact"": ""increases phishing risk"", ""shap_value"": 0.5741009712219238, ""value"": 4.0}, {""feature"": ""Qty Dot Domain"", ""impact"": ""increases phishing risk"", ""shap_value"": 0.4454857110977173, ""value"": 1.0}], ""model_status"": 1, ""url"": ""http://digitalweb--vakifbankk--com.cf""}"
http://digital-wsecu.info,clean,allowed,,,True,{},Legitimate,1,76.05115509033203,False,Qty Dot Domain=1.0 (increases phishing risk) | Qty Hyphen Url=1.0 (increases phishing risk),,"{""google_available"": true, ""google_flagged"": false, ""google_safe_browsing"": {}, ""model_confidence"": 76.05115509033203, ""model_prediction"": ""Legitimate"", ""model_reasoning"": [{""feature"": ""Qty Dot Domain"", ""impact"": ""increases phishing risk"", ""shap_value"": 1.1832610368728638, ""value"": 1.0}, {""feature"": ""Qty Hyphen Url"", ""impact"": ""increases phishing risk"", ""shap_value"": 0.7064512372016907, ""value"": 1.0}], ""model_status"": 1, ""url"": ""http://digital-wsecu.info""}"
http://digitalyou.att.com.continue.p3c.xyz,clean,allowed,,,True,{},Legitimate,1,76.93344116210938,False,Qty Tld Url=3.0 (increases phishing risk) | Domain Length=35.0 (increases phishing risk) | Length Url=35.0 (increases phishing risk),,"{""google_available"": true, ""google_flagged"": false, ""google_safe_browsing"": {}, ""model_confidence"": 76.93344116210938, ""model_prediction"": ""Legitimate"", ""model_reasoning"": [{""feature"": ""Qty Tld Url"", ""impact"": ""increases phishing risk"", ""shap_value"": 0.929137110710144, ""value"": 3.0}, {""feature"": ""Domain Length"", ""impact"": ""increases phishing risk"", ""shap_value"": 0.8249950408935547, ""value"": 35.0}, {""feature"": ""Length Url"", ""impact"": ""increases phishing risk"", ""shap_value"": 0.7717468738555908, ""value"": 35.0}], ""model_status"": 1, ""url"": ""http://digitalyou.att.com.continue.p3c.xyz""}"
http://digitaskerofficial.vip,flagged,blocked by Google Safe Browsing,,,True,"{""matches"": [{""cacheDuration"": ""300s"", ""platformType"": ""ANY_PLATFORM"", ""threat"": {""url"": ""http://digitaskerofficial.vip""}, ""threatEntryType"": ""URL"", ""threatType"": ""SOCIAL_ENGINEERING""}]}",PHISHING,0,100.0,True,Flagged by Google Safe Browsing.,,"{""google_available"": true, ""google_flagged"": true, ""google_safe_browsing"": {""matches"": [{""cacheDuration"": ""300s"", ""platformType"": ""ANY_PLATFORM"", ""threat"": {""url"": ""http://digitaskerofficial.vip""}, ""threatEntryType"": ""URL"", ""threatType"": ""SOCIAL_ENGINEERING""}]}, ""model_confidence"": 100.0, ""model_prediction"": ""PHISHING"", ""model_reasoning"": [""Flagged by Google Safe Browsing.""], ""model_status"": 0, ""url"": ""http://digitaskerofficial.vip""}"
http://digitate-figures.000webhostapp.com,clean,allowed,,,True,{},Legitimate,1,72.01054382324219,False,Qty Tld Url=3.0 (increases phishing risk) | Length Url=34.0 (increases phishing risk),,"{""google_available"": true, ""google_flagged"": false, ""google_safe_browsing"": {}, ""model_confidence"": 72.01054382324219, ""model_prediction"": ""Legitimate"", ""model_reasoning"": [{""feature"": ""Qty Tld Url"", ""impact"": ""increases phishing risk"", ""shap_value"": 1.257614016532898, ""value"": 3.0}, {""feature"": ""Length Url"", ""impact"": ""increases phishing risk"", ""shap_value"": 0.5902007818222046, ""value"": 34.0}], ""model_status"": 1, ""url"": ""http://digitate-figures.000webhostapp.com""}"
http://digitcalmestora-provendrixom.shop,flagged,blocked by Google Safe Browsing,,,True,"{""matches"": [{""cacheDuration"": ""300s"", ""platformType"": ""ANY_PLATFORM"", ""threat"": {""url"": ""http://digitcalmestora-provendrixom.shop""}, ""threatEntryType"": ""URL"", ""threatType"": ""SOCIAL_ENGINEERING""}]}",PHISHING,0,100.0,True,Flagged by Google Safe Browsing.,,"{""google_available"": true, ""google_flagged"": true, ""google_safe_browsing"": {""matches"": [{""cacheDuration"": ""300s"", ""platformType"": ""ANY_PLATFORM"", ""threat"": {""url"": ""http://digitcalmestora-provendrixom.shop""}, ""threatEntryType"": ""URL"", ""threatType"": ""SOCIAL_ENGINEERING""}]}, ""model_confidence"": 100.0, ""model_prediction"": ""PHISHING"", ""model_reasoning"": [""Flagged by Google Safe Browsing.""], ""model_status"": 0, ""url"": ""http://digitcalmestora-provendrixom.shop""}"
http://digitchromavexulon-neuroplorandia.cfd,flagged,blocked by Google Safe Browsing,,,True,"{""matches"": [{""cacheDuration"": ""300s"", ""platformType"": ""ANY_PLATFORM"", ""threat"": {""url"": ""http://digitchromavexulon-neuroplorandia.cfd""}, ""threatEntryType"": ""URL"", ""threatType"": ""SOCIAL_ENGINEERING""}]}",PHISHING,0,100.0,True,Flagged by Google Safe Browsing.,,"{""google_available"": true, ""google_flagged"": true, ""google_safe_browsing"": {""matches"": [{""cacheDuration"": ""300s"", ""platformType"": ""ANY_PLATFORM"", ""threat"": {""url"": ""http://digitchromavexulon-neuroplorandia.cfd""}, ""threatEntryType"": ""URL"", ""threatType"": ""SOCIAL_ENGINEERING""}]}, ""model_confidence"": 100.0, ""model_prediction"": ""PHISHING"", ""model_reasoning"": [""Flagged by Google Safe Browsing.""], ""model_status"": 0, ""url"": ""http://digitchromavexulon-neuroplorandia.cfd""}"
http://digitcronophantomix-plurazentrodex.buzz,flagged,blocked by Google Safe Browsing,,,True,"{""matches"": [{""cacheDuration"": ""300s"", ""platformType"": ""ANY_PLATFORM"", ""threat"": {""url"": ""http://digitcronophantomix-plurazentrodex.buzz""}, ""threatEntryType"": ""URL"", ""threatType"": ""SOCIAL_ENGINEERING""}]}",PHISHING,0,100.0,True,Flagged by Google Safe Browsing.,,"{""google_available"": true, ""google_flagged"": true, ""google_safe_browsing"": {""matches"": [{""cacheDuration"": ""300s"", ""platformType"": ""ANY_PLATFORM"", ""threat"": {""url"": ""http://digitcronophantomix-plurazentrodex.buzz""}, ""threatEntryType"": ""URL"", ""threatType"": ""SOCIAL_ENGINEERING""}]}, ""model_confidence"": 100.0, ""model_prediction"": ""PHISHING"", ""model_reasoning"": [""Flagged by Google Safe Browsing.""], ""model_status"": 0, ""url"": ""http://digitcronophantomix-plurazentrodex.buzz""}"
http://digitdrevulontria-keranpluvexis.shop,flagged,blocked by Google Safe Browsing,,,True,"{""matches"": [{""cacheDuration"": ""300s"", ""platformType"": ""ANY_PLATFORM"", ""threat"": {""url"": ""http://digitdrevulontria-keranpluvexis.shop""}, ""threatEntryType"": ""URL"", ""threatType"": ""SOCIAL_ENGINEERING""}]}",PHISHING,0,100.0,True,Flagged by Google Safe Browsing.,,"{""google_available"": true, ""google_flagged"": true, ""google_safe_browsing"": {""matches"": [{""cacheDuration"": ""300s"", ""platformType"": ""ANY_PLATFORM"", ""threat"": {""url"": ""http://digitdrevulontria-keranpluvexis.shop""}, ""threatEntryType"": ""URL"", ""threatType"": ""SOCIAL_ENGINEERING""}]}, ""model_confidence"": 100.0, ""model_prediction"": ""PHISHING"", ""model_reasoning"": [""Flagged by Google Safe Browsing.""], ""model_status"": 0, ""url"": ""http://digitdrevulontria-keranpluvexis.shop""}"
http://digitechsols.com,clean,blocked by model,,,True,{},PHISHING,0,63.93718719482422,False,Qty Dot Domain=1.0 (increases phishing risk) | Qty Tld Url=3.0 (increases phishing risk),,"{""google_available"": true, ""google_flagged"": false, ""google_safe_browsing"": {}, ""model_confidence"": 63.93718719482422, ""model_prediction"": ""PHISHING"", ""model_reasoning"": [{""feature"": ""Qty Dot Domain"", ""impact"": ""increases phishing risk"", ""shap_value"": 1.1500656604766846, ""value"": 1.0}, {""feature"": ""Qty Tld Url"", ""impact"": ""increases phishing risk"", ""shap_value"": 0.36487871408462524, ""value"": 3.0}], ""model_status"": 0, ""url"": ""http://digitechsols.com""}"
http://digitelgh.com,clean,blocked by model,,,True,{},PHISHING,0,53.94972610473633,False,Qty Dot Domain=1.0 (increases phishing risk) | Qty Tld Url=3.0 (increases phishing risk),,"{""google_available"": true, ""google_flagged"": false, ""google_safe_browsing"": {}, ""model_confidence"": 53.94972610473633, ""model_prediction"": ""PHISHING"", ""model_reasoning"": [{""feature"": ""Qty Dot Domain"", ""impact"": ""increases phishing risk"", ""shap_value"": 0.9797619581222534, ""value"": 1.0}, {""feature"": ""Qty Tld Url"", ""impact"": ""increases phishing risk"", ""shap_value"": 0.6379356384277344, ""value"": 3.0}], ""model_status"": 0, ""url"": ""http://digitelgh.com""}"
http://digi-teruggave2021.site,clean,allowed,,,True,{},Legitimate,1,68.2878646850586,False,Qty Dot Domain=1.0 (increases phishing risk) | Qty Hyphen Url=1.0 (increases phishing risk) | Qty Tld Url=4.0 (increases phishing risk),,"{""google_available"": true, ""google_flagged"": false, ""google_safe_browsing"": {}, ""model_confidence"": 68.2878646850586, ""model_prediction"": ""Legitimate"", ""model_reasoning"": [{""feature"": ""Qty Dot Domain"", ""impact"": ""increases phishing risk"", ""shap_value"": 0.7610059380531311, ""value"": 1.0}, {""feature"": ""Qty Hyphen Url"", ""impact"": ""increases phishing risk"", ""shap_value"": 0.6703299283981323, ""value"": 1.0}, {""feature"": ""Qty Tld Url"", ""impact"": ""increases phishing risk"", ""shap_value"": 0.5644994974136353, ""value"": 4.0}], ""model_status"": 1, ""url"": ""http://digi-teruggave2021.site""}"
http://digitevolux-compravex.shop,flagged,blocked by Google Safe Browsing,,,True,"{""matches"": [{""cacheDuration"": ""300s"", ""platformType"": ""ANY_PLATFORM"", ""threat"": {""url"": ""http://digitevolux-compravex.shop""}, ""threatEntryType"": ""URL"", ""threatType"": ""SOCIAL_ENGINEERING""}]}",PHISHING,0,100.0,True,Flagged by Google Safe Browsing.,,"{""google_available"": true, ""google_flagged"": true, ""google_safe_browsing"": {""matches"": [{""cacheDuration"": ""300s"", ""platformType"": ""ANY_PLATFORM"", ""threat"": {""url"": ""http://digitevolux-compravex.shop""}, ""threatEntryType"": ""URL"", ""threatType"": ""SOCIAL_ENGINEERING""}]}, ""model_confidence"": 100.0, ""model_prediction"": ""PHISHING"", ""model_reasoning"": [""Flagged by Google Safe Browsing.""], ""model_status"": 0, ""url"": ""http://digitevolux-compravex.shop""}"
http://digitevoluxentra-zynchromodex.shop,flagged,blocked by Google Safe Browsing,,,True,"{""matches"": [{""cacheDuration"": ""300s"", ""platformType"": ""ANY_PLATFORM"", ""threat"": {""url"": ""http://digitevoluxentra-zynchromodex.shop""}, ""threatEntryType"": ""URL"", ""threatType"": ""SOCIAL_ENGINEERING""}]}",PHISHING,0,100.0,True,Flagged by Google Safe Browsing.,,"{""google_available"": true, ""google_flagged"": true, ""google_safe_browsing"": {""matches"": [{""cacheDuration"": ""300s"", ""platformType"": ""ANY_PLATFORM"", ""threat"": {""url"": ""http://digitevoluxentra-zynchromodex.shop""}, ""threatEntryType"": ""URL"", ""threatType"": ""SOCIAL_ENGINEERING""}]}, ""model_confidence"": 100.0, ""model_prediction"": ""PHISHING"", ""model_reasoning"": [""Flagged by Google Safe Browsing.""], ""model_status"": 0, ""url"": ""http://digitevoluxentra-zynchromodex.shop""}"
http://digitex.ro,clean,blocked by model,,,True,{},PHISHING,0,76.2278060913086,False,Qty Dot Domain=1.0 (increases phishing risk) | Length Url=10.0 (decreases phishing risk) | Qty Tld Url=2.0 (increases phishing risk),,"{""google_available"": true, ""google_flagged"": false, ""google_safe_browsing"": {}, ""model_confidence"": 76.2278060913086, ""model_prediction"": ""PHISHING"", ""model_reasoning"": [{""feature"": ""Qty Dot Domain"", ""impact"": ""increases phishing risk"", ""shap_value"": 0.929184079170227, ""value"": 1.0}, {""feature"": ""Length Url"", ""impact"": ""decreases phishing risk"", ""shap_value"": -0.6842228174209595, ""value"": 10.0}, {""feature"": ""Qty Tld Url"", ""impact"": ""increases phishing risk"", ""shap_value"": 0.625582218170166, ""value"": 2.0}], ""model_status"": 0, ""url"": ""http://digitex.ro""}"
http://digithemotrix-vendrosantherium.shop,flagged,blocked by Google Safe Browsing,,,True,"{""matches"": [{""cacheDuration"": ""300s"", ""platformType"": ""ANY_PLATFORM"", ""threat"": {""url"": ""http://digithemotrix-vendrosantherium.shop""}, ""threatEntryType"": ""URL"", ""threatType"": ""SOCIAL_ENGINEERING""}]}",PHISHING,0,100.0,True,Flagged by Google Safe Browsing.,,"{""google_available"": true, ""google_flagged"": true, ""google_safe_browsing"": {""matches"": [{""cacheDuration"": ""300s"", ""platformType"": ""ANY_PLATFORM"", ""threat"": {""url"": ""http://digithemotrix-vendrosantherium.shop""}, ""threatEntryType"": ""URL"", ""threatType"": ""SOCIAL_ENGINEERING""}]}, ""model_confidence"": 100.0, ""model_prediction"": ""PHISHING"", ""model_reasoning"": [""Flagged by Google Safe Browsing.""], ""model_status"": 0, ""url"": ""http://digithemotrix-vendrosantherium.shop""}"
http://digitline.net,clean,blocked by model,,,True,{},PHISHING,0,59.02406692504883,False,Qty Dot Domain=1.0 (increases phishing risk) | Qty Tld Url=3.0 (increases phishing risk),,"{""google_available"": true, ""google_flagged"": false, ""google_safe_browsing"": {}, ""model_confidence"": 59.02406692504883, ""model_prediction"": ""PHISHING"", ""model_reasoning"": [{""feature"": ""Qty Dot Domain"", ""impact"": ""increases phishing risk"", ""shap_value"": 0.9448511004447937, ""value"": 1.0}, {""feature"": ""Qty Tld Url"", ""impact"": ""increases phishing risk"", ""shap_value"": 0.638353705406189, ""value"": 3.0}], ""model_status"": 0, ""url"": ""http://digitline.net""}"
http://digitlmind.com,clean,blocked by model,,,True,{},PHISHING,0,53.378822326660156,False,Qty Dot Domain=1.0 (increases phishing risk) | Qty Tld Url=3.0 (increases phishing risk),,"{""google_available"": true, ""google_flagged"": false, ""google_safe_browsing"": {}, ""model_confidence"": 53.378822326660156, ""model_prediction"": ""PHISHING"", ""model_reasoning"": [{""feature"": ""Qty Dot Domain"", ""impact"": ""increases phishing risk"", ""shap_value"": 1.0844541788101196, ""value"": 1.0}, {""feature"": ""Qty Tld Url"", ""impact"": ""increases phishing risk"", ""shap_value"": 0.45790866017341614, ""value"": 3.0}], ""model_status"": 0, ""url"": ""http://digitlmind.com""}"
http://digitluminarexo-compravendral.shop,flagged,blocked by Google Safe Browsing,,,True,"{""matches"": [{""cacheDuration"": ""300s"", ""platformType"": ""ANY_PLATFORM"", ""threat"": {""url"": ""http://digitluminarexo-compravendral.shop""}, ""threatEntryType"": ""URL"", ""threatType"": ""SOCIAL_ENGINEERING""}]}",PHISHING,0,100.0,True,Flagged by Google Safe Browsing.,,"{""google_available"": true, ""google_flagged"": true, ""google_safe_browsing"": {""matches"": [{""cacheDuration"": ""300s"", ""platformType"": ""ANY_PLATFORM"", ""threat"": {""url"": ""http://digitluminarexo-compravendral.shop""}, ""threatEntryType"": ""URL"", ""threatType"": ""SOCIAL_ENGINEERING""}]}, ""model_confidence"": 100.0, ""model_prediction"": ""PHISHING"", ""model_reasoning"": [""Flagged by Google Safe Browsing.""], ""model_status"": 0, ""url"": ""http://digitluminarexo-compravendral.shop""}"
http://digitmercadovex-syntraquelon.shop,flagged,blocked by Google Safe Browsing,,,True,"{""matches"": [{""cacheDuration"": ""300s"", ""platformType"": ""ANY_PLATFORM"", ""threat"": {""url"": ""http://digitmercadovex-syntraquelon.shop""}, ""threatEntryType"": ""URL"", ""threatType"": ""SOCIAL_ENGINEERING""}]}",PHISHING,0,100.0,True,Flagged by Google Safe Browsing.,,"{""google_available"": true, ""google_flagged"": true, ""google_safe_browsing"": {""matches"": [{""cacheDuration"": ""300s"", ""platformType"": ""ANY_PLATFORM"", ""threat"": {""url"": ""http://digitmercadovex-syntraquelon.shop""}, ""threatEntryType"": ""URL"", ""threatType"": ""SOCIAL_ENGINEERING""}]}, ""model_confidence"": 100.0, ""model_prediction"": ""PHISHING"", ""model_reasoning"": [""Flagged by Google Safe Browsing.""], ""model_status"": 0, ""url"": ""http://digitmercadovex-syntraquelon.shop""}"
http://digitmetasynthex-elovaridomatrix.shop,flagged,blocked by Google Safe Browsing,,,True,"{""matches"": [{""cacheDuration"": ""300s"", ""platformType"": ""ANY_PLATFORM"", ""threat"": {""url"": ""http://digitmetasynthex-elovaridomatrix.shop""}, ""threatEntryType"": ""URL"", ""threatType"": ""SOCIAL_ENGINEERING""}]}",PHISHING,0,100.0,True,Flagged by Google Safe Browsing.,,"{""google_available"": true, ""google_flagged"": true, ""google_safe_browsing"": {""matches"": [{""cacheDuration"": ""300s"", ""platformType"": ""ANY_PLATFORM"", ""threat"": {""url"": ""http://digitmetasynthex-elovaridomatrix.shop""}, ""threatEntryType"": ""URL"", ""threatType"": ""SOCIAL_ENGINEERING""}]}, ""model_confidence"": 100.0, ""model_prediction"": ""PHISHING"", ""model_reasoning"": [""Flagged by Google Safe Browsing.""], ""model_status"": 0, ""url"": ""http://digitmetasynthex-elovaridomatrix.shop""}"
http://digitnovaflow-extraplex.shop,flagged,blocked by Google Safe Browsing,,,True,"{""matches"": [{""cacheDuration"": ""300s"", ""platformType"": ""ANY_PLATFORM"", ""threat"": {""url"": ""http://digitnovaflow-extraplex.shop""}, ""threatEntryType"": ""URL"", ""threatType"": ""SOCIAL_ENGINEERING""}]}",PHISHING,0,100.0,True,Flagged by Google Safe Browsing.,,"{""google_available"": true, ""google_flagged"": true, ""google_safe_browsing"": {""matches"": [{""cacheDuration"": ""300s"", ""platformType"": ""ANY_PLATFORM"", ""threat"": {""url"": ""http://digitnovaflow-extraplex.shop""}, ""threatEntryType"": ""URL"", ""threatType"": ""SOCIAL_ENGINEERING""}]}, ""model_confidence"": 100.0, ""model_prediction"": ""PHISHING"", ""model_reasoning"": [""Flagged by Google Safe Browsing.""], ""model_status"": 0, ""url"": ""http://digitnovaflow-extraplex.shop""}"
http://digitobliviontrex-pluravandronixia.shop,flagged,blocked by Google Safe Browsing,,,True,"{""matches"": [{""cacheDuration"": ""300s"", ""platformType"": ""ANY_PLATFORM"", ""threat"": {""url"": ""http://digitobliviontrex-pluravandronixia.shop""}, ""threatEntryType"": ""URL"", ""threatType"": ""SOCIAL_ENGINEERING""}]}",PHISHING,0,100.0,True,Flagged by Google Safe Browsing.,,"{""google_available"": true, ""google_flagged"": true, ""google_safe_browsing"": {""matches"": [{""cacheDuration"": ""300s"", ""platformType"": ""ANY_PLATFORM"", ""threat"": {""url"": ""http://digitobliviontrex-pluravandronixia.shop""}, ""threatEntryType"": ""URL"", ""threatType"": ""SOCIAL_ENGINEERING""}]}, ""model_confidence"": 100.0, ""model_prediction"": ""PHISHING"", ""model_reasoning"": [""Flagged by Google Safe Browsing.""], ""model_status"": 0, ""url"": ""http://digitobliviontrex-pluravandronixia.shop""}"
http://digitoblixorex-vandramethoria.cfd,flagged,blocked by Google Safe Browsing,,,True,"{""matches"": [{""cacheDuration"": ""300s"", ""platformType"": ""ANY_PLATFORM"", ""threat"": {""url"": ""http://digitoblixorex-vandramethoria.cfd""}, ""threatEntryType"": ""URL"", ""threatType"": ""SOCIAL_ENGINEERING""}]}",PHISHING,0,100.0,True,Flagged by Google Safe Browsing.,,"{""google_available"": true, ""google_flagged"": true, ""google_safe_browsing"": {""matches"": [{""cacheDuration"": ""300s"", ""platformType"": ""ANY_PLATFORM"", ""threat"": {""url"": ""http://digitoblixorex-vandramethoria.cfd""}, ""threatEntryType"": ""URL"", ""threatType"": ""SOCIAL_ENGINEERING""}]}, ""model_confidence"": 100.0, ""model_prediction"": ""PHISHING"", ""model_reasoning"": [""Flagged by Google Safe Browsing.""], ""model_status"": 0, ""url"": ""http://digitoblixorex-vandramethoria.cfd""}"
http://digitokens.top,clean,blocked by model,,,True,{},PHISHING,0,59.677757263183594,False,Qty Dot Domain=1.0 (increases phishing risk) | Qty Tld Url=3.0 (increases phishing risk),,"{""google_available"": true, ""google_flagged"": false, ""google_safe_browsing"": {}, ""model_confidence"": 59.677757263183594, ""model_prediction"": ""PHISHING"", ""model_reasoning"": [{""feature"": ""Qty Dot Domain"", ""impact"": ""increases phishing risk"", ""shap_value"": 0.9897260665893555, ""value"": 1.0}, {""feature"": ""Qty Tld Url"", ""impact"": ""increases phishing risk"", ""shap_value"": 0.44281312823295593, ""value"": 3.0}], ""model_status"": 0, ""url"": ""http://digitokens.top""}"
http://digitospheralyth-vextarionomyx.shop,flagged,blocked by Google Safe Browsing,,,True,"{""matches"": [{""cacheDuration"": ""300s"", ""platformType"": ""ANY_PLATFORM"", ""threat"": {""url"": ""http://digitospheralyth-vextarionomyx.shop""}, ""threatEntryType"": ""URL"", ""threatType"": ""SOCIAL_ENGINEERING""}]}",PHISHING,0,100.0,True,Flagged by Google Safe Browsing.,,"{""google_available"": true, ""google_flagged"": true, ""google_safe_browsing"": {""matches"": [{""cacheDuration"": ""300s"", ""platformType"": ""ANY_PLATFORM"", ""threat"": {""url"": ""http://digitospheralyth-vextarionomyx.shop""}, ""threatEntryType"": ""URL"", ""threatType"": ""SOCIAL_ENGINEERING""}]}, ""model_confidence"": 100.0, ""model_prediction"": ""PHISHING"", ""model_reasoning"": [""Flagged by Google Safe Browsing.""], ""model_status"": 0, ""url"": ""http://digitospheralyth-vextarionomyx.shop""}"
http://digitozero.com,clean,blocked by model,,,True,{},PHISHING,0,65.59647369384766,False,Qty Dot Domain=1.0 (increases phishing risk) | Qty Tld Url=3.0 (increases phishing risk),,"{""google_available"": true, ""google_flagged"": false, ""google_safe_browsing"": {}, ""model_confidence"": 65.59647369384766, ""model_prediction"": ""PHISHING"", ""model_reasoning"": [{""feature"": ""Qty Dot Domain"", ""impact"": ""increases phishing risk"", ""shap_value"": 0.8950865864753723, ""value"": 1.0}, {""feature"": ""Qty Tld Url"", ""impact"": ""increases phishing risk"", ""shap_value"": 0.4784238338470459, ""value"": 3.0}], ""model_status"": 0, ""url"": ""http://digitozero.com""}"
http://digitplexonavorex-neuroquanthelia.buzz,flagged,blocked by Google Safe Browsing,,,True,"{""matches"": [{""cacheDuration"": ""300s"", ""platformType"": ""ANY_PLATFORM"", ""threat"": {""url"": ""http://digitplexonavorex-neuroquanthelia.buzz""}, ""threatEntryType"": ""URL"", ""threatType"": ""SOCIAL_ENGINEERING""}]}",PHISHING,0,100.0,True,Flagged by Google Safe Browsing.,,"{""google_available"": true, ""google_flagged"": true, ""google_safe_browsing"": {""matches"": [{""cacheDuration"": ""300s"", ""platformType"": ""ANY_PLATFORM"", ""threat"": {""url"": ""http://digitplexonavorex-neuroquanthelia.buzz""}, ""threatEntryType"": ""URL"", ""threatType"": ""SOCIAL_ENGINEERING""}]}, ""model_confidence"": 100.0, ""model_prediction"": ""PHISHING"", ""model_reasoning"": [""Flagged by Google Safe Browsing.""], ""model_status"": 0, ""url"": ""http://digitplexonavorex-neuroquanthelia.buzz""}"
http://digitquantorevus-blundirexalon.shop,flagged,blocked by Google Safe Browsing,,,True,"{""matches"": [{""cacheDuration"": ""300s"", ""platformType"": ""ANY_PLATFORM"", ""threat"": {""url"": ""http://digitquantorevus-blundirexalon.shop""}, ""threatEntryType"": ""URL"", ""threatType"": ""SOCIAL_ENGINEERING""}]}",PHISHING,0,100.0,True,Flagged by Google Safe Browsing.,,"{""google_available"": true, ""google_flagged"": true, ""google_safe_browsing"": {""matches"": [{""cacheDuration"": ""300s"", ""platformType"": ""ANY_PLATFORM"", ""threat"": {""url"": ""http://digitquantorevus-blundirexalon.shop""}, ""threatEntryType"": ""URL"", ""threatType"": ""SOCIAL_ENGINEERING""}]}, ""model_confidence"": 100.0, ""model_prediction"": ""PHISHING"", ""model_reasoning"": [""Flagged by Google Safe Browsing.""], ""model_status"": 0, ""url"": ""http://digitquantorevus-blundirexalon.shop""}"
http://digitquantorex-vultronia.shop,flagged,blocked by Google Safe Browsing,,,True,"{""matches"": [{""cacheDuration"": ""300s"", ""platformType"": ""ANY_PLATFORM"", ""threat"": {""url"": ""http://digitquantorex-vultronia.shop""}, ""threatEntryType"": ""URL"", ""threatType"": ""SOCIAL_ENGINEERING""}]}",PHISHING,0,100.0,True,Flagged by Google Safe Browsing.,,"{""google_available"": true, ""google_flagged"": true, ""google_safe_browsing"": {""matches"": [{""cacheDuration"": ""300s"", ""platformType"": ""ANY_PLATFORM"", ""threat"": {""url"": ""http://digitquantorex-vultronia.shop""}, ""threatEntryType"": ""URL"", ""threatType"": ""SOCIAL_ENGINEERING""}]}, ""model_confidence"": 100.0, ""model_prediction"": ""PHISHING"", ""model_reasoning"": [""Flagged by Google Safe Browsing.""], ""model_status"": 0, ""url"": ""http://digitquantorex-vultronia.shop""}"
http://digitquatronikz-exovendomex.shop,flagged,blocked by Google Safe Browsing,,,True,"{""matches"": [{""cacheDuration"": ""300s"", ""platformType"": ""ANY_PLATFORM"", ""threat"": {""url"": ""http://digitquatronikz-exovendomex.shop""}, ""threatEntryType"": ""URL"", ""threatType"": ""SOCIAL_ENGINEERING""}]}",PHISHING,0,100.0,True,Flagged by Google Safe Browsing.,,"{""google_available"": true, ""google_flagged"": true, ""google_safe_browsing"": {""matches"": [{""cacheDuration"": ""300s"", ""platformType"": ""ANY_PLATFORM"", ""threat"": {""url"": ""http://digitquatronikz-exovendomex.shop""}, ""threatEntryType"": ""URL"", ""threatType"": ""SOCIAL_ENGINEERING""}]}, ""model_confidence"": 100.0, ""model_prediction"": ""PHISHING"", ""model_reasoning"": [""Flagged by Google Safe Browsing.""], ""model_status"": 0, ""url"": ""http://digitquatronikz-exovendomex.shop""}"
http://digitregistry-syncnetworks.cfd,clean,allowed,,,True,{},Legitimate,1,65.20109558105469,False,Qty Tld Url=3.0 (increases phishing risk) | Qty Dot Domain=1.0 (increases phishing risk) | Length Url=30.0 (increases phishing risk),,"{""google_available"": true, ""google_flagged"": false, ""google_safe_browsing"": {}, ""model_confidence"": 65.20109558105469, ""model_prediction"": ""Legitimate"", ""model_reasoning"": [{""feature"": ""Qty Tld Url"", ""impact"": ""increases phishing risk"", ""shap_value"": 0.5941712260246277, ""value"": 3.0}, {""feature"": ""Qty Dot Domain"", ""impact"": ""increases phishing risk"", ""shap_value"": 0.5342238545417786, ""value"": 1.0}, {""feature"": ""Length Url"", ""impact"": ""increases phishing risk"", ""shap_value"": 0.47481569647789, ""value"": 30.0}], ""model_status"": 1, ""url"": ""http://digitregistry-syncnetworks.cfd""}"
http://digitronikaevo-exovendomex.shop,flagged,blocked by Google Safe Browsing,,,True,"{""matches"": [{""cacheDuration"": ""300s"", ""platformType"": ""ANY_PLATFORM"", ""threat"": {""url"": ""http://digitronikaevo-exovendomex.shop""}, ""threatEntryType"": ""URL"", ""threatType"": ""SOCIAL_ENGINEERING""}]}",PHISHING,0,100.0,True,Flagged by Google Safe Browsing.,,"{""google_available"": true, ""google_flagged"": true, ""google_safe_browsing"": {""matches"": [{""cacheDuration"": ""300s"", ""platformType"": ""ANY_PLATFORM"", ""threat"": {""url"": ""http://digitronikaevo-exovendomex.shop""}, ""threatEntryType"": ""URL"", ""threatType"": ""SOCIAL_ENGINEERING""}]}, ""model_confidence"": 100.0, ""model_prediction"": ""PHISHING"", ""model_reasoning"": [""Flagged by Google Safe Browsing.""], ""model_status"": 0, ""url"": ""http://digitronikaevo-exovendomex.shop""}"
http://digitserenoplux-tradimexaltron.shop,flagged,blocked by Google Safe Browsing,,,True,"{""matches"": [{""cacheDuration"": ""300s"", ""platformType"": ""ANY_PLATFORM"", ""threat"": {""url"": ""http://digitserenoplux-tradimexaltron.shop""}, ""threatEntryType"": ""URL"", ""threatType"": ""SOCIAL_ENGINEERING""}]}",PHISHING,0,100.0,True,Flagged by Google Safe Browsing.,,"{""google_available"": true, ""google_flagged"": true, ""google_safe_browsing"": {""matches"": [{""cacheDuration"": ""300s"", ""platformType"": ""ANY_PLATFORM"", ""threat"": {""url"": ""http://digitserenoplux-tradimexaltron.shop""}, ""threatEntryType"": ""URL"", ""threatType"": ""SOCIAL_ENGINEERING""}]}, ""model_confidence"": 100.0, ""model_prediction"": ""PHISHING"", ""model_reasoning"": [""Flagged by Google Safe Browsing.""], ""model_status"": 0, ""url"": ""http://digitserenoplux-tradimexaltron.shop""}"
http://digit.sparka-kunden-info.com,clean,allowed,,,True,{},Legitimate,1,72.63107299804688,False,Qty Tld Url=3.0 (increases phishing risk) | Qty Vowels Domain=9.0 (increases phishing risk) | Qty Hyphen Url=2.0 (increases phishing risk),,"{""google_available"": true, ""google_flagged"": false, ""google_safe_browsing"": {}, ""model_confidence"": 72.63107299804688, ""model_prediction"": ""Legitimate"", ""model_reasoning"": [{""feature"": ""Qty Tld Url"", ""impact"": ""increases phishing risk"", ""shap_value"": 1.2140730619430542, ""value"": 3.0}, {""feature"": ""Qty Vowels Domain"", ""impact"": ""increases phishing risk"", ""shap_value"": 0.43915319442749023, ""value"": 9.0}, {""feature"": ""Qty Hyphen Url"", ""impact"": ""increases phishing risk"", ""shap_value"": 0.4104117155075073, ""value"": 2.0}], ""model_status"": 1, ""url"": ""http://digit.sparka-kunden-info.com""}"
http://digittranquilaxium-vendroplaxonex.shop,flagged,blocked by Google Safe Browsing,,,True,"{""matches"": [{""cacheDuration"": ""300s"", ""platformType"": ""ANY_PLATFORM"", ""threat"": {""url"": ""http://digittranquilaxium-vendroplaxonex.shop""}, ""threatEntryType"": ""URL"", ""threatType"": ""SOCIAL_ENGINEERING""}]}",PHISHING,0,100.0,True,Flagged by Google Safe Browsing.,,"{""google_available"": true, ""google_flagged"": true, ""google_safe_browsing"": {""matches"": [{""cacheDuration"": ""300s"", ""platformType"": ""ANY_PLATFORM"", ""threat"": {""url"": ""http://digittranquilaxium-vendroplaxonex.shop""}, ""threatEntryType"": ""URL"", ""threatType"": ""SOCIAL_ENGINEERING""}]}, ""model_confidence"": 100.0, ""model_prediction"": ""PHISHING"", ""model_reasoning"": [""Flagged by Google Safe Browsing.""], ""model_status"": 0, ""url"": ""http://digittranquilaxium-vendroplaxonex.shop""}"
http://digitvanteronex-pluridramix.shop,flagged,blocked by Google Safe Browsing,,,True,"{""matches"": [{""cacheDuration"": ""300s"", ""platformType"": ""ANY_PLATFORM"", ""threat"": {""url"": ""http://digitvanteronex-pluridramix.shop""}, ""threatEntryType"": ""URL"", ""threatType"": ""SOCIAL_ENGINEERING""}]}",PHISHING,0,100.0,True,Flagged by Google Safe Browsing.,,"{""google_available"": true, ""google_flagged"": true, ""google_safe_browsing"": {""matches"": [{""cacheDuration"": ""300s"", ""platformType"": ""ANY_PLATFORM"", ""threat"": {""url"": ""http://digitvanteronex-pluridramix.shop""}, ""threatEntryType"": ""URL"", ""threatType"": ""SOCIAL_ENGINEERING""}]}, ""model_confidence"": 100.0, ""model_prediction"": ""PHISHING"", ""model_reasoning"": [""Flagged by Google Safe Browsing.""], ""model_status"": 0, ""url"": ""http://digitvanteronex-pluridramix.shop""}"
http://digitveromax-trenaxelia.shop,flagged,blocked by Google Safe Browsing,,,True,"{""matches"": [{""cacheDuration"": ""300s"", ""platformType"": ""ANY_PLATFORM"", ""threat"": {""url"": ""http://digitveromax-trenaxelia.shop""}, ""threatEntryType"": ""URL"", ""threatType"": ""SOCIAL_ENGINEERING""}]}",PHISHING,0,100.0,True,Flagged by Google Safe Browsing.,,"{""google_available"": true, ""google_flagged"": true, ""google_safe_browsing"": {""matches"": [{""cacheDuration"": ""300s"", ""platformType"": ""ANY_PLATFORM"", ""threat"": {""url"": ""http://digitveromax-trenaxelia.shop""}, ""threatEntryType"": ""URL"", ""threatType"": ""SOCIAL_ENGINEERING""}]}, ""model_confidence"": 100.0, ""model_prediction"": ""PHISHING"", ""model_reasoning"": [""Flagged by Google Safe Browsing.""], ""model_status"": 0, ""url"": ""http://digitveromax-trenaxelia.shop""}"
http://digitxantravionexer-omnivandrelia.buzz,flagged,blocked by Google Safe Browsing,,,True,"{""matches"": [{""cacheDuration"": ""300s"", ""platformType"": ""ANY_PLATFORM"", ""threat"": {""url"": ""http://digitxantravionexer-omnivandrelia.buzz""}, ""threatEntryType"": ""URL"", ""threatType"": ""SOCIAL_ENGINEERING""}]}",PHISHING,0,100.0,True,Flagged by Google Safe Browsing.,,"{""google_available"": true, ""google_flagged"": true, ""google_safe_browsing"": {""matches"": [{""cacheDuration"": ""300s"", ""platformType"": ""ANY_PLATFORM"", ""threat"": {""url"": ""http://digitxantravionexer-omnivandrelia.buzz""}, ""threatEntryType"": ""URL"", ""threatType"": ""SOCIAL_ENGINEERING""}]}, ""model_confidence"": 100.0, ""model_prediction"": ""PHISHING"", ""model_reasoning"": [""Flagged by Google Safe Browsing.""], ""model_status"": 0, ""url"": ""http://digitxantravionexer-omnivandrelia.buzz""}"
http://digitxantronavorex-mechadramexilia.shop,flagged,blocked by Google Safe Browsing,,,True,"{""matches"": [{""cacheDuration"": ""300s"", ""platformType"": ""ANY_PLATFORM"", ""threat"": {""url"": ""http://digitxantronavorex-mechadramexilia.shop""}, ""threatEntryType"": ""URL"", ""threatType"": ""SOCIAL_ENGINEERING""}]}",PHISHING,0,100.0,True,Flagged by Google Safe Browsing.,,"{""google_available"": true, ""google_flagged"": true, ""google_safe_browsing"": {""matches"": [{""cacheDuration"": ""300s"", ""platformType"": ""ANY_PLATFORM"", ""threat"": {""url"": ""http://digitxantronavorex-mechadramexilia.shop""}, ""threatEntryType"": ""URL"", ""threatType"": ""SOCIAL_ENGINEERING""}]}, ""model_confidence"": 100.0, ""model_prediction"": ""PHISHING"", ""model_reasoning"": [""Flagged by Google Safe Browsing.""], ""model_status"": 0, ""url"": ""http://digitxantronavorex-mechadramexilia.shop""}"
http://digitxelundariont-fycralonestra.shop,flagged,blocked by Google Safe Browsing,,,True,"{""matches"": [{""cacheDuration"": ""300s"", ""platformType"": ""ANY_PLATFORM"", ""threat"": {""url"": ""http://digitxelundariont-fycralonestra.shop""}, ""threatEntryType"": ""URL"", ""threatType"": ""SOCIAL_ENGINEERING""}]}",PHISHING,0,100.0,True,Flagged by Google Safe Browsing.,,"{""google_available"": true, ""google_flagged"": true, ""google_safe_browsing"": {""matches"": [{""cacheDuration"": ""300s"", ""platformType"": ""ANY_PLATFORM"", ""threat"": {""url"": ""http://digitxelundariont-fycralonestra.shop""}, ""threatEntryType"": ""URL"", ""threatType"": ""SOCIAL_ENGINEERING""}]}, ""model_confidence"": 100.0, ""model_prediction"": ""PHISHING"", ""model_reasoning"": [""Flagged by Google Safe Browsing.""], ""model_status"": 0, ""url"": ""http://digitxelundariont-fycralonestra.shop""}"
http://digitxenotronika-exovendomex.shop,flagged,blocked by Google Safe Browsing,,,True,"{""matches"": [{""cacheDuration"": ""300s"", ""platformType"": ""ANY_PLATFORM"", ""threat"": {""url"": ""http://digitxenotronika-exovendomex.shop""}, ""threatEntryType"": ""URL"", ""threatType"": ""SOCIAL_ENGINEERING""}]}",PHISHING,0,100.0,True,Flagged by Google Safe Browsing.,,"{""google_available"": true, ""google_flagged"": true, ""google_safe_browsing"": {""matches"": [{""cacheDuration"": ""300s"", ""platformType"": ""ANY_PLATFORM"", ""threat"": {""url"": ""http://digitxenotronika-exovendomex.shop""}, ""threatEntryType"": ""URL"", ""threatType"": ""SOCIAL_ENGINEERING""}]}, ""model_confidence"": 100.0, ""model_prediction"": ""PHISHING"", ""model_reasoning"": [""Flagged by Google Safe Browsing.""], ""model_status"": 0, ""url"": ""http://digitxenotronika-exovendomex.shop""}"
http://digitxeronautrix-pluravandrexia.cfd,flagged,blocked by Google Safe Browsing,,,True,"{""matches"": [{""cacheDuration"": ""300s"", ""platformType"": ""ANY_PLATFORM"", ""threat"": {""url"": ""http://digitxeronautrix-pluravandrexia.cfd""}, ""threatEntryType"": ""URL"", ""threatType"": ""SOCIAL_ENGINEERING""}]}",PHISHING,0,100.0,True,Flagged by Google Safe Browsing.,,"{""google_available"": true, ""google_flagged"": true, ""google_safe_browsing"": {""matches"": [{""cacheDuration"": ""300s"", ""platformType"": ""ANY_PLATFORM"", ""threat"": {""url"": ""http://digitxeronautrix-pluravandrexia.cfd""}, ""threatEntryType"": ""URL"", ""threatType"": ""SOCIAL_ENGINEERING""}]}, ""model_confidence"": 100.0, ""model_prediction"": ""PHISHING"", ""model_reasoning"": [""Flagged by Google Safe Browsing.""], ""model_status"": 0, ""url"": ""http://digitxeronautrix-pluravandrexia.cfd""}"
http://digitzaventrionex-multixerocladia.shop,flagged,blocked by Google Safe Browsing,,,True,"{""matches"": [{""cacheDuration"": ""300s"", ""platformType"": ""ANY_PLATFORM"", ""threat"": {""url"": ""http://digitzaventrionex-multixerocladia.shop""}, ""threatEntryType"": ""URL"", ""threatType"": ""SOCIAL_ENGINEERING""}]}",PHISHING,0,100.0,True,Flagged by Google Safe Browsing.,,"{""google_available"": true, ""google_flagged"": true, ""google_safe_browsing"": {""matches"": [{""cacheDuration"": ""300s"", ""platformType"": ""ANY_PLATFORM"", ""threat"": {""url"": ""http://digitzaventrionex-multixerocladia.shop""}, ""threatEntryType"": ""URL"", ""threatType"": ""SOCIAL_ENGINEERING""}]}, ""model_confidence"": 100.0, ""model_prediction"": ""PHISHING"", ""model_reasoning"": [""Flagged by Google Safe Browsing.""], ""model_status"": 0, ""url"": ""http://digitzaventrionex-multixerocladia.shop""}"
http://digitzenphase-exovendomex.shop,flagged,blocked by Google Safe Browsing,,,True,"{""matches"": [{""cacheDuration"": ""300s"", ""platformType"": ""ANY_PLATFORM"", ""threat"": {""url"": ""http://digitzenphase-exovendomex.shop""}, ""threatEntryType"": ""URL"", ""threatType"": ""SOCIAL_ENGINEERING""}]}",PHISHING,0,100.0,True,Flagged by Google Safe Browsing.,,"{""google_available"": true, ""google_flagged"": true, ""google_safe_browsing"": {""matches"": [{""cacheDuration"": ""300s"", ""platformType"": ""ANY_PLATFORM"", ""threat"": {""url"": ""http://digitzenphase-exovendomex.shop""}, ""threatEntryType"": ""URL"", ""threatType"": ""SOCIAL_ENGINEERING""}]}, ""model_confidence"": 100.0, ""model_prediction"": ""PHISHING"", ""model_reasoning"": [""Flagged by Google Safe Browsing.""], ""model_status"": 0, ""url"": ""http://digitzenphase-exovendomex.shop""}"
http://digitzenphluxoria-neurovendotex.shop,flagged,blocked by Google Safe Browsing,,,True,"{""matches"": [{""cacheDuration"": ""300s"", ""platformType"": ""ANY_PLATFORM"", ""threat"": {""url"": ""http://digitzenphluxoria-neurovendotex.shop""}, ""threatEntryType"": ""URL"", ""threatType"": ""SOCIAL_ENGINEERING""}]}",PHISHING,0,100.0,True,Flagged by Google Safe Browsing.,,"{""google_available"": true, ""google_flagged"": true, ""google_safe_browsing"": {""matches"": [{""cacheDuration"": ""300s"", ""platformType"": ""ANY_PLATFORM"", ""threat"": {""url"": ""http://digitzenphluxoria-neurovendotex.shop""}, ""threatEntryType"": ""URL"", ""threatType"": ""SOCIAL_ENGINEERING""}]}, ""model_confidence"": 100.0, ""model_prediction"": ""PHISHING"", ""model_reasoning"": [""Flagged by Google Safe Browsing.""], ""model_status"": 0, ""url"": ""http://digitzenphluxoria-neurovendotex.shop""}"
http://digi.usac.edu.gt,clean,blocked by model,,,True,{},PHISHING,0,98.42195892333984,False,Qty Dot Domain=3.0 (decreases phishing risk) | Length Url=16.0 (decreases phishing risk),,"{""google_available"": true, ""google_flagged"": false, ""google_safe_browsing"": {}, ""model_confidence"": 98.42195892333984, ""model_prediction"": ""PHISHING"", ""model_reasoning"": [{""feature"": ""Qty Dot Domain"", ""impact"": ""decreases phishing risk"", ""shap_value"": -0.8614989519119263, ""value"": 3.0}, {""feature"": ""Length Url"", ""impact"": ""decreases phishing risk"", ""shap_value"": -0.6850959062576294, ""value"": 16.0}], ""model_status"": 0, ""url"": ""http://digi.usac.edu.gt""}"
http://digivipin.com,clean,blocked by model,,,True,{},PHISHING,0,59.02406692504883,False,Qty Dot Domain=1.0 (increases phishing risk) | Qty Tld Url=3.0 (increases phishing risk),,"{""google_available"": true, ""google_flagged"": false, ""google_safe_browsing"": {}, ""model_confidence"": 59.02406692504883, ""model_prediction"": ""PHISHING"", ""model_reasoning"": [{""feature"": ""Qty Dot Domain"", ""impact"": ""increases phishing risk"", ""shap_value"": 0.9448511004447937, ""value"": 1.0}, {""feature"": ""Qty Tld Url"", ""impact"": ""increases phishing risk"", ""shap_value"": 0.638353705406189, ""value"": 3.0}], ""model_status"": 0, ""url"": ""http://digivipin.com""}"
http://digliging.com,clean,blocked by model,,,True,{},PHISHING,0,53.94972610473633,False,Qty Dot Domain=1.0 (increases phishing risk) | Qty Tld Url=3.0 (increases phishing risk),,"{""google_available"": true, ""google_flagged"": false, ""google_safe_browsing"": {}, ""model_confidence"": 53.94972610473633, ""model_prediction"": ""PHISHING"", ""model_reasoning"": [{""feature"": ""Qty Dot Domain"", ""impact"": ""increases phishing risk"", ""shap_value"": 0.9797619581222534, ""value"": 1.0}, {""feature"": ""Qty Tld Url"", ""impact"": ""increases phishing risk"", ""shap_value"": 0.6379356384277344, ""value"": 3.0}], ""model_status"": 0, ""url"": ""http://digliging.com""}"
http://diglion.club,clean,blocked by model,,,True,{},PHISHING,0,63.19417953491211,False,Qty Dot Domain=1.0 (increases phishing risk) | Length Url=12.0 (decreases phishing risk) | Qty Tld Url=4.0 (increases phishing risk),,"{""google_available"": true, ""google_flagged"": false, ""google_safe_browsing"": {}, ""model_confidence"": 63.19417953491211, ""model_prediction"": ""PHISHING"", ""model_reasoning"": [{""feature"": ""Qty Dot Domain"", ""impact"": ""increases phishing risk"", ""shap_value"": 0.9785807132720947, ""value"": 1.0}, {""feature"": ""Length Url"", ""impact"": ""decreases phishing risk"", ""shap_value"": -0.6401152610778809, ""value"": 12.0}, {""feature"": ""Qty Tld Url"", ""impact"": ""increases phishing risk"", ""shap_value"": 0.6386113166809082, ""value"": 4.0}], ""model_status"": 0, ""url"": ""http://diglion.club""}"
http://dignam.eu,clean,blocked by model,,,True,{},PHISHING,0,74.43936157226562,False,Qty Dot Domain=1.0 (increases phishing risk) | Qty Tld Url=2.0 (increases phishing risk) | Length Url=9.0 (decreases phishing risk),,"{""google_available"": true, ""google_flagged"": false, ""google_safe_browsing"": {}, ""model_confidence"": 74.43936157226562, ""model_prediction"": ""PHISHING"", ""model_reasoning"": [{""feature"": ""Qty Dot Domain"", ""impact"": ""increases phishing risk"", ""shap_value"": 0.851081907749176, ""value"": 1.0}, {""feature"": ""Qty Tld Url"", ""impact"": ""increases phishing risk"", ""shap_value"": 0.6183426976203918, ""value"": 2.0}, {""feature"": ""Length Url"", ""impact"": ""decreases phishing risk"", ""shap_value"": -0.6060234904289246, ""value"": 9.0}], ""model_status"": 0, ""url"": ""http://dignam.eu""}"
http://dignityhasavoice.com,clean,blocked by model,,,True,{},PHISHING,0,69.6194839477539,False,Qty Tld Url=3.0 (increases phishing risk) | Qty Dot Domain=1.0 (increases phishing risk),,"{""google_available"": true, ""google_flagged"": false, ""google_safe_browsing"": {}, ""model_confidence"": 69.6194839477539, ""model_prediction"": ""PHISHING"", ""model_reasoning"": [{""feature"": ""Qty Tld Url"", ""impact"": ""increases phishing risk"", ""shap_value"": 0.5908099412918091, ""value"": 3.0}, {""feature"": ""Qty Dot Domain"", ""impact"": ""increases phishing risk"", ""shap_value"": 0.4500807523727417, ""value"": 1.0}], ""model_status"": 0, ""url"": ""http://dignityhasavoice.com""}"
http://digoluyjgrdenwitkgzaeyjcnhsydsonzqcb-dot-cedar-code-289917.nn.r.appspot.com,clean,allowed,,,True,{},Legitimate,1,98.73609924316406,False,Length Url=75.0 (increases phishing risk) | Domain Length=75.0 (increases phishing risk) | Qty Vowels Domain=16.0 (increases phishing risk),,"{""google_available"": true, ""google_flagged"": false, ""google_safe_browsing"": {}, ""model_confidence"": 98.73609924316406, ""model_prediction"": ""Legitimate"", ""model_reasoning"": [{""feature"": ""Length Url"", ""impact"": ""increases phishing risk"", ""shap_value"": 2.9285478591918945, ""value"": 75.0}, {""feature"": ""Domain Length"", ""impact"": ""increases phishing risk"", ""shap_value"": 1.1224943399429321, ""value"": 75.0}, {""feature"": ""Qty Vowels Domain"", ""impact"": ""increases phishing risk"", ""shap_value"": 1.0289963483810425, ""value"": 16.0}], ""model_status"": 1, ""url"": ""http://digoluyjgrdenwitkgzaeyjcnhsydsonzqcb-dot-cedar-code-289917.nn.r.appspot.com""}"
http://digo.net.pe,clean,blocked by model,,,True,{},PHISHING,0,94.87063598632812,False,Length Url=11.0 (decreases phishing risk) | Qty Tld Url=2.0 (increases phishing risk),,"{""google_available"": true, ""google_flagged"": false, ""google_safe_browsing"": {}, ""model_confidence"": 94.87063598632812, ""model_prediction"": ""PHISHING"", ""model_reasoning"": [{""feature"": ""Length Url"", ""impact"": ""decreases phishing risk"", ""shap_value"": -0.7971941828727722, ""value"": 11.0}, {""feature"": ""Qty Tld Url"", ""impact"": ""increases phishing risk"", ""shap_value"": 0.5170847773551941, ""value"": 2.0}], ""model_status"": 0, ""url"": ""http://digo.net.pe""}"
http://digo-wow.ghost.io,clean,blocked by model,,,True,{},PHISHING,0,92.13553619384766,False,Length Url=17.0 (decreases phishing risk) | Qty Hyphen Url=1.0 (increases phishing risk),,"{""google_available"": true, ""google_flagged"": false, ""google_safe_browsing"": {}, ""model_confidence"": 92.13553619384766, ""model_prediction"": ""PHISHING"", ""model_reasoning"": [{""feature"": ""Length Url"", ""impact"": ""decreases phishing risk"", ""shap_value"": -0.4911233186721802, ""value"": 17.0}, {""feature"": ""Qty Hyphen Url"", ""impact"": ""increases phishing risk"", ""shap_value"": 0.41651564836502075, ""value"": 1.0}], ""model_status"": 0, ""url"": ""http://digo-wow.ghost.io""}"
http://digracom.com,clean,blocked by model,,,True,{},PHISHING,0,63.19417953491211,False,Qty Dot Domain=1.0 (increases phishing risk) | Length Url=12.0 (decreases phishing risk) | Qty Tld Url=3.0 (increases phishing risk),,"{""google_available"": true, ""google_flagged"": false, ""google_safe_browsing"": {}, ""model_confidence"": 63.19417953491211, ""model_prediction"": ""PHISHING"", ""model_reasoning"": [{""feature"": ""Qty Dot Domain"", ""impact"": ""increases phishing risk"", ""shap_value"": 0.9785807132720947, ""value"": 1.0}, {""feature"": ""Length Url"", ""impact"": ""decreases phishing risk"", ""shap_value"": -0.6401152610778809, ""value"": 12.0}, {""feature"": ""Qty Tld Url"", ""impact"": ""increases phishing risk"", ""shap_value"": 0.6386113166809082, ""value"": 3.0}], ""model_status"": 0, ""url"": ""http://digracom.com""}"
http://digressmissile.com,clean,blocked by model,,,True,{},PHISHING,0,63.64768600463867,False,Qty Dot Domain=1.0 (increases phishing risk) | Length Url=18.0 (decreases phishing risk),,"{""google_available"": true, ""google_flagged"": false, ""google_safe_browsing"": {}, ""model_confidence"": 63.64768600463867, ""model_prediction"": ""PHISHING"", ""model_reasoning"": [{""feature"": ""Qty Dot Domain"", ""impact"": ""increases phishing risk"", ""shap_value"": 0.9997248649597168, ""value"": 1.0}, {""feature"": ""Length Url"", ""impact"": ""decreases phishing risk"", ""shap_value"": -0.3152015507221222, ""value"": 18.0}], ""model_status"": 0, ""url"": ""http://digressmissile.com""}"
http://digresspainter.com,clean,blocked by model,,,True,{},PHISHING,0,63.64768600463867,False,Qty Dot Domain=1.0 (increases phishing risk) | Length Url=18.0 (decreases phishing risk),,"{""google_available"": true, ""google_flagged"": false, ""google_safe_browsing"": {}, ""model_confidence"": 63.64768600463867, ""model_prediction"": ""PHISHING"", ""model_reasoning"": [{""feature"": ""Qty Dot Domain"", ""impact"": ""increases phishing risk"", ""shap_value"": 0.9997248649597168, ""value"": 1.0}, {""feature"": ""Length Url"", ""impact"": ""decreases phishing risk"", ""shap_value"": -0.3152015507221222, ""value"": 18.0}], ""model_status"": 0, ""url"": ""http://digresspainter.com""}"
http://digrgical.icu,clean,blocked by model,,,True,{},PHISHING,0,59.02406692504883,False,Qty Dot Domain=1.0 (increases phishing risk) | Qty Tld Url=3.0 (increases phishing risk),,"{""google_available"": true, ""google_flagged"": false, ""google_safe_browsing"": {}, ""model_confidence"": 59.02406692504883, ""model_prediction"": ""PHISHING"", ""model_reasoning"": [{""feature"": ""Qty Dot Domain"", ""impact"": ""increases phishing risk"", ""shap_value"": 0.9448511004447937, ""value"": 1.0}, {""feature"": ""Qty Tld Url"", ""impact"": ""increases phishing risk"", ""shap_value"": 0.638353705406189, ""value"": 3.0}], ""model_status"": 0, ""url"": ""http://digrgical.icu""}"
http://digvijaysingh108.github.io,clean,allowed,,,True,{},Legitimate,1,78.08735656738281,False,Qty Vowels Domain=8.0 (increases phishing risk) | Qty Tld Url=2.0 (increases phishing risk) | Domain Length=26.0 (increases phishing risk),,"{""google_available"": true, ""google_flagged"": false, ""google_safe_browsing"": {}, ""model_confidence"": 78.08735656738281, ""model_prediction"": ""Legitimate"", ""model_reasoning"": [{""feature"": ""Qty Vowels Domain"", ""impact"": ""increases phishing risk"", ""shap_value"": 0.9978594779968262, ""value"": 8.0}, {""feature"": ""Qty Tld Url"", ""impact"": ""increases phishing risk"", ""shap_value"": 0.899336040019989, ""value"": 2.0}, {""feature"": ""Domain Length"", ""impact"": ""increases phishing risk"", ""shap_value"": 0.33886614441871643, ""value"": 26.0}], ""model_status"": 1, ""url"": ""http://digvijaysingh108.github.io""}"
http://dihfdpihdildrfuwiredyjpwht-dot-gl9393jan.uk.r.appspot.com,clean,allowed,,,True,{},Legitimate,1,95.98435974121094,False,Length Url=57.0 (increases phishing risk) | Domain Length=57.0 (increases phishing risk) | Qty Tld Url=3.0 (increases phishing risk),,"{""google_available"": true, ""google_flagged"": false, ""google_safe_browsing"": {}, ""model_confidence"": 95.98435974121094, ""model_prediction"": ""Legitimate"", ""model_reasoning"": [{""feature"": ""Length Url"", ""impact"": ""increases phishing risk"", ""shap_value"": 2.3731272220611572, ""value"": 57.0}, {""feature"": ""Domain Length"", ""impact"": ""increases phishing risk"", ""shap_value"": 1.1690632104873657, ""value"": 57.0}, {""feature"": ""Qty Tld Url"", ""impact"": ""increases phishing risk"", ""shap_value"": 0.8659825325012207, ""value"": 3.0}], ""model_status"": 1, ""url"": ""http://dihfdpihdildrfuwiredyjpwht-dot-gl9393jan.uk.r.appspot.com""}"
http://dihfu.godp4y.com,clean,blocked by model,,,True,{},PHISHING,0,97.36601257324219,False,Length Url=16.0 (decreases phishing risk) | Qty Dot Domain=2.0 (decreases phishing risk),,"{""google_available"": true, ""google_flagged"": false, ""google_safe_browsing"": {}, ""model_confidence"": 97.36601257324219, ""model_prediction"": ""PHISHING"", ""model_reasoning"": [{""feature"": ""Length Url"", ""impact"": ""decreases phishing risk"", ""shap_value"": -0.5769246816635132, ""value"": 16.0}, {""feature"": ""Qty Dot Domain"", ""impact"": ""decreases phishing risk"", ""shap_value"": -0.4657936692237854, ""value"": 2.0}], ""model_status"": 0, ""url"": ""http://dihfu.godp4y.com""}"
http://dihfum.nag4.com.tr,clean,blocked by model,,,True,{},PHISHING,0,99.20822143554688,False,Qty Dot Domain=3.0 (decreases phishing risk) | Length Url=18.0 (decreases phishing risk),,"{""google_available"": true, ""google_flagged"": false, ""google_safe_browsing"": {}, ""model_confidence"": 99.20822143554688, ""model_prediction"": ""PHISHING"", ""model_reasoning"": [{""feature"": ""Qty Dot Domain"", ""impact"": ""decreases phishing risk"", ""shap_value"": -0.9678990840911865, ""value"": 3.0}, {""feature"": ""Length Url"", ""impact"": ""decreases phishing risk"", ""shap_value"": -0.8251577019691467, ""value"": 18.0}], ""model_status"": 0, ""url"": ""http://dihfum.nag4.com.tr""}"
http://dih.gov.al,clean,blocked by model,,,True,{},PHISHING,0,96.59165954589844,False,Length Url=10.0 (decreases phishing risk) | Qty Tld Url=2.0 (increases phishing risk),,"{""google_available"": true, ""google_flagged"": false, ""google_safe_browsing"": {}, ""model_confidence"": 96.59165954589844, ""model_prediction"": ""PHISHING"", ""model_reasoning"": [{""feature"": ""Length Url"", ""impact"": ""decreases phishing risk"", ""shap_value"": -0.6850584149360657, ""value"": 10.0}, {""feature"": ""Qty Tld Url"", ""impact"": ""increases phishing risk"", ""shap_value"": 0.5010297894477844, ""value"": 2.0}], ""model_status"": 0, ""url"": ""http://dih.gov.al""}"
http://dihg.top,clean,blocked by model,,,True,{},PHISHING,0,90.63956451416016,False,Length Url=8.0 (decreases phishing risk) | Qty Dot Domain=1.0 (increases phishing risk) | Qty Tld Url=3.0 (increases phishing risk),,"{""google_available"": true, ""google_flagged"": false, ""google_safe_browsing"": {}, ""model_confidence"": 90.63956451416016, ""model_prediction"": ""PHISHING"", ""model_reasoning"": [{""feature"": ""Length Url"", ""impact"": ""decreases phishing risk"", ""shap_value"": -0.9538281559944153, ""value"": 8.0}, {""feature"": ""Qty Dot Domain"", ""impact"": ""increases phishing risk"", ""shap_value"": 0.7962605953216553, ""value"": 1.0}, {""feature"": ""Qty Tld Url"", ""impact"": ""increases phishing risk"", ""shap_value"": 0.6353371143341064, ""value"": 3.0}], ""model_status"": 0, ""url"": ""http://dihg.top""}"
http://dihnlihuvwnfpjaturambtvcry-dot-triple-upgrade-293822.rj.r.appspot.com,clean,allowed,,,True,{},Legitimate,1,98.35095977783203,False,Length Url=69.0 (increases phishing risk) | Domain Length=69.0 (increases phishing risk) | Qty Tld Url=3.0 (increases phishing risk),,"{""google_available"": true, ""google_flagged"": false, ""google_safe_browsing"": {}, ""model_confidence"": 98.35095977783203, ""model_prediction"": ""Legitimate"", ""model_reasoning"": [{""feature"": ""Length Url"", ""impact"": ""increases phishing risk"", ""shap_value"": 2.748318672180176, ""value"": 69.0}, {""feature"": ""Domain Length"", ""impact"": ""increases phishing risk"", ""shap_value"": 1.0822206735610962, ""value"": 69.0}, {""feature"": ""Qty Tld Url"", ""impact"": ""increases phishing risk"", ""shap_value"": 0.7660546898841858, ""value"": 3.0}], ""model_status"": 1, ""url"": ""http://dihnlihuvwnfpjaturambtvcry-dot-triple-upgrade-293822.rj.r.appspot.com""}"
http://dihnlihuvwnfpjaturambtvcry.triple-upgrade-293822.rj.r.appspot.com,clean,allowed,,,True,{},Legitimate,1,99.2473373413086,False,Length Url=65.0 (increases phishing risk) | Domain Length=65.0 (increases phishing risk) | Qty Vowels Domain=14.0 (increases phishing risk),,"{""google_available"": true, ""google_flagged"": false, ""google_safe_browsing"": {}, ""model_confidence"": 99.2473373413086, ""model_prediction"": ""Legitimate"", ""model_reasoning"": [{""feature"": ""Length Url"", ""impact"": ""increases phishing risk"", ""shap_value"": 2.743006467819214, ""value"": 65.0}, {""feature"": ""Domain Length"", ""impact"": ""increases phishing risk"", ""shap_value"": 1.0809073448181152, ""value"": 65.0}, {""feature"": ""Qty Vowels Domain"", ""impact"": ""increases phishing risk"", ""shap_value"": 0.8315949440002441, ""value"": 14.0}], ""model_status"": 1, ""url"": ""http://dihnlihuvwnfpjaturambtvcry.triple-upgrade-293822.rj.r.appspot.com""}"
http://diho.zeabur.app,flagged,blocked by Google Safe Browsing,,,True,"{""matches"": [{""cacheDuration"": ""300s"", ""platformType"": ""ANY_PLATFORM"", ""threat"": {""url"": ""http://diho.zeabur.app""}, ""threatEntryType"": ""URL"", ""threatType"": ""SOCIAL_ENGINEERING""}]}",PHISHING,0,100.0,True,Flagged by Google Safe Browsing.,,"{""google_available"": true, ""google_flagged"": true, ""google_safe_browsing"": {""matches"": [{""cacheDuration"": ""300s"", ""platformType"": ""ANY_PLATFORM"", ""threat"": {""url"": ""http://diho.zeabur.app""}, ""threatEntryType"": ""URL"", ""threatType"": ""SOCIAL_ENGINEERING""}]}, ""model_confidence"": 100.0, ""model_prediction"": ""PHISHING"", ""model_reasoning"": [""Flagged by Google Safe Browsing.""], ""model_status"": 0, ""url"": ""http://diho.zeabur.app""}"
http://diiiffdayu.duckdns.org,clean,blocked by model,,,True,{},PHISHING,0,87.16590118408203,False,Qty Tld Url=3.0 (increases phishing risk) | Qty Dot Domain=2.0 (decreases phishing risk),,"{""google_available"": true, ""google_flagged"": false, ""google_safe_browsing"": {}, ""model_confidence"": 87.16590118408203, ""model_prediction"": ""PHISHING"", ""model_reasoning"": [{""feature"": ""Qty Tld Url"", ""impact"": ""increases phishing risk"", ""shap_value"": 0.47207969427108765, ""value"": 3.0}, {""feature"": ""Qty Dot Domain"", ""impact"": ""decreases phishing risk"", ""shap_value"": -0.26376673579216003, ""value"": 2.0}], ""model_status"": 0, ""url"": ""http://diiiffdayu.duckdns.org""}"
http://diiktserzvmeyejh-dot-millinium.ey.r.appspot.com,clean,allowed,,,True,{},Legitimate,1,90.21826171875,False,Length Url=47.0 (increases phishing risk) | Domain Length=47.0 (increases phishing risk) | Qty Tld Url=3.0 (increases phishing risk),,"{""google_available"": true, ""google_flagged"": false, ""google_safe_browsing"": {}, ""model_confidence"": 90.21826171875, ""model_prediction"": ""Legitimate"", ""model_reasoning"": [{""feature"": ""Length Url"", ""impact"": ""increases phishing risk"", ""shap_value"": 1.286123514175415, ""value"": 47.0}, {""feature"": ""Domain Length"", ""impact"": ""increases phishing risk"", ""shap_value"": 1.2365875244140625, ""value"": 47.0}, {""feature"": ""Qty Tld Url"", ""impact"": ""increases phishing risk"", ""shap_value"": 0.9270802140235901, ""value"": 3.0}], ""model_status"": 1, ""url"": ""http://diiktserzvmeyejh-dot-millinium.ey.r.appspot.com""}"
http://diiqlozafzldoaex-dot-millinium.ey.r.appspot.com,clean,allowed,,,True,{},Legitimate,1,92.42293548583984,False,Domain Length=47.0 (increases phishing risk) | Length Url=47.0 (increases phishing risk) | Qty Vowels Domain=16.0 (increases phishing risk),,"{""google_available"": true, ""google_flagged"": false, ""google_safe_browsing"": {}, ""model_confidence"": 92.42293548583984, ""model_prediction"": ""Legitimate"", ""model_reasoning"": [{""feature"": ""Domain Length"", ""impact"": ""increases phishing risk"", ""shap_value"": 1.17523992061615, ""value"": 47.0}, {""feature"": ""Length Url"", ""impact"": ""increases phishing risk"", ""shap_value"": 1.1634646654129028, ""value"": 47.0}, {""feature"": ""Qty Vowels Domain"", ""impact"": ""increases phishing risk"", ""shap_value"": 1.0796186923980713, ""value"": 16.0}], ""model_status"": 1, ""url"": ""http://diiqlozafzldoaex-dot-millinium.ey.r.appspot.com""}"
http://diiscord.azurewebsites.net,clean,allowed,,,True,{},Legitimate,1,66.0711898803711,False,Qty Tld Url=3.0 (increases phishing risk) | Qty Vowels Domain=10.0 (increases phishing risk),,"{""google_available"": true, ""google_flagged"": false, ""google_safe_browsing"": {}, ""model_confidence"": 66.0711898803711, ""model_prediction"": ""Legitimate"", ""model_reasoning"": [{""feature"": ""Qty Tld Url"", ""impact"": ""increases phishing risk"", ""shap_value"": 1.162649154663086, ""value"": 3.0}, {""feature"": ""Qty Vowels Domain"", ""impact"": ""increases phishing risk"", ""shap_value"": 0.8043256998062134, ""value"": 10.0}], ""model_status"": 1, ""url"": ""http://diiscord.azurewebsites.net""}"
http://diisvida.top,clean,blocked by model,,,True,{},PHISHING,0,69.9379653930664,False,Qty Dot Domain=1.0 (increases phishing risk) | Qty Tld Url=3.0 (increases phishing risk) | Length Url=12.0 (decreases phishing risk),,"{""google_available"": true, ""google_flagged"": false, ""google_safe_browsing"": {}, ""model_confidence"": 69.9379653930664, ""model_prediction"": ""PHISHING"", ""model_reasoning"": [{""feature"": ""Qty Dot Domain"", ""impact"": ""increases phishing risk"", ""shap_value"": 0.9567753076553345, ""value"": 1.0}, {""feature"": ""Qty Tld Url"", ""impact"": ""increases phishing risk"", ""shap_value"": 0.6444292068481445, ""value"": 3.0}, {""feature"": ""Length Url"", ""impact"": ""decreases phishing risk"", ""shap_value"": -0.6247010827064514, ""value"": 12.0}], ""model_status"": 0, ""url"": ""http://diisvida.top""}"
http://diitbd.com,unavailable,error,,,,{},,,,,,"HTTPConnectionPool(host='localhost', port=5000): Read timed out. (read timeout=10.0)",{}
http://diiw.dermals.org,clean,blocked by model,,,True,false,PHISHING,0,96.5495376586914,False,Length Url=16.0 (decreases phishing risk) | Qty Dot Domain=2.0 (decreases phishing risk) | Domain Length=16.0 (decreases phishing risk),,"{""google_available"": true, ""google_flagged"": false, ""google_safe_browsing"": false, ""model_confidence"": 96.5495376586914, ""model_prediction"": ""PHISHING"", ""model_reasoning"": [{""feature"": ""Length Url"", ""impact"": ""decreases phishing risk"", ""shap_value"": -0.44996199011802673, ""value"": 16.0}, {""feature"": ""Qty Dot Domain"", ""impact"": ""decreases phishing risk"", ""shap_value"": -0.4252976179122925, ""value"": 2.0}, {""feature"": ""Domain Length"", ""impact"": ""decreases phishing risk"", ""shap_value"": -0.39296862483024597, ""value"": 16.0}], ""model_status"": 0, ""url"": ""http://diiw.dermals.org""}"
http://diiwkgxnazmlzkxo-dot-millinium.ey.r.appspot.com,clean,allowed,,,True,{},Legitimate,1,88.90510559082031,False,Length Url=47.0 (increases phishing risk) | Domain Length=47.0 (increases phishing risk) | Qty Tld Url=3.0 (increases phishing risk),,"{""google_available"": true, ""google_flagged"": false, ""google_safe_browsing"": {}, ""model_confidence"": 88.90510559082031, ""model_prediction"": ""Legitimate"", ""model_reasoning"": [{""feature"": ""Length Url"", ""impact"": ""increases phishing risk"", ""shap_value"": 1.3218657970428467, ""value"": 47.0}, {""feature"": ""Domain Length"", ""impact"": ""increases phishing risk"", ""shap_value"": 1.2934132814407349, ""value"": 47.0}, {""feature"": ""Qty Tld Url"", ""impact"": ""increases phishing risk"", ""shap_value"": 0.9112244844436646, ""value"": 3.0}], ""model_status"": 1, ""url"": ""http://diiwkgxnazmlzkxo-dot-millinium.ey.r.appspot.com""}"
